Date,Year_Month,Commodity,Unit,City,Price_PKR
2023-03-01,2023-03,Pulse Masoor (Washed),1 Kg,National Average,279.9
2023-03-01,2023-03,Pulse Masoor (Washed),1 Kg,Islamabad,299.81
2023-03-01,2023-03,Pulse Masoor (Washed),1 Kg,Rawalpindi,292.67
2023-03-01,2023-03,Pulse Masoor (Washed),1 Kg,Gujranwala,261.97
2023-03-01,2023-03,Pulse Masoor (Washed),1 Kg,Sialkot,251.97
2023-03-01,2023-03,Pulse Masoor (Washed),1 Kg,Lahore,259.0
2023-03-01,2023-03,Pulse Masoor (Washed),1 Kg,Faisalabad,283.76
2023-03-01,2023-03,Pulse Masoor (Washed),1 Kg,Sargodha,306.63
2023-03-01,2023-03,Pulse Masoor (Washed),1 Kg,Multan,272.15
2023-03-01,2023-03,Pulse Masoor (Washed),1 Kg,Bahawalpur,277.18
2023-03-01,2023-03,Pulse Masoor (Washed),1 Kg,Karachi,295.15
2023-03-01,2023-03,Pulse Masoor (Washed),1 Kg,Hyderabad,286.54
2023-03-01,2023-03,Pulse Masoor (Washed),1 Kg,Sukkur,271.82
2023-03-01,2023-03,Pulse Masoor (Washed),1 Kg,Larkana,275.83
2023-03-01,2023-03,Pulse Masoor (Washed),1 Kg,Peshawar,271.66
2023-03-01,2023-03,Pulse Masoor (Washed),1 Kg,Bannu,250.65
2023-03-01,2023-03,Pulse Masoor (Washed),1 Kg,Quetta,314.97
2023-03-01,2023-03,Pulse Masoor (Washed),1 Kg,Khuzdar,296.63
2023-03-01,2023-03,Pulse Moong (Washed),1 Kg,National Average,282.91
2023-03-01,2023-03,Pulse Moong (Washed),1 Kg,Islamabad,298.06
2023-03-01,2023-03,Pulse Moong (Washed),1 Kg,Rawalpindi,273.81
2023-03-01,2023-03,Pulse Moong (Washed),1 Kg,Gujranwala,267.82
2023-03-01,2023-03,Pulse Moong (Washed),1 Kg,Sialkot,253.88
2023-03-01,2023-03,Pulse Moong (Washed),1 Kg,Lahore,263.7
2023-03-01,2023-03,Pulse Moong (Washed),1 Kg,Faisalabad,252.96
2023-03-01,2023-03,Pulse Moong (Washed),1 Kg,Sargodha,296.63
2023-03-01,2023-03,Pulse Moong (Washed),1 Kg,Multan,279.96
2023-03-01,2023-03,Pulse Moong (Washed),1 Kg,Bahawalpur,273.17
2023-03-01,2023-03,Pulse Moong (Washed),1 Kg,Karachi,298.72
2023-03-01,2023-03,Pulse Moong (Washed),1 Kg,Hyderabad,284.87
2023-03-01,2023-03,Pulse Moong (Washed),1 Kg,Sukkur,315.96
2023-03-01,2023-03,Pulse Moong (Washed),1 Kg,Larkana,283.89
2023-03-01,2023-03,Pulse Moong (Washed),1 Kg,Peshawar,269.32
2023-03-01,2023-03,Pulse Moong (Washed),1 Kg,Bannu,258.52
2023-03-01,2023-03,Pulse Moong (Washed),1 Kg,Quetta,340.94
2023-03-01,2023-03,Pulse Moong (Washed),1 Kg,Khuzdar,313.19
2023-03-01,2023-03,Pulse Mash (Washed),1 Kg,National Average,419.23
2023-03-01,2023-03,Pulse Mash (Washed),1 Kg,Islamabad,455.66
2023-03-01,2023-03,Pulse Mash (Washed),1 Kg,Rawalpindi,446.63
2023-03-01,2023-03,Pulse Mash (Washed),1 Kg,Gujranwala,429.28
2023-03-01,2023-03,Pulse Mash (Washed),1 Kg,Sialkot,429.0
2023-03-01,2023-03,Pulse Mash (Washed),1 Kg,Lahore,422.35
2023-03-01,2023-03,Pulse Mash (Washed),1 Kg,Faisalabad,419.87
2023-03-01,2023-03,Pulse Mash (Washed),1 Kg,Sargodha,433.31
2023-03-01,2023-03,Pulse Mash (Washed),1 Kg,Multan,442.51
2023-03-01,2023-03,Pulse Mash (Washed),1 Kg,Bahawalpur,424.59
2023-03-01,2023-03,Pulse Mash (Washed),1 Kg,Karachi,439.6
2023-03-01,2023-03,Pulse Mash (Washed),1 Kg,Hyderabad,433.92
2023-03-01,2023-03,Pulse Mash (Washed),1 Kg,Sukkur,420.0
2023-03-01,2023-03,Pulse Mash (Washed),1 Kg,Larkana,372.36
2023-03-01,2023-03,Pulse Mash (Washed),1 Kg,Peshawar,435.96
2023-03-01,2023-03,Pulse Mash (Washed),1 Kg,Bannu,425.79
2023-03-01,2023-03,Pulse Mash (Washed),1 Kg,Quetta,454.98
2023-03-01,2023-03,Pulse Mash (Washed),1 Kg,Khuzdar,280.0
2023-03-01,2023-03,Pulse Gram,1 Kg,National Average,255.62
2023-03-01,2023-03,Pulse Gram,1 Kg,Islamabad,281.98
2023-03-01,2023-03,Pulse Gram,1 Kg,Rawalpindi,261.87
2023-03-01,2023-03,Pulse Gram,1 Kg,Gujranwala,223.95
2023-03-01,2023-03,Pulse Gram,1 Kg,Sialkot,223.95
2023-03-01,2023-03,Pulse Gram,1 Kg,Lahore,246.76
2023-03-01,2023-03,Pulse Gram,1 Kg,Faisalabad,243.95
2023-03-01,2023-03,Pulse Gram,1 Kg,Sargodha,240.0
2023-03-01,2023-03,Pulse Gram,1 Kg,Multan,263.48
2023-03-01,2023-03,Pulse Gram,1 Kg,Bahawalpur,258.43
2023-03-01,2023-03,Pulse Gram,1 Kg,Karachi,277.89
2023-03-01,2023-03,Pulse Gram,1 Kg,Hyderabad,251.33
2023-03-01,2023-03,Pulse Gram,1 Kg,Sukkur,260.0
2023-03-01,2023-03,Pulse Gram,1 Kg,Larkana,243.9
2023-03-01,2023-03,Pulse Gram,1 Kg,Peshawar,264.42
2023-03-01,2023-03,Pulse Gram,1 Kg,Bannu,236.62
2023-03-01,2023-03,Pulse Gram,1 Kg,Quetta,307.9
2023-03-01,2023-03,Pulse Gram,1 Kg,Khuzdar,273.29
2023-03-01,2023-03,Potatoes,1 Kg,National Average,52.48
2023-03-01,2023-03,Potatoes,1 Kg,Islamabad,74.82
2023-03-01,2023-03,Potatoes,1 Kg,Rawalpindi,63.77
2023-03-01,2023-03,Potatoes,1 Kg,Gujranwala,52.06
2023-03-01,2023-03,Potatoes,1 Kg,Sialkot,49.32
2023-03-01,2023-03,Potatoes,1 Kg,Lahore,57.05
2023-03-01,2023-03,Potatoes,1 Kg,Faisalabad,49.43
2023-03-01,2023-03,Potatoes,1 Kg,Sargodha,50.2
2023-03-01,2023-03,Potatoes,1 Kg,Multan,51.23
2023-03-01,2023-03,Potatoes,1 Kg,Bahawalpur,55.78
2023-03-01,2023-03,Potatoes,1 Kg,Karachi,48.43
2023-03-01,2023-03,Potatoes,1 Kg,Hyderabad,44.21
2023-03-01,2023-03,Potatoes,1 Kg,Sukkur,43.73
2023-03-01,2023-03,Potatoes,1 Kg,Larkana,42.74
2023-03-01,2023-03,Potatoes,1 Kg,Peshawar,65.31
2023-03-01,2023-03,Potatoes,1 Kg,Bannu,51.44
2023-03-01,2023-03,Potatoes,1 Kg,Quetta,50.24
2023-03-01,2023-03,Potatoes,1 Kg,Khuzdar,51.86
2023-03-01,2023-03,Onions,1 Kg,National Average,134.16
2023-03-01,2023-03,Onions,1 Kg,Islamabad,180.53
2023-03-01,2023-03,Onions,1 Kg,Rawalpindi,163.56
2023-03-01,2023-03,Onions,1 Kg,Gujranwala,134.29
2023-03-01,2023-03,Onions,1 Kg,Sialkot,137.41
2023-03-01,2023-03,Onions,1 Kg,Lahore,139.46
2023-03-01,2023-03,Onions,1 Kg,Faisalabad,124.54
2023-03-01,2023-03,Onions,1 Kg,Sargodha,121.66
2023-03-01,2023-03,Onions,1 Kg,Multan,131.36
2023-03-01,2023-03,Onions,1 Kg,Bahawalpur,134.02
2023-03-01,2023-03,Onions,1 Kg,Karachi,122.59
2023-03-01,2023-03,Onions,1 Kg,Hyderabad,117.02
2023-03-01,2023-03,Onions,1 Kg,Sukkur,102.87
2023-03-01,2023-03,Onions,1 Kg,Larkana,116.94
2023-03-01,2023-03,Onions,1 Kg,Peshawar,151.58
2023-03-01,2023-03,Onions,1 Kg,Bannu,138.18
2023-03-01,2023-03,Onions,1 Kg,Quetta,143.5
2023-03-01,2023-03,Onions,1 Kg,Khuzdar,140.57
2023-03-01,2023-03,Tomatoes,1 Kg,National Average,64.76
2023-03-01,2023-03,Tomatoes,1 Kg,Islamabad,99.42
2023-03-01,2023-03,Tomatoes,1 Kg,Rawalpindi,86.33
2023-03-01,2023-03,Tomatoes,1 Kg,Gujranwala,84.21
2023-03-01,2023-03,Tomatoes,1 Kg,Sialkot,74.17
2023-03-01,2023-03,Tomatoes,1 Kg,Lahore,76.13
2023-03-01,2023-03,Tomatoes,1 Kg,Faisalabad,74.47
2023-03-01,2023-03,Tomatoes,1 Kg,Sargodha,67.6
2023-03-01,2023-03,Tomatoes,1 Kg,Multan,65.91
2023-03-01,2023-03,Tomatoes,1 Kg,Bahawalpur,74.16
2023-03-01,2023-03,Tomatoes,1 Kg,Karachi,45.54
2023-03-01,2023-03,Tomatoes,1 Kg,Hyderabad,38.0
2023-03-01,2023-03,Tomatoes,1 Kg,Sukkur,52.1
2023-03-01,2023-03,Tomatoes,1 Kg,Larkana,48.05
2023-03-01,2023-03,Tomatoes,1 Kg,Peshawar,76.77
2023-03-01,2023-03,Tomatoes,1 Kg,Bannu,60.23
2023-03-01,2023-03,Tomatoes,1 Kg,Quetta,55.7
2023-03-01,2023-03,Tomatoes,1 Kg,Khuzdar,55.29
2023-04-01,2023-04,Pulse Masoor (Washed),1 Kg,National Average,279.43
2023-04-01,2023-04,Pulse Masoor (Washed),1 Kg,Islamabad,299.81
2023-04-01,2023-04,Pulse Masoor (Washed),1 Kg,Rawalpindi,292.67
2023-04-01,2023-04,Pulse Masoor (Washed),1 Kg,Gujranwala,262.46
2023-04-01,2023-04,Pulse Masoor (Washed),1 Kg,Sialkot,261.17
2023-04-01,2023-04,Pulse Masoor (Washed),1 Kg,Lahore,259.0
2023-04-01,2023-04,Pulse Masoor (Washed),1 Kg,Faisalabad,301.39
2023-04-01,2023-04,Pulse Masoor (Washed),1 Kg,Sargodha,313.3
2023-04-01,2023-04,Pulse Masoor (Washed),1 Kg,Multan,272.15
2023-04-01,2023-04,Pulse Masoor (Washed),1 Kg,Bahawalpur,270.0
2023-04-01,2023-04,Pulse Masoor (Washed),1 Kg,Karachi,293.61
2023-04-01,2023-04,Pulse Masoor (Washed),1 Kg,Hyderabad,281.56
2023-04-01,2023-04,Pulse Masoor (Washed),1 Kg,Sukkur,260.0
2023-04-01,2023-04,Pulse Masoor (Washed),1 Kg,Larkana,257.92
2023-04-01,2023-04,Pulse Masoor (Washed),1 Kg,Peshawar,275.8
2023-04-01,2023-04,Pulse Masoor (Washed),1 Kg,Bannu,250.0
2023-04-01,2023-04,Pulse Masoor (Washed),1 Kg,Quetta,314.97
2023-04-01,2023-04,Pulse Masoor (Washed),1 Kg,Khuzdar,296.63
2023-04-01,2023-04,Pulse Moong (Washed),1 Kg,National Average,280.94
2023-04-01,2023-04,Pulse Moong (Washed),1 Kg,Islamabad,298.06
2023-04-01,2023-04,Pulse Moong (Washed),1 Kg,Rawalpindi,273.81
2023-04-01,2023-04,Pulse Moong (Washed),1 Kg,Gujranwala,260.0
2023-04-01,2023-04,Pulse Moong (Washed),1 Kg,Sialkot,253.74
2023-04-01,2023-04,Pulse Moong (Washed),1 Kg,Lahore,263.7
2023-04-01,2023-04,Pulse Moong (Washed),1 Kg,Faisalabad,245.75
2023-04-01,2023-04,Pulse Moong (Washed),1 Kg,Sargodha,296.63
2023-04-01,2023-04,Pulse Moong (Washed),1 Kg,Multan,279.96
2023-04-01,2023-04,Pulse Moong (Washed),1 Kg,Bahawalpur,270.0
2023-04-01,2023-04,Pulse Moong (Washed),1 Kg,Karachi,299.11
2023-04-01,2023-04,Pulse Moong (Washed),1 Kg,Hyderabad,282.02
2023-04-01,2023-04,Pulse Moong (Washed),1 Kg,Sukkur,310.0
2023-04-01,2023-04,Pulse Moong (Washed),1 Kg,Larkana,286.51
2023-04-01,2023-04,Pulse Moong (Washed),1 Kg,Peshawar,266.62
2023-04-01,2023-04,Pulse Moong (Washed),1 Kg,Bannu,260.0
2023-04-01,2023-04,Pulse Moong (Washed),1 Kg,Quetta,332.45
2023-04-01,2023-04,Pulse Moong (Washed),1 Kg,Khuzdar,313.19
2023-04-01,2023-04,Pulse Mash (Washed),1 Kg,National Average,428.08
2023-04-01,2023-04,Pulse Mash (Washed),1 Kg,Islamabad,455.66
2023-04-01,2023-04,Pulse Mash (Washed),1 Kg,Rawalpindi,446.63
2023-04-01,2023-04,Pulse Mash (Washed),1 Kg,Gujranwala,444.97
2023-04-01,2023-04,Pulse Mash (Washed),1 Kg,Sialkot,442.42
2023-04-01,2023-04,Pulse Mash (Washed),1 Kg,Lahore,422.35
2023-04-01,2023-04,Pulse Mash (Washed),1 Kg,Faisalabad,446.47
2023-04-01,2023-04,Pulse Mash (Washed),1 Kg,Sargodha,444.12
2023-04-01,2023-04,Pulse Mash (Washed),1 Kg,Multan,455.89
2023-04-01,2023-04,Pulse Mash (Washed),1 Kg,Bahawalpur,440.0
2023-04-01,2023-04,Pulse Mash (Washed),1 Kg,Karachi,442.79
2023-04-01,2023-04,Pulse Mash (Washed),1 Kg,Hyderabad,438.3
2023-04-01,2023-04,Pulse Mash (Washed),1 Kg,Sukkur,420.0
2023-04-01,2023-04,Pulse Mash (Washed),1 Kg,Larkana,383.36
2023-04-01,2023-04,Pulse Mash (Washed),1 Kg,Peshawar,451.61
2023-04-01,2023-04,Pulse Mash (Washed),1 Kg,Bannu,450.0
2023-04-01,2023-04,Pulse Mash (Washed),1 Kg,Quetta,454.98
2023-04-01,2023-04,Pulse Mash (Washed),1 Kg,Khuzdar,280.0
2023-04-01,2023-04,Pulse Gram,1 Kg,National Average,247.06
2023-04-01,2023-04,Pulse Gram,1 Kg,Islamabad,274.97
2023-04-01,2023-04,Pulse Gram,1 Kg,Rawalpindi,257.4
2023-04-01,2023-04,Pulse Gram,1 Kg,Gujranwala,220.0
2023-04-01,2023-04,Pulse Gram,1 Kg,Sialkot,220.0
2023-04-01,2023-04,Pulse Gram,1 Kg,Lahore,236.58
2023-04-01,2023-04,Pulse Gram,1 Kg,Faisalabad,225.74
2023-04-01,2023-04,Pulse Gram,1 Kg,Sargodha,226.62
2023-04-01,2023-04,Pulse Gram,1 Kg,Multan,251.05
2023-04-01,2023-04,Pulse Gram,1 Kg,Bahawalpur,240.0
2023-04-01,2023-04,Pulse Gram,1 Kg,Karachi,264.66
2023-04-01,2023-04,Pulse Gram,1 Kg,Hyderabad,238.62
2023-04-01,2023-04,Pulse Gram,1 Kg,Sukkur,260.0
2023-04-01,2023-04,Pulse Gram,1 Kg,Larkana,240.0
2023-04-01,2023-04,Pulse Gram,1 Kg,Peshawar,263.58
2023-04-01,2023-04,Pulse Gram,1 Kg,Bannu,231.6
2023-04-01,2023-04,Pulse Gram,1 Kg,Quetta,289.93
2023-04-01,2023-04,Pulse Gram,1 Kg,Khuzdar,273.29
2023-04-01,2023-04,Potatoes,1 Kg,National Average,67.93
2023-04-01,2023-04,Potatoes,1 Kg,Islamabad,88.93
2023-04-01,2023-04,Potatoes,1 Kg,Rawalpindi,82.52
2023-04-01,2023-04,Potatoes,1 Kg,Gujranwala,70.54
2023-04-01,2023-04,Potatoes,1 Kg,Sialkot,62.35
2023-04-01,2023-04,Potatoes,1 Kg,Lahore,70.17
2023-04-01,2023-04,Potatoes,1 Kg,Faisalabad,65.53
2023-04-01,2023-04,Potatoes,1 Kg,Sargodha,66.27
2023-04-01,2023-04,Potatoes,1 Kg,Multan,69.3
2023-04-01,2023-04,Potatoes,1 Kg,Bahawalpur,71.21
2023-04-01,2023-04,Potatoes,1 Kg,Karachi,62.53
2023-04-01,2023-04,Potatoes,1 Kg,Hyderabad,58.13
2023-04-01,2023-04,Potatoes,1 Kg,Sukkur,60.0
2023-04-01,2023-04,Potatoes,1 Kg,Larkana,52.33
2023-04-01,2023-04,Potatoes,1 Kg,Peshawar,80.54
2023-04-01,2023-04,Potatoes,1 Kg,Bannu,71.08
2023-04-01,2023-04,Potatoes,1 Kg,Quetta,64.48
2023-04-01,2023-04,Potatoes,1 Kg,Khuzdar,68.22
2023-04-01,2023-04,Onions,1 Kg,National Average,82.94
2023-04-01,2023-04,Onions,1 Kg,Islamabad,116.48
2023-04-01,2023-04,Onions,1 Kg,Rawalpindi,111.29
2023-04-01,2023-04,Onions,1 Kg,Gujranwala,80.63
2023-04-01,2023-04,Onions,1 Kg,Sialkot,76.24
2023-04-01,2023-04,Onions,1 Kg,Lahore,81.37
2023-04-01,2023-04,Onions,1 Kg,Faisalabad,71.74
2023-04-01,2023-04,Onions,1 Kg,Sargodha,78.83
2023-04-01,2023-04,Onions,1 Kg,Multan,64.99
2023-04-01,2023-04,Onions,1 Kg,Bahawalpur,77.39
2023-04-01,2023-04,Onions,1 Kg,Karachi,85.77
2023-04-01,2023-04,Onions,1 Kg,Hyderabad,79.81
2023-04-01,2023-04,Onions,1 Kg,Sukkur,69.64
2023-04-01,2023-04,Onions,1 Kg,Larkana,63.15
2023-04-01,2023-04,Onions,1 Kg,Peshawar,97.74
2023-04-01,2023-04,Onions,1 Kg,Bannu,81.4
2023-04-01,2023-04,Onions,1 Kg,Quetta,92.83
2023-04-01,2023-04,Onions,1 Kg,Khuzdar,101.52
2023-04-01,2023-04,Tomatoes,1 Kg,National Average,55.84
2023-04-01,2023-04,Tomatoes,1 Kg,Islamabad,90.41
2023-04-01,2023-04,Tomatoes,1 Kg,Rawalpindi,87.46
2023-04-01,2023-04,Tomatoes,1 Kg,Gujranwala,77.03
2023-04-01,2023-04,Tomatoes,1 Kg,Sialkot,68.45
2023-04-01,2023-04,Tomatoes,1 Kg,Lahore,68.36
2023-04-01,2023-04,Tomatoes,1 Kg,Faisalabad,58.01
2023-04-01,2023-04,Tomatoes,1 Kg,Sargodha,57.97
2023-04-01,2023-04,Tomatoes,1 Kg,Multan,44.96
2023-04-01,2023-04,Tomatoes,1 Kg,Bahawalpur,45.15
2023-04-01,2023-04,Tomatoes,1 Kg,Karachi,58.02
2023-04-01,2023-04,Tomatoes,1 Kg,Hyderabad,47.68
2023-04-01,2023-04,Tomatoes,1 Kg,Sukkur,27.83
2023-04-01,2023-04,Tomatoes,1 Kg,Larkana,32.27
2023-04-01,2023-04,Tomatoes,1 Kg,Peshawar,72.72
2023-04-01,2023-04,Tomatoes,1 Kg,Bannu,58.56
2023-04-01,2023-04,Tomatoes,1 Kg,Quetta,52.15
2023-04-01,2023-04,Tomatoes,1 Kg,Khuzdar,46.42
2023-05-01,2023-05,Pulse Masoor (Washed),1 Kg,National Average,284.68
2023-05-01,2023-05,Pulse Masoor (Washed),1 Kg,Islamabad,299.81
2023-05-01,2023-05,Pulse Masoor (Washed),1 Kg,Rawalpindi,292.67
2023-05-01,2023-05,Pulse Masoor (Washed),1 Kg,Gujranwala,267.46
2023-05-01,2023-05,Pulse Masoor (Washed),1 Kg,Sialkot,263.74
2023-05-01,2023-05,Pulse Masoor (Washed),1 Kg,Lahore,268.79
2023-05-01,2023-05,Pulse Masoor (Washed),1 Kg,Faisalabad,301.39
2023-05-01,2023-05,Pulse Masoor (Washed),1 Kg,Sargodha,313.3
2023-05-01,2023-05,Pulse Masoor (Washed),1 Kg,Multan,285.44
2023-05-01,2023-05,Pulse Masoor (Washed),1 Kg,Bahawalpur,270.0
2023-05-01,2023-05,Pulse Masoor (Washed),1 Kg,Karachi,302.57
2023-05-01,2023-05,Pulse Masoor (Washed),1 Kg,Hyderabad,283.85
2023-05-01,2023-05,Pulse Masoor (Washed),1 Kg,Sukkur,260.0
2023-05-01,2023-05,Pulse Masoor (Washed),1 Kg,Larkana,266.21
2023-05-01,2023-05,Pulse Masoor (Washed),1 Kg,Peshawar,280.0
2023-05-01,2023-05,Pulse Masoor (Washed),1 Kg,Bannu,272.75
2023-05-01,2023-05,Pulse Masoor (Washed),1 Kg,Quetta,324.97
2023-05-01,2023-05,Pulse Masoor (Washed),1 Kg,Khuzdar,296.63
2023-05-01,2023-05,Pulse Moong (Washed),1 Kg,National Average,282.93
2023-05-01,2023-05,Pulse Moong (Washed),1 Kg,Islamabad,298.06
2023-05-01,2023-05,Pulse Moong (Washed),1 Kg,Rawalpindi,273.81
2023-05-01,2023-05,Pulse Moong (Washed),1 Kg,Gujranwala,257.46
2023-05-01,2023-05,Pulse Moong (Washed),1 Kg,Sialkot,257.46
2023-05-01,2023-05,Pulse Moong (Washed),1 Kg,Lahore,267.03
2023-05-01,2023-05,Pulse Moong (Washed),1 Kg,Faisalabad,259.81
2023-05-01,2023-05,Pulse Moong (Washed),1 Kg,Sargodha,296.63
2023-05-01,2023-05,Pulse Moong (Washed),1 Kg,Multan,275.16
2023-05-01,2023-05,Pulse Moong (Washed),1 Kg,Bahawalpur,270.0
2023-05-01,2023-05,Pulse Moong (Washed),1 Kg,Karachi,304.1
2023-05-01,2023-05,Pulse Moong (Washed),1 Kg,Hyderabad,286.92
2023-05-01,2023-05,Pulse Moong (Washed),1 Kg,Sukkur,310.0
2023-05-01,2023-05,Pulse Moong (Washed),1 Kg,Larkana,287.95
2023-05-01,2023-05,Pulse Moong (Washed),1 Kg,Peshawar,269.93
2023-05-01,2023-05,Pulse Moong (Washed),1 Kg,Bannu,255.72
2023-05-01,2023-05,Pulse Moong (Washed),1 Kg,Quetta,342.45
2023-05-01,2023-05,Pulse Moong (Washed),1 Kg,Khuzdar,313.19
2023-05-01,2023-05,Pulse Mash (Washed),1 Kg,National Average,443.43
2023-05-01,2023-05,Pulse Mash (Washed),1 Kg,Islamabad,465.58
2023-05-01,2023-05,Pulse Mash (Washed),1 Kg,Rawalpindi,451.25
2023-05-01,2023-05,Pulse Mash (Washed),1 Kg,Gujranwala,460.0
2023-05-01,2023-05,Pulse Mash (Washed),1 Kg,Sialkot,453.74
2023-05-01,2023-05,Pulse Mash (Washed),1 Kg,Lahore,443.59
2023-05-01,2023-05,Pulse Mash (Washed),1 Kg,Faisalabad,454.88
2023-05-01,2023-05,Pulse Mash (Washed),1 Kg,Sargodha,449.12
2023-05-01,2023-05,Pulse Mash (Washed),1 Kg,Multan,471.27
2023-05-01,2023-05,Pulse Mash (Washed),1 Kg,Bahawalpur,445.75
2023-05-01,2023-05,Pulse Mash (Washed),1 Kg,Karachi,453.46
2023-05-01,2023-05,Pulse Mash (Washed),1 Kg,Hyderabad,471.14
2023-05-01,2023-05,Pulse Mash (Washed),1 Kg,Sukkur,420.0
2023-05-01,2023-05,Pulse Mash (Washed),1 Kg,Larkana,464.76
2023-05-01,2023-05,Pulse Mash (Washed),1 Kg,Peshawar,460.51
2023-05-01,2023-05,Pulse Mash (Washed),1 Kg,Bannu,457.48
2023-05-01,2023-05,Pulse Mash (Washed),1 Kg,Quetta,482.46
2023-05-01,2023-05,Pulse Mash (Washed),1 Kg,Khuzdar,280.0
2023-05-01,2023-05,Pulse Gram,1 Kg,National Average,250.32
2023-05-01,2023-05,Pulse Gram,1 Kg,Islamabad,277.65
2023-05-01,2023-05,Pulse Gram,1 Kg,Rawalpindi,256.41
2023-05-01,2023-05,Pulse Gram,1 Kg,Gujranwala,230.74
2023-05-01,2023-05,Pulse Gram,1 Kg,Sialkot,234.97
2023-05-01,2023-05,Pulse Gram,1 Kg,Lahore,236.58
2023-05-01,2023-05,Pulse Gram,1 Kg,Faisalabad,233.29
2023-05-01,2023-05,Pulse Gram,1 Kg,Sargodha,239.15
2023-05-01,2023-05,Pulse Gram,1 Kg,Multan,251.32
2023-05-01,2023-05,Pulse Gram,1 Kg,Bahawalpur,251.64
2023-05-01,2023-05,Pulse Gram,1 Kg,Karachi,265.81
2023-05-01,2023-05,Pulse Gram,1 Kg,Hyderabad,242.04
2023-05-01,2023-05,Pulse Gram,1 Kg,Sukkur,260.0
2023-05-01,2023-05,Pulse Gram,1 Kg,Larkana,240.0
2023-05-01,2023-05,Pulse Gram,1 Kg,Peshawar,262.75
2023-05-01,2023-05,Pulse Gram,1 Kg,Bannu,224.94
2023-05-01,2023-05,Pulse Gram,1 Kg,Quetta,284.7
2023-05-01,2023-05,Pulse Gram,1 Kg,Khuzdar,273.29
2023-05-01,2023-05,Potatoes,1 Kg,National Average,79.51
2023-05-01,2023-05,Potatoes,1 Kg,Islamabad,105.67
2023-05-01,2023-05,Potatoes,1 Kg,Rawalpindi,96.85
2023-05-01,2023-05,Potatoes,1 Kg,Gujranwala,86.18
2023-05-01,2023-05,Potatoes,1 Kg,Sialkot,69.76
2023-05-01,2023-05,Potatoes,1 Kg,Lahore,79.8
2023-05-01,2023-05,Potatoes,1 Kg,Faisalabad,73.91
2023-05-01,2023-05,Potatoes,1 Kg,Sargodha,74.84
2023-05-01,2023-05,Potatoes,1 Kg,Multan,82.01
2023-05-01,2023-05,Potatoes,1 Kg,Bahawalpur,84.85
2023-05-01,2023-05,Potatoes,1 Kg,Karachi,71.57
2023-05-01,2023-05,Potatoes,1 Kg,Hyderabad,70.54
2023-05-01,2023-05,Potatoes,1 Kg,Sukkur,70.0
2023-05-01,2023-05,Potatoes,1 Kg,Larkana,64.8
2023-05-01,2023-05,Potatoes,1 Kg,Peshawar,89.07
2023-05-01,2023-05,Potatoes,1 Kg,Bannu,87.8
2023-05-01,2023-05,Potatoes,1 Kg,Quetta,74.89
2023-05-01,2023-05,Potatoes,1 Kg,Khuzdar,80.0
2023-05-01,2023-05,Onions,1 Kg,National Average,56.33
2023-05-01,2023-05,Onions,1 Kg,Islamabad,82.75
2023-05-01,2023-05,Onions,1 Kg,Rawalpindi,74.75
2023-05-01,2023-05,Onions,1 Kg,Gujranwala,56.19
2023-05-01,2023-05,Onions,1 Kg,Sialkot,57.19
2023-05-01,2023-05,Onions,1 Kg,Lahore,57.29
2023-05-01,2023-05,Onions,1 Kg,Faisalabad,47.85
2023-05-01,2023-05,Onions,1 Kg,Sargodha,48.75
2023-05-01,2023-05,Onions,1 Kg,Multan,51.77
2023-05-01,2023-05,Onions,1 Kg,Bahawalpur,54.77
2023-05-01,2023-05,Onions,1 Kg,Karachi,54.21
2023-05-01,2023-05,Onions,1 Kg,Hyderabad,51.15
2023-05-01,2023-05,Onions,1 Kg,Sukkur,52.33
2023-05-01,2023-05,Onions,1 Kg,Larkana,45.41
2023-05-01,2023-05,Onions,1 Kg,Peshawar,69.05
2023-05-01,2023-05,Onions,1 Kg,Bannu,48.91
2023-05-01,2023-05,Onions,1 Kg,Quetta,59.65
2023-05-01,2023-05,Onions,1 Kg,Khuzdar,57.93
2023-05-01,2023-05,Tomatoes,1 Kg,National Average,42.26
2023-05-01,2023-05,Tomatoes,1 Kg,Islamabad,74.19
2023-05-01,2023-05,Tomatoes,1 Kg,Rawalpindi,69.19
2023-05-01,2023-05,Tomatoes,1 Kg,Gujranwala,48.75
2023-05-01,2023-05,Tomatoes,1 Kg,Sialkot,38.84
2023-05-01,2023-05,Tomatoes,1 Kg,Lahore,40.58
2023-05-01,2023-05,Tomatoes,1 Kg,Faisalabad,40.32
2023-05-01,2023-05,Tomatoes,1 Kg,Sargodha,40.0
2023-05-01,2023-05,Tomatoes,1 Kg,Multan,28.76
2023-05-01,2023-05,Tomatoes,1 Kg,Bahawalpur,32.24
2023-05-01,2023-05,Tomatoes,1 Kg,Karachi,54.41
2023-05-01,2023-05,Tomatoes,1 Kg,Hyderabad,49.03
2023-05-01,2023-05,Tomatoes,1 Kg,Sukkur,23.78
2023-05-01,2023-05,Tomatoes,1 Kg,Larkana,22.21
2023-05-01,2023-05,Tomatoes,1 Kg,Peshawar,57.1
2023-05-01,2023-05,Tomatoes,1 Kg,Bannu,41.2
2023-05-01,2023-05,Tomatoes,1 Kg,Quetta,47.13
2023-05-01,2023-05,Tomatoes,1 Kg,Khuzdar,47.52
2023-06-01,2023-06,Pulse Masoor (Washed),1 Kg,National Average,277.38
2023-06-01,2023-06,Pulse Masoor (Washed),1 Kg,Islamabad,299.81
2023-06-01,2023-06,Pulse Masoor (Washed),1 Kg,Rawalpindi,288.35
2023-06-01,2023-06,Pulse Masoor (Washed),1 Kg,Gujranwala,260.0
2023-06-01,2023-06,Pulse Masoor (Washed),1 Kg,Sialkot,250.0
2023-06-01,2023-06,Pulse Masoor (Washed),1 Kg,Lahore,278.96
2023-06-01,2023-06,Pulse Masoor (Washed),1 Kg,Faisalabad,276.32
2023-06-01,2023-06,Pulse Masoor (Washed),1 Kg,Sargodha,303.22
2023-06-01,2023-06,Pulse Masoor (Washed),1 Kg,Multan,275.38
2023-06-01,2023-06,Pulse Masoor (Washed),1 Kg,Bahawalpur,254.95
2023-06-01,2023-06,Pulse Masoor (Washed),1 Kg,Karachi,290.89
2023-06-01,2023-06,Pulse Masoor (Washed),1 Kg,Hyderabad,272.48
2023-06-01,2023-06,Pulse Masoor (Washed),1 Kg,Sukkur,262.46
2023-06-01,2023-06,Pulse Masoor (Washed),1 Kg,Larkana,267.79
2023-06-01,2023-06,Pulse Masoor (Washed),1 Kg,Peshawar,268.74
2023-06-01,2023-06,Pulse Masoor (Washed),1 Kg,Bannu,277.47
2023-06-01,2023-06,Pulse Masoor (Washed),1 Kg,Quetta,299.76
2023-06-01,2023-06,Pulse Masoor (Washed),1 Kg,Khuzdar,296.63
2023-06-01,2023-06,Pulse Moong (Washed),1 Kg,National Average,269.75
2023-06-01,2023-06,Pulse Moong (Washed),1 Kg,Islamabad,287.02
2023-06-01,2023-06,Pulse Moong (Washed),1 Kg,Rawalpindi,270.48
2023-06-01,2023-06,Pulse Moong (Washed),1 Kg,Gujranwala,238.81
2023-06-01,2023-06,Pulse Moong (Washed),1 Kg,Sialkot,229.92
2023-06-01,2023-06,Pulse Moong (Washed),1 Kg,Lahore,270.4
2023-06-01,2023-06,Pulse Moong (Washed),1 Kg,Faisalabad,256.3
2023-06-01,2023-06,Pulse Moong (Washed),1 Kg,Sargodha,280.0
2023-06-01,2023-06,Pulse Moong (Washed),1 Kg,Multan,257.94
2023-06-01,2023-06,Pulse Moong (Washed),1 Kg,Bahawalpur,254.95
2023-06-01,2023-06,Pulse Moong (Washed),1 Kg,Karachi,287.34
2023-06-01,2023-06,Pulse Moong (Washed),1 Kg,Hyderabad,267.77
2023-06-01,2023-06,Pulse Moong (Washed),1 Kg,Sukkur,310.0
2023-06-01,2023-06,Pulse Moong (Washed),1 Kg,Larkana,284.76
2023-06-01,2023-06,Pulse Moong (Washed),1 Kg,Peshawar,252.87
2023-06-01,2023-06,Pulse Moong (Washed),1 Kg,Bannu,235.64
2023-06-01,2023-06,Pulse Moong (Washed),1 Kg,Quetta,307.44
2023-06-01,2023-06,Pulse Moong (Washed),1 Kg,Khuzdar,313.19
2023-06-01,2023-06,Pulse Mash (Washed),1 Kg,National Average,453.95
2023-06-01,2023-06,Pulse Mash (Washed),1 Kg,Islamabad,478.92
2023-06-01,2023-06,Pulse Mash (Washed),1 Kg,Rawalpindi,459.93
2023-06-01,2023-06,Pulse Mash (Washed),1 Kg,Gujranwala,462.48
2023-06-01,2023-06,Pulse Mash (Washed),1 Kg,Sialkot,466.15
2023-06-01,2023-06,Pulse Mash (Washed),1 Kg,Lahore,460.36
2023-06-01,2023-06,Pulse Mash (Washed),1 Kg,Faisalabad,446.57
2023-06-01,2023-06,Pulse Mash (Washed),1 Kg,Sargodha,464.07
2023-06-01,2023-06,Pulse Mash (Washed),1 Kg,Multan,482.18
2023-06-01,2023-06,Pulse Mash (Washed),1 Kg,Bahawalpur,460.0
2023-06-01,2023-06,Pulse Mash (Washed),1 Kg,Karachi,463.19
2023-06-01,2023-06,Pulse Mash (Washed),1 Kg,Hyderabad,471.56
2023-06-01,2023-06,Pulse Mash (Washed),1 Kg,Sukkur,439.55
2023-06-01,2023-06,Pulse Mash (Washed),1 Kg,Larkana,480.0
2023-06-01,2023-06,Pulse Mash (Washed),1 Kg,Peshawar,462.2
2023-06-01,2023-06,Pulse Mash (Washed),1 Kg,Bannu,480.67
2023-06-01,2023-06,Pulse Mash (Washed),1 Kg,Quetta,494.98
2023-06-01,2023-06,Pulse Mash (Washed),1 Kg,Khuzdar,289.83
2023-06-01,2023-06,Pulse Gram,1 Kg,National Average,243.96
2023-06-01,2023-06,Pulse Gram,1 Kg,Islamabad,268.79
2023-06-01,2023-06,Pulse Gram,1 Kg,Rawalpindi,257.87
2023-06-01,2023-06,Pulse Gram,1 Kg,Gujranwala,221.63
2023-06-01,2023-06,Pulse Gram,1 Kg,Sialkot,216.24
2023-06-01,2023-06,Pulse Gram,1 Kg,Lahore,229.4
2023-06-01,2023-06,Pulse Gram,1 Kg,Faisalabad,231.49
2023-06-01,2023-06,Pulse Gram,1 Kg,Sargodha,240.0
2023-06-01,2023-06,Pulse Gram,1 Kg,Multan,245.51
2023-06-01,2023-06,Pulse Gram,1 Kg,Bahawalpur,243.18
2023-06-01,2023-06,Pulse Gram,1 Kg,Karachi,256.24
2023-06-01,2023-06,Pulse Gram,1 Kg,Hyderabad,235.98
2023-06-01,2023-06,Pulse Gram,1 Kg,Sukkur,260.0
2023-06-01,2023-06,Pulse Gram,1 Kg,Larkana,240.0
2023-06-01,2023-06,Pulse Gram,1 Kg,Peshawar,242.71
2023-06-01,2023-06,Pulse Gram,1 Kg,Bannu,220.82
2023-06-01,2023-06,Pulse Gram,1 Kg,Quetta,274.97
2023-06-01,2023-06,Pulse Gram,1 Kg,Khuzdar,273.29
2023-06-01,2023-06,Potatoes,1 Kg,National Average,84.52
2023-06-01,2023-06,Potatoes,1 Kg,Islamabad,110.88
2023-06-01,2023-06,Potatoes,1 Kg,Rawalpindi,100.17
2023-06-01,2023-06,Potatoes,1 Kg,Gujranwala,86.18
2023-06-01,2023-06,Potatoes,1 Kg,Sialkot,77.96
2023-06-01,2023-06,Potatoes,1 Kg,Lahore,85.59
2023-06-01,2023-06,Potatoes,1 Kg,Faisalabad,78.72
2023-06-01,2023-06,Potatoes,1 Kg,Sargodha,86.79
2023-06-01,2023-06,Potatoes,1 Kg,Multan,84.07
2023-06-01,2023-06,Potatoes,1 Kg,Bahawalpur,110.02
2023-06-01,2023-06,Potatoes,1 Kg,Karachi,74.79
2023-06-01,2023-06,Potatoes,1 Kg,Hyderabad,72.95
2023-06-01,2023-06,Potatoes,1 Kg,Sukkur,74.83
2023-06-01,2023-06,Potatoes,1 Kg,Larkana,64.8
2023-06-01,2023-06,Potatoes,1 Kg,Peshawar,92.21
2023-06-01,2023-06,Potatoes,1 Kg,Bannu,97.16
2023-06-01,2023-06,Potatoes,1 Kg,Quetta,74.89
2023-06-01,2023-06,Potatoes,1 Kg,Khuzdar,80.0
2023-06-01,2023-06,Onions,1 Kg,National Average,60.67
2023-06-01,2023-06,Onions,1 Kg,Islamabad,75.81
2023-06-01,2023-06,Onions,1 Kg,Rawalpindi,70.33
2023-06-01,2023-06,Onions,1 Kg,Gujranwala,68.87
2023-06-01,2023-06,Onions,1 Kg,Sialkot,65.0
2023-06-01,2023-06,Onions,1 Kg,Lahore,73.58
2023-06-01,2023-06,Onions,1 Kg,Faisalabad,57.56
2023-06-01,2023-06,Onions,1 Kg,Sargodha,59.58
2023-06-01,2023-06,Onions,1 Kg,Multan,63.92
2023-06-01,2023-06,Onions,1 Kg,Bahawalpur,59.96
2023-06-01,2023-06,Onions,1 Kg,Karachi,59.78
2023-06-01,2023-06,Onions,1 Kg,Hyderabad,61.26
2023-06-01,2023-06,Onions,1 Kg,Sukkur,57.33
2023-06-01,2023-06,Onions,1 Kg,Larkana,50.59
2023-06-01,2023-06,Onions,1 Kg,Peshawar,57.55
2023-06-01,2023-06,Onions,1 Kg,Bannu,53.76
2023-06-01,2023-06,Onions,1 Kg,Quetta,54.85
2023-06-01,2023-06,Onions,1 Kg,Khuzdar,49.08
2023-06-01,2023-06,Tomatoes,1 Kg,National Average,51.94
2023-06-01,2023-06,Tomatoes,1 Kg,Islamabad,69.64
2023-06-01,2023-06,Tomatoes,1 Kg,Rawalpindi,60.55
2023-06-01,2023-06,Tomatoes,1 Kg,Gujranwala,51.02
2023-06-01,2023-06,Tomatoes,1 Kg,Sialkot,45.45
2023-06-01,2023-06,Tomatoes,1 Kg,Lahore,46.09
2023-06-01,2023-06,Tomatoes,1 Kg,Faisalabad,47.88
2023-06-01,2023-06,Tomatoes,1 Kg,Sargodha,48.4
2023-06-01,2023-06,Tomatoes,1 Kg,Multan,56.38
2023-06-01,2023-06,Tomatoes,1 Kg,Bahawalpur,49.64
2023-06-01,2023-06,Tomatoes,1 Kg,Karachi,69.87
2023-06-01,2023-06,Tomatoes,1 Kg,Hyderabad,66.0
2023-06-01,2023-06,Tomatoes,1 Kg,Sukkur,51.8
2023-06-01,2023-06,Tomatoes,1 Kg,Larkana,56.5
2023-06-01,2023-06,Tomatoes,1 Kg,Peshawar,38.36
2023-06-01,2023-06,Tomatoes,1 Kg,Bannu,37.02
2023-06-01,2023-06,Tomatoes,1 Kg,Quetta,54.38
2023-06-01,2023-06,Tomatoes,1 Kg,Khuzdar,47.88
2023-07-01,2023-07,Pulse Masoor (Washed),1 Kg,National Average,274.8
2023-07-01,2023-07,Pulse Masoor (Washed),1 Kg,Islamabad,299.81
2023-07-01,2023-07,Pulse Masoor (Washed),1 Kg,Rawalpindi,286.92
2023-07-01,2023-07,Pulse Masoor (Washed),1 Kg,Gujranwala,260.0
2023-07-01,2023-07,Pulse Masoor (Washed),1 Kg,Sialkot,250.0
2023-07-01,2023-07,Pulse Masoor (Washed),1 Kg,Lahore,278.96
2023-07-01,2023-07,Pulse Masoor (Washed),1 Kg,Faisalabad,276.32
2023-07-01,2023-07,Pulse Masoor (Washed),1 Kg,Sargodha,294.96
2023-07-01,2023-07,Pulse Masoor (Washed),1 Kg,Multan,266.54
2023-07-01,2023-07,Pulse Masoor (Washed),1 Kg,Bahawalpur,256.62
2023-07-01,2023-07,Pulse Masoor (Washed),1 Kg,Karachi,278.37
2023-07-01,2023-07,Pulse Masoor (Washed),1 Kg,Hyderabad,269.64
2023-07-01,2023-07,Pulse Masoor (Washed),1 Kg,Sukkur,270.0
2023-07-01,2023-07,Pulse Masoor (Washed),1 Kg,Larkana,283.24
2023-07-01,2023-07,Pulse Masoor (Washed),1 Kg,Peshawar,267.75
2023-07-01,2023-07,Pulse Masoor (Washed),1 Kg,Bannu,266.59
2023-07-01,2023-07,Pulse Masoor (Washed),1 Kg,Quetta,274.97
2023-07-01,2023-07,Pulse Masoor (Washed),1 Kg,Khuzdar,296.63
2023-07-01,2023-07,Pulse Moong (Washed),1 Kg,National Average,263.26
2023-07-01,2023-07,Pulse Moong (Washed),1 Kg,Islamabad,283.55
2023-07-01,2023-07,Pulse Moong (Washed),1 Kg,Rawalpindi,267.2
2023-07-01,2023-07,Pulse Moong (Washed),1 Kg,Gujranwala,244.95
2023-07-01,2023-07,Pulse Moong (Washed),1 Kg,Sialkot,217.49
2023-07-01,2023-07,Pulse Moong (Washed),1 Kg,Lahore,270.4
2023-07-01,2023-07,Pulse Moong (Washed),1 Kg,Faisalabad,243.29
2023-07-01,2023-07,Pulse Moong (Washed),1 Kg,Sargodha,280.0
2023-07-01,2023-07,Pulse Moong (Washed),1 Kg,Multan,237.67
2023-07-01,2023-07,Pulse Moong (Washed),1 Kg,Bahawalpur,243.18
2023-07-01,2023-07,Pulse Moong (Washed),1 Kg,Karachi,266.43
2023-07-01,2023-07,Pulse Moong (Washed),1 Kg,Hyderabad,266.31
2023-07-01,2023-07,Pulse Moong (Washed),1 Kg,Sukkur,294.88
2023-07-01,2023-07,Pulse Moong (Washed),1 Kg,Larkana,299.33
2023-07-01,2023-07,Pulse Moong (Washed),1 Kg,Peshawar,239.08
2023-07-01,2023-07,Pulse Moong (Washed),1 Kg,Bannu,235.74
2023-07-01,2023-07,Pulse Moong (Washed),1 Kg,Quetta,294.97
2023-07-01,2023-07,Pulse Moong (Washed),1 Kg,Khuzdar,313.19
2023-07-01,2023-07,Pulse Mash (Washed),1 Kg,National Average,468.25
2023-07-01,2023-07,Pulse Mash (Washed),1 Kg,Islamabad,483.03
2023-07-01,2023-07,Pulse Mash (Washed),1 Kg,Rawalpindi,459.93
2023-07-01,2023-07,Pulse Mash (Washed),1 Kg,Gujranwala,481.65
2023-07-01,2023-07,Pulse Mash (Washed),1 Kg,Sialkot,484.97
2023-07-01,2023-07,Pulse Mash (Washed),1 Kg,Lahore,489.9
2023-07-01,2023-07,Pulse Mash (Washed),1 Kg,Faisalabad,486.58
2023-07-01,2023-07,Pulse Mash (Washed),1 Kg,Sargodha,494.12
2023-07-01,2023-07,Pulse Mash (Washed),1 Kg,Multan,481.02
2023-07-01,2023-07,Pulse Mash (Washed),1 Kg,Bahawalpur,464.92
2023-07-01,2023-07,Pulse Mash (Washed),1 Kg,Karachi,475.85
2023-07-01,2023-07,Pulse Mash (Washed),1 Kg,Hyderabad,471.98
2023-07-01,2023-07,Pulse Mash (Washed),1 Kg,Sukkur,460.0
2023-07-01,2023-07,Pulse Mash (Washed),1 Kg,Larkana,480.0
2023-07-01,2023-07,Pulse Mash (Washed),1 Kg,Peshawar,480.0
2023-07-01,2023-07,Pulse Mash (Washed),1 Kg,Bannu,500.0
2023-07-01,2023-07,Pulse Mash (Washed),1 Kg,Quetta,512.46
2023-07-01,2023-07,Pulse Mash (Washed),1 Kg,Khuzdar,300.0
2023-07-01,2023-07,Pulse Gram,1 Kg,National Average,240.48
2023-07-01,2023-07,Pulse Gram,1 Kg,Islamabad,268.81
2023-07-01,2023-07,Pulse Gram,1 Kg,Rawalpindi,257.87
2023-07-01,2023-07,Pulse Gram,1 Kg,Gujranwala,220.0
2023-07-01,2023-07,Pulse Gram,1 Kg,Sialkot,213.74
2023-07-01,2023-07,Pulse Gram,1 Kg,Lahore,217.93
2023-07-01,2023-07,Pulse Gram,1 Kg,Faisalabad,224.87
2023-07-01,2023-07,Pulse Gram,1 Kg,Sargodha,238.3
2023-07-01,2023-07,Pulse Gram,1 Kg,Multan,238.24
2023-07-01,2023-07,Pulse Gram,1 Kg,Bahawalpur,226.47
2023-07-01,2023-07,Pulse Gram,1 Kg,Karachi,247.34
2023-07-01,2023-07,Pulse Gram,1 Kg,Hyderabad,245.26
2023-07-01,2023-07,Pulse Gram,1 Kg,Sukkur,260.0
2023-07-01,2023-07,Pulse Gram,1 Kg,Larkana,244.95
2023-07-01,2023-07,Pulse Gram,1 Kg,Peshawar,240.82
2023-07-01,2023-07,Pulse Gram,1 Kg,Bannu,217.45
2023-07-01,2023-07,Pulse Gram,1 Kg,Quetta,264.97
2023-07-01,2023-07,Pulse Gram,1 Kg,Khuzdar,273.29
2023-07-01,2023-07,Potatoes,1 Kg,National Average,91.91
2023-07-01,2023-07,Potatoes,1 Kg,Islamabad,120.22
2023-07-01,2023-07,Potatoes,1 Kg,Rawalpindi,107.99
2023-07-01,2023-07,Potatoes,1 Kg,Gujranwala,90.79
2023-07-01,2023-07,Potatoes,1 Kg,Sialkot,93.22
2023-07-01,2023-07,Potatoes,1 Kg,Lahore,97.03
2023-07-01,2023-07,Potatoes,1 Kg,Faisalabad,87.88
2023-07-01,2023-07,Potatoes,1 Kg,Sargodha,80.0
2023-07-01,2023-07,Potatoes,1 Kg,Multan,98.84
2023-07-01,2023-07,Potatoes,1 Kg,Bahawalpur,100.0
2023-07-01,2023-07,Potatoes,1 Kg,Karachi,78.34
2023-07-01,2023-07,Potatoes,1 Kg,Hyderabad,79.27
2023-07-01,2023-07,Potatoes,1 Kg,Sukkur,80.0
2023-07-01,2023-07,Potatoes,1 Kg,Larkana,73.19
2023-07-01,2023-07,Potatoes,1 Kg,Peshawar,100.95
2023-07-01,2023-07,Potatoes,1 Kg,Bannu,103.32
2023-07-01,2023-07,Potatoes,1 Kg,Quetta,84.9
2023-07-01,2023-07,Potatoes,1 Kg,Khuzdar,100.0
2023-07-01,2023-07,Onions,1 Kg,National Average,58.97
2023-07-01,2023-07,Onions,1 Kg,Islamabad,76.18
2023-07-01,2023-07,Onions,1 Kg,Rawalpindi,74.48
2023-07-01,2023-07,Onions,1 Kg,Gujranwala,61.13
2023-07-01,2023-07,Onions,1 Kg,Sialkot,64.81
2023-07-01,2023-07,Onions,1 Kg,Lahore,64.25
2023-07-01,2023-07,Onions,1 Kg,Faisalabad,54.64
2023-07-01,2023-07,Onions,1 Kg,Sargodha,54.77
2023-07-01,2023-07,Onions,1 Kg,Multan,59.69
2023-07-01,2023-07,Onions,1 Kg,Bahawalpur,61.56
2023-07-01,2023-07,Onions,1 Kg,Karachi,59.33
2023-07-01,2023-07,Onions,1 Kg,Hyderabad,60.02
2023-07-01,2023-07,Onions,1 Kg,Sukkur,50.0
2023-07-01,2023-07,Onions,1 Kg,Larkana,52.65
2023-07-01,2023-07,Onions,1 Kg,Peshawar,59.05
2023-07-01,2023-07,Onions,1 Kg,Bannu,57.93
2023-07-01,2023-07,Onions,1 Kg,Quetta,49.58
2023-07-01,2023-07,Onions,1 Kg,Khuzdar,50.0
2023-07-01,2023-07,Tomatoes,1 Kg,National Average,90.53
2023-07-01,2023-07,Tomatoes,1 Kg,Islamabad,128.31
2023-07-01,2023-07,Tomatoes,1 Kg,Rawalpindi,114.92
2023-07-01,2023-07,Tomatoes,1 Kg,Gujranwala,105.55
2023-07-01,2023-07,Tomatoes,1 Kg,Sialkot,104.39
2023-07-01,2023-07,Tomatoes,1 Kg,Lahore,107.66
2023-07-01,2023-07,Tomatoes,1 Kg,Faisalabad,92.96
2023-07-01,2023-07,Tomatoes,1 Kg,Sargodha,92.94
2023-07-01,2023-07,Tomatoes,1 Kg,Multan,98.45
2023-07-01,2023-07,Tomatoes,1 Kg,Bahawalpur,98.98
2023-07-01,2023-07,Tomatoes,1 Kg,Karachi,90.86
2023-07-01,2023-07,Tomatoes,1 Kg,Hyderabad,86.9
2023-07-01,2023-07,Tomatoes,1 Kg,Sukkur,78.72
2023-07-01,2023-07,Tomatoes,1 Kg,Larkana,86.45
2023-07-01,2023-07,Tomatoes,1 Kg,Peshawar,85.59
2023-07-01,2023-07,Tomatoes,1 Kg,Bannu,83.45
2023-07-01,2023-07,Tomatoes,1 Kg,Quetta,54.85
2023-07-01,2023-07,Tomatoes,1 Kg,Khuzdar,59.44
2023-08-01,2023-08,Pulse Masoor (Washed),1 Kg,National Average,285.75
2023-08-01,2023-08,Pulse Masoor (Washed),1 Kg,Islamabad,305.02
2023-08-01,2023-08,Pulse Masoor (Washed),1 Kg,Rawalpindi,291.57
2023-08-01,2023-08,Pulse Masoor (Washed),1 Kg,Gujranwala,273.6
2023-08-01,2023-08,Pulse Masoor (Washed),1 Kg,Sialkot,266.45
2023-08-01,2023-08,Pulse Masoor (Washed),1 Kg,Lahore,287.24
2023-08-01,2023-08,Pulse Masoor (Washed),1 Kg,Faisalabad,306.52
2023-08-01,2023-08,Pulse Masoor (Washed),1 Kg,Sargodha,297.95
2023-08-01,2023-08,Pulse Masoor (Washed),1 Kg,Multan,280.25
2023-08-01,2023-08,Pulse Masoor (Washed),1 Kg,Bahawalpur,277.11
2023-08-01,2023-08,Pulse Masoor (Washed),1 Kg,Karachi,284.28
2023-08-01,2023-08,Pulse Masoor (Washed),1 Kg,Hyderabad,289.65
2023-08-01,2023-08,Pulse Masoor (Washed),1 Kg,Sukkur,270.0
2023-08-01,2023-08,Pulse Masoor (Washed),1 Kg,Larkana,296.03
2023-08-01,2023-08,Pulse Masoor (Washed),1 Kg,Peshawar,272.16
2023-08-01,2023-08,Pulse Masoor (Washed),1 Kg,Bannu,273.93
2023-08-01,2023-08,Pulse Masoor (Washed),1 Kg,Quetta,293.78
2023-08-01,2023-08,Pulse Masoor (Washed),1 Kg,Khuzdar,296.63
2023-08-01,2023-08,Pulse Moong (Washed),1 Kg,National Average,269.94
2023-08-01,2023-08,Pulse Moong (Washed),1 Kg,Islamabad,290.57
2023-08-01,2023-08,Pulse Moong (Washed),1 Kg,Rawalpindi,270.4
2023-08-01,2023-08,Pulse Moong (Washed),1 Kg,Gujranwala,253.95
2023-08-01,2023-08,Pulse Moong (Washed),1 Kg,Sialkot,223.88
2023-08-01,2023-08,Pulse Moong (Washed),1 Kg,Lahore,270.4
2023-08-01,2023-08,Pulse Moong (Washed),1 Kg,Faisalabad,256.5
2023-08-01,2023-08,Pulse Moong (Washed),1 Kg,Sargodha,280.0
2023-08-01,2023-08,Pulse Moong (Washed),1 Kg,Multan,247.62
2023-08-01,2023-08,Pulse Moong (Washed),1 Kg,Bahawalpur,255.87
2023-08-01,2023-08,Pulse Moong (Washed),1 Kg,Karachi,276.86
2023-08-01,2023-08,Pulse Moong (Washed),1 Kg,Hyderabad,284.96
2023-08-01,2023-08,Pulse Moong (Washed),1 Kg,Sukkur,290.0
2023-08-01,2023-08,Pulse Moong (Washed),1 Kg,Larkana,298.27
2023-08-01,2023-08,Pulse Moong (Washed),1 Kg,Peshawar,247.66
2023-08-01,2023-08,Pulse Moong (Washed),1 Kg,Bannu,241.14
2023-08-01,2023-08,Pulse Moong (Washed),1 Kg,Quetta,305.89
2023-08-01,2023-08,Pulse Moong (Washed),1 Kg,Khuzdar,313.19
2023-08-01,2023-08,Pulse Mash (Washed),1 Kg,National Average,499.57
2023-08-01,2023-08,Pulse Mash (Washed),1 Kg,Islamabad,536.15
2023-08-01,2023-08,Pulse Mash (Washed),1 Kg,Rawalpindi,511.01
2023-08-01,2023-08,Pulse Mash (Washed),1 Kg,Gujranwala,520.94
2023-08-01,2023-08,Pulse Mash (Washed),1 Kg,Sialkot,515.78
2023-08-01,2023-08,Pulse Mash (Washed),1 Kg,Lahore,516.39
2023-08-01,2023-08,Pulse Mash (Washed),1 Kg,Faisalabad,506.58
2023-08-01,2023-08,Pulse Mash (Washed),1 Kg,Sargodha,525.22
2023-08-01,2023-08,Pulse Mash (Washed),1 Kg,Multan,525.92
2023-08-01,2023-08,Pulse Mash (Washed),1 Kg,Bahawalpur,496.96
2023-08-01,2023-08,Pulse Mash (Washed),1 Kg,Karachi,507.02
2023-08-01,2023-08,Pulse Mash (Washed),1 Kg,Hyderabad,493.21
2023-08-01,2023-08,Pulse Mash (Washed),1 Kg,Sukkur,475.93
2023-08-01,2023-08,Pulse Mash (Washed),1 Kg,Larkana,487.75
2023-08-01,2023-08,Pulse Mash (Washed),1 Kg,Peshawar,510.75
2023-08-01,2023-08,Pulse Mash (Washed),1 Kg,Bannu,503.94
2023-08-01,2023-08,Pulse Mash (Washed),1 Kg,Quetta,522.96
2023-08-01,2023-08,Pulse Mash (Washed),1 Kg,Khuzdar,363.98
2023-08-01,2023-08,Pulse Gram,1 Kg,National Average,242.6
2023-08-01,2023-08,Pulse Gram,1 Kg,Islamabad,268.82
2023-08-01,2023-08,Pulse Gram,1 Kg,Rawalpindi,257.87
2023-08-01,2023-08,Pulse Gram,1 Kg,Gujranwala,220.0
2023-08-01,2023-08,Pulse Gram,1 Kg,Sialkot,215.0
2023-08-01,2023-08,Pulse Gram,1 Kg,Lahore,222.42
2023-08-01,2023-08,Pulse Gram,1 Kg,Faisalabad,229.17
2023-08-01,2023-08,Pulse Gram,1 Kg,Sargodha,238.64
2023-08-01,2023-08,Pulse Gram,1 Kg,Multan,242.8
2023-08-01,2023-08,Pulse Gram,1 Kg,Bahawalpur,241.94
2023-08-01,2023-08,Pulse Gram,1 Kg,Karachi,253.71
2023-08-01,2023-08,Pulse Gram,1 Kg,Hyderabad,246.9
2023-08-01,2023-08,Pulse Gram,1 Kg,Sukkur,260.0
2023-08-01,2023-08,Pulse Gram,1 Kg,Larkana,233.14
2023-08-01,2023-08,Pulse Gram,1 Kg,Peshawar,245.06
2023-08-01,2023-08,Pulse Gram,1 Kg,Bannu,217.25
2023-08-01,2023-08,Pulse Gram,1 Kg,Quetta,269.92
2023-08-01,2023-08,Pulse Gram,1 Kg,Khuzdar,273.29
2023-08-01,2023-08,Potatoes,1 Kg,National Average,95.08
2023-08-01,2023-08,Potatoes,1 Kg,Islamabad,126.08
2023-08-01,2023-08,Potatoes,1 Kg,Rawalpindi,113.89
2023-08-01,2023-08,Potatoes,1 Kg,Gujranwala,96.55
2023-08-01,2023-08,Potatoes,1 Kg,Sialkot,95.2
2023-08-01,2023-08,Potatoes,1 Kg,Lahore,96.16
2023-08-01,2023-08,Potatoes,1 Kg,Faisalabad,91.61
2023-08-01,2023-08,Potatoes,1 Kg,Sargodha,87.22
2023-08-01,2023-08,Potatoes,1 Kg,Multan,100.81
2023-08-01,2023-08,Potatoes,1 Kg,Bahawalpur,100.0
2023-08-01,2023-08,Potatoes,1 Kg,Karachi,81.49
2023-08-01,2023-08,Potatoes,1 Kg,Hyderabad,81.62
2023-08-01,2023-08,Potatoes,1 Kg,Sukkur,80.0
2023-08-01,2023-08,Potatoes,1 Kg,Larkana,76.58
2023-08-01,2023-08,Potatoes,1 Kg,Peshawar,101.71
2023-08-01,2023-08,Potatoes,1 Kg,Bannu,110.24
2023-08-01,2023-08,Potatoes,1 Kg,Quetta,90.77
2023-08-01,2023-08,Potatoes,1 Kg,Khuzdar,100.0
2023-08-01,2023-08,Onions,1 Kg,National Average,65.96
2023-08-01,2023-08,Onions,1 Kg,Islamabad,93.29
2023-08-01,2023-08,Onions,1 Kg,Rawalpindi,83.58
2023-08-01,2023-08,Onions,1 Kg,Gujranwala,69.46
2023-08-01,2023-08,Onions,1 Kg,Sialkot,69.41
2023-08-01,2023-08,Onions,1 Kg,Lahore,69.04
2023-08-01,2023-08,Onions,1 Kg,Faisalabad,65.05
2023-08-01,2023-08,Onions,1 Kg,Sargodha,66.35
2023-08-01,2023-08,Onions,1 Kg,Multan,65.75
2023-08-01,2023-08,Onions,1 Kg,Bahawalpur,71.9
2023-08-01,2023-08,Onions,1 Kg,Karachi,64.4
2023-08-01,2023-08,Onions,1 Kg,Hyderabad,61.02
2023-08-01,2023-08,Onions,1 Kg,Sukkur,60.0
2023-08-01,2023-08,Onions,1 Kg,Larkana,59.94
2023-08-01,2023-08,Onions,1 Kg,Peshawar,68.55
2023-08-01,2023-08,Onions,1 Kg,Bannu,60.11
2023-08-01,2023-08,Onions,1 Kg,Quetta,54.85
2023-08-01,2023-08,Onions,1 Kg,Khuzdar,50.0
2023-08-01,2023-08,Tomatoes,1 Kg,National Average,115.42
2023-08-01,2023-08,Tomatoes,1 Kg,Islamabad,132.69
2023-08-01,2023-08,Tomatoes,1 Kg,Rawalpindi,121.48
2023-08-01,2023-08,Tomatoes,1 Kg,Gujranwala,136.43
2023-08-01,2023-08,Tomatoes,1 Kg,Sialkot,119.55
2023-08-01,2023-08,Tomatoes,1 Kg,Lahore,121.65
2023-08-01,2023-08,Tomatoes,1 Kg,Faisalabad,116.85
2023-08-01,2023-08,Tomatoes,1 Kg,Sargodha,100.96
2023-08-01,2023-08,Tomatoes,1 Kg,Multan,120.38
2023-08-01,2023-08,Tomatoes,1 Kg,Bahawalpur,126.32
2023-08-01,2023-08,Tomatoes,1 Kg,Karachi,127.96
2023-08-01,2023-08,Tomatoes,1 Kg,Hyderabad,126.58
2023-08-01,2023-08,Tomatoes,1 Kg,Sukkur,115.86
2023-08-01,2023-08,Tomatoes,1 Kg,Larkana,111.71
2023-08-01,2023-08,Tomatoes,1 Kg,Peshawar,98.71
2023-08-01,2023-08,Tomatoes,1 Kg,Bannu,90.15
2023-08-01,2023-08,Tomatoes,1 Kg,Quetta,93.87
2023-08-01,2023-08,Tomatoes,1 Kg,Khuzdar,114.0
2023-09-01,2023-09,Pulse Masoor (Washed),1 Kg,National Average,337.54
2023-09-01,2023-09,Pulse Masoor (Washed),1 Kg,Islamabad,375.65
2023-09-01,2023-09,Pulse Masoor (Washed),1 Kg,Rawalpindi,355.26
2023-09-01,2023-09,Pulse Masoor (Washed),1 Kg,Gujranwala,334.89
2023-09-01,2023-09,Pulse Masoor (Washed),1 Kg,Sialkot,340.0
2023-09-01,2023-09,Pulse Masoor (Washed),1 Kg,Lahore,317.82
2023-09-01,2023-09,Pulse Masoor (Washed),1 Kg,Faisalabad,347.08
2023-09-01,2023-09,Pulse Masoor (Washed),1 Kg,Sargodha,325.69
2023-09-01,2023-09,Pulse Masoor (Washed),1 Kg,Multan,346.05
2023-09-01,2023-09,Pulse Masoor (Washed),1 Kg,Bahawalpur,328.08
2023-09-01,2023-09,Pulse Masoor (Washed),1 Kg,Karachi,348.86
2023-09-01,2023-09,Pulse Masoor (Washed),1 Kg,Hyderabad,352.41
2023-09-01,2023-09,Pulse Masoor (Washed),1 Kg,Sukkur,342.25
2023-09-01,2023-09,Pulse Masoor (Washed),1 Kg,Larkana,311.51
2023-09-01,2023-09,Pulse Masoor (Washed),1 Kg,Peshawar,339.63
2023-09-01,2023-09,Pulse Masoor (Washed),1 Kg,Bannu,329.53
2023-09-01,2023-09,Pulse Masoor (Washed),1 Kg,Quetta,304.12
2023-09-01,2023-09,Pulse Masoor (Washed),1 Kg,Khuzdar,346.63
2023-09-01,2023-09,Pulse Moong (Washed),1 Kg,National Average,287.61
2023-09-01,2023-09,Pulse Moong (Washed),1 Kg,Islamabad,308.07
2023-09-01,2023-09,Pulse Moong (Washed),1 Kg,Rawalpindi,287.16
2023-09-01,2023-09,Pulse Moong (Washed),1 Kg,Gujranwala,274.86
2023-09-01,2023-09,Pulse Moong (Washed),1 Kg,Sialkot,258.69
2023-09-01,2023-09,Pulse Moong (Washed),1 Kg,Lahore,270.4
2023-09-01,2023-09,Pulse Moong (Washed),1 Kg,Faisalabad,258.84
2023-09-01,2023-09,Pulse Moong (Washed),1 Kg,Sargodha,280.0
2023-09-01,2023-09,Pulse Moong (Washed),1 Kg,Multan,280.68
2023-09-01,2023-09,Pulse Moong (Washed),1 Kg,Bahawalpur,270.75
2023-09-01,2023-09,Pulse Moong (Washed),1 Kg,Karachi,309.78
2023-09-01,2023-09,Pulse Moong (Washed),1 Kg,Hyderabad,310.84
2023-09-01,2023-09,Pulse Moong (Washed),1 Kg,Sukkur,320.0
2023-09-01,2023-09,Pulse Moong (Washed),1 Kg,Larkana,313.19
2023-09-01,2023-09,Pulse Moong (Washed),1 Kg,Peshawar,273.17
2023-09-01,2023-09,Pulse Moong (Washed),1 Kg,Bannu,259.9
2023-09-01,2023-09,Pulse Moong (Washed),1 Kg,Quetta,313.62
2023-09-01,2023-09,Pulse Moong (Washed),1 Kg,Khuzdar,313.19
2023-09-01,2023-09,Pulse Mash (Washed),1 Kg,National Average,538.59
2023-09-01,2023-09,Pulse Mash (Washed),1 Kg,Islamabad,580.68
2023-09-01,2023-09,Pulse Mash (Washed),1 Kg,Rawalpindi,558.49
2023-09-01,2023-09,Pulse Mash (Washed),1 Kg,Gujranwala,550.0
2023-09-01,2023-09,Pulse Mash (Washed),1 Kg,Sialkot,544.93
2023-09-01,2023-09,Pulse Mash (Washed),1 Kg,Lahore,549.47
2023-09-01,2023-09,Pulse Mash (Washed),1 Kg,Faisalabad,558.71
2023-09-01,2023-09,Pulse Mash (Washed),1 Kg,Sargodha,550.79
2023-09-01,2023-09,Pulse Mash (Washed),1 Kg,Multan,553.86
2023-09-01,2023-09,Pulse Mash (Washed),1 Kg,Bahawalpur,553.28
2023-09-01,2023-09,Pulse Mash (Washed),1 Kg,Karachi,561.33
2023-09-01,2023-09,Pulse Mash (Washed),1 Kg,Hyderabad,540.02
2023-09-01,2023-09,Pulse Mash (Washed),1 Kg,Sukkur,540.0
2023-09-01,2023-09,Pulse Mash (Washed),1 Kg,Larkana,520.0
2023-09-01,2023-09,Pulse Mash (Washed),1 Kg,Peshawar,539.42
2023-09-01,2023-09,Pulse Mash (Washed),1 Kg,Bannu,540.0
2023-09-01,2023-09,Pulse Mash (Washed),1 Kg,Quetta,549.87
2023-09-01,2023-09,Pulse Mash (Washed),1 Kg,Khuzdar,393.31
2023-09-01,2023-09,Pulse Gram,1 Kg,National Average,250.1
2023-09-01,2023-09,Pulse Gram,1 Kg,Islamabad,274.75
2023-09-01,2023-09,Pulse Gram,1 Kg,Rawalpindi,260.53
2023-09-01,2023-09,Pulse Gram,1 Kg,Gujranwala,218.74
2023-09-01,2023-09,Pulse Gram,1 Kg,Sialkot,216.21
2023-09-01,2023-09,Pulse Gram,1 Kg,Lahore,226.58
2023-09-01,2023-09,Pulse Gram,1 Kg,Faisalabad,233.29
2023-09-01,2023-09,Pulse Gram,1 Kg,Sargodha,234.95
2023-09-01,2023-09,Pulse Gram,1 Kg,Multan,259.63
2023-09-01,2023-09,Pulse Gram,1 Kg,Bahawalpur,243.29
2023-09-01,2023-09,Pulse Gram,1 Kg,Karachi,266.61
2023-09-01,2023-09,Pulse Gram,1 Kg,Hyderabad,243.7
2023-09-01,2023-09,Pulse Gram,1 Kg,Sukkur,260.0
2023-09-01,2023-09,Pulse Gram,1 Kg,Larkana,244.85
2023-09-01,2023-09,Pulse Gram,1 Kg,Peshawar,278.59
2023-09-01,2023-09,Pulse Gram,1 Kg,Bannu,247.36
2023-09-01,2023-09,Pulse Gram,1 Kg,Quetta,279.93
2023-09-01,2023-09,Pulse Gram,1 Kg,Khuzdar,276.63
2023-09-01,2023-09,Potatoes,1 Kg,National Average,95.35
2023-09-01,2023-09,Potatoes,1 Kg,Islamabad,122.89
2023-09-01,2023-09,Potatoes,1 Kg,Rawalpindi,112.46
2023-09-01,2023-09,Potatoes,1 Kg,Gujranwala,100.0
2023-09-01,2023-09,Potatoes,1 Kg,Sialkot,96.55
2023-09-01,2023-09,Potatoes,1 Kg,Lahore,96.07
2023-09-01,2023-09,Potatoes,1 Kg,Faisalabad,96.13
2023-09-01,2023-09,Potatoes,1 Kg,Sargodha,85.69
2023-09-01,2023-09,Potatoes,1 Kg,Multan,101.53
2023-09-01,2023-09,Potatoes,1 Kg,Bahawalpur,100.0
2023-09-01,2023-09,Potatoes,1 Kg,Karachi,82.25
2023-09-01,2023-09,Potatoes,1 Kg,Hyderabad,77.37
2023-09-01,2023-09,Potatoes,1 Kg,Sukkur,80.0
2023-09-01,2023-09,Potatoes,1 Kg,Larkana,77.38
2023-09-01,2023-09,Potatoes,1 Kg,Peshawar,102.53
2023-09-01,2023-09,Potatoes,1 Kg,Bannu,117.84
2023-09-01,2023-09,Potatoes,1 Kg,Quetta,87.3
2023-09-01,2023-09,Potatoes,1 Kg,Khuzdar,100.0
2023-09-01,2023-09,Onions,1 Kg,National Average,84.39
2023-09-01,2023-09,Onions,1 Kg,Islamabad,121.15
2023-09-01,2023-09,Onions,1 Kg,Rawalpindi,110.91
2023-09-01,2023-09,Onions,1 Kg,Gujranwala,94.87
2023-09-01,2023-09,Onions,1 Kg,Sialkot,96.31
2023-09-01,2023-09,Onions,1 Kg,Lahore,93.15
2023-09-01,2023-09,Onions,1 Kg,Faisalabad,84.06
2023-09-01,2023-09,Onions,1 Kg,Sargodha,82.81
2023-09-01,2023-09,Onions,1 Kg,Multan,90.98
2023-09-01,2023-09,Onions,1 Kg,Bahawalpur,91.41
2023-09-01,2023-09,Onions,1 Kg,Karachi,81.28
2023-09-01,2023-09,Onions,1 Kg,Hyderabad,81.77
2023-09-01,2023-09,Onions,1 Kg,Sukkur,72.38
2023-09-01,2023-09,Onions,1 Kg,Larkana,63.01
2023-09-01,2023-09,Onions,1 Kg,Peshawar,100.22
2023-09-01,2023-09,Onions,1 Kg,Bannu,79.13
2023-09-01,2023-09,Onions,1 Kg,Quetta,56.09
2023-09-01,2023-09,Onions,1 Kg,Khuzdar,62.5
2023-09-01,2023-09,Tomatoes,1 Kg,National Average,102.11
2023-09-01,2023-09,Tomatoes,1 Kg,Islamabad,115.24
2023-09-01,2023-09,Tomatoes,1 Kg,Rawalpindi,106.77
2023-09-01,2023-09,Tomatoes,1 Kg,Gujranwala,119.16
2023-09-01,2023-09,Tomatoes,1 Kg,Sialkot,110.23
2023-09-01,2023-09,Tomatoes,1 Kg,Lahore,110.77
2023-09-01,2023-09,Tomatoes,1 Kg,Faisalabad,104.29
2023-09-01,2023-09,Tomatoes,1 Kg,Sargodha,91.77
2023-09-01,2023-09,Tomatoes,1 Kg,Multan,110.1
2023-09-01,2023-09,Tomatoes,1 Kg,Bahawalpur,110.75
2023-09-01,2023-09,Tomatoes,1 Kg,Karachi,111.89
2023-09-01,2023-09,Tomatoes,1 Kg,Hyderabad,111.36
2023-09-01,2023-09,Tomatoes,1 Kg,Sukkur,104.66
2023-09-01,2023-09,Tomatoes,1 Kg,Larkana,107.89
2023-09-01,2023-09,Tomatoes,1 Kg,Peshawar,83.48
2023-09-01,2023-09,Tomatoes,1 Kg,Bannu,69.64
2023-09-01,2023-09,Tomatoes,1 Kg,Quetta,83.4
2023-09-01,2023-09,Tomatoes,1 Kg,Khuzdar,100.0
2023-10-01,2023-10,Pulse Masoor (Washed),1 Kg,National Average,323.01
2023-10-01,2023-10,Pulse Masoor (Washed),1 Kg,Islamabad,366.42
2023-10-01,2023-10,Pulse Masoor (Washed),1 Kg,Rawalpindi,341.99
2023-10-01,2023-10,Pulse Masoor (Washed),1 Kg,Gujranwala,307.47
2023-10-01,2023-10,Pulse Masoor (Washed),1 Kg,Sialkot,304.88
2023-10-01,2023-10,Pulse Masoor (Washed),1 Kg,Lahore,322.22
2023-10-01,2023-10,Pulse Masoor (Washed),1 Kg,Faisalabad,309.21
2023-10-01,2023-10,Pulse Masoor (Washed),1 Kg,Sargodha,335.67
2023-10-01,2023-10,Pulse Masoor (Washed),1 Kg,Multan,299.91
2023-10-01,2023-10,Pulse Masoor (Washed),1 Kg,Bahawalpur,323.25
2023-10-01,2023-10,Pulse Masoor (Washed),1 Kg,Karachi,338.1
2023-10-01,2023-10,Pulse Masoor (Washed),1 Kg,Hyderabad,311.6
2023-10-01,2023-10,Pulse Masoor (Washed),1 Kg,Sukkur,319.51
2023-10-01,2023-10,Pulse Masoor (Washed),1 Kg,Larkana,309.49
2023-10-01,2023-10,Pulse Masoor (Washed),1 Kg,Peshawar,320.56
2023-10-01,2023-10,Pulse Masoor (Washed),1 Kg,Bannu,319.37
2023-10-01,2023-10,Pulse Masoor (Washed),1 Kg,Quetta,333.6
2023-10-01,2023-10,Pulse Masoor (Washed),1 Kg,Khuzdar,334.76
2023-10-01,2023-10,Pulse Moong (Washed),1 Kg,National Average,279.57
2023-10-01,2023-10,Pulse Moong (Washed),1 Kg,Islamabad,295.53
2023-10-01,2023-10,Pulse Moong (Washed),1 Kg,Rawalpindi,279.54
2023-10-01,2023-10,Pulse Moong (Washed),1 Kg,Gujranwala,272.47
2023-10-01,2023-10,Pulse Moong (Washed),1 Kg,Sialkot,252.49
2023-10-01,2023-10,Pulse Moong (Washed),1 Kg,Lahore,270.4
2023-10-01,2023-10,Pulse Moong (Washed),1 Kg,Faisalabad,249.81
2023-10-01,2023-10,Pulse Moong (Washed),1 Kg,Sargodha,280.0
2023-10-01,2023-10,Pulse Moong (Washed),1 Kg,Multan,261.52
2023-10-01,2023-10,Pulse Moong (Washed),1 Kg,Bahawalpur,264.95
2023-10-01,2023-10,Pulse Moong (Washed),1 Kg,Karachi,302.41
2023-10-01,2023-10,Pulse Moong (Washed),1 Kg,Hyderabad,290.94
2023-10-01,2023-10,Pulse Moong (Washed),1 Kg,Sukkur,297.23
2023-10-01,2023-10,Pulse Moong (Washed),1 Kg,Larkana,301.16
2023-10-01,2023-10,Pulse Moong (Washed),1 Kg,Peshawar,261.24
2023-10-01,2023-10,Pulse Moong (Washed),1 Kg,Bannu,249.27
2023-10-01,2023-10,Pulse Moong (Washed),1 Kg,Quetta,332.45
2023-10-01,2023-10,Pulse Moong (Washed),1 Kg,Khuzdar,306.52
2023-10-01,2023-10,Pulse Mash (Washed),1 Kg,National Average,529.88
2023-10-01,2023-10,Pulse Mash (Washed),1 Kg,Islamabad,571.8
2023-10-01,2023-10,Pulse Mash (Washed),1 Kg,Rawalpindi,551.36
2023-10-01,2023-10,Pulse Mash (Washed),1 Kg,Gujranwala,527.19
2023-10-01,2023-10,Pulse Mash (Washed),1 Kg,Sialkot,510.79
2023-10-01,2023-10,Pulse Mash (Washed),1 Kg,Lahore,563.95
2023-10-01,2023-10,Pulse Mash (Washed),1 Kg,Faisalabad,538.33
2023-10-01,2023-10,Pulse Mash (Washed),1 Kg,Sargodha,554.98
2023-10-01,2023-10,Pulse Mash (Washed),1 Kg,Multan,530.46
2023-10-01,2023-10,Pulse Mash (Washed),1 Kg,Bahawalpur,528.24
2023-10-01,2023-10,Pulse Mash (Washed),1 Kg,Karachi,555.33
2023-10-01,2023-10,Pulse Mash (Washed),1 Kg,Hyderabad,507.39
2023-10-01,2023-10,Pulse Mash (Washed),1 Kg,Sukkur,529.91
2023-10-01,2023-10,Pulse Mash (Washed),1 Kg,Larkana,539.68
2023-10-01,2023-10,Pulse Mash (Washed),1 Kg,Peshawar,533.85
2023-10-01,2023-10,Pulse Mash (Washed),1 Kg,Bannu,540.0
2023-10-01,2023-10,Pulse Mash (Washed),1 Kg,Quetta,573.66
2023-10-01,2023-10,Pulse Mash (Washed),1 Kg,Khuzdar,383.13
2023-10-01,2023-10,Pulse Gram,1 Kg,National Average,234.86
2023-10-01,2023-10,Pulse Gram,1 Kg,Islamabad,259.71
2023-10-01,2023-10,Pulse Gram,1 Kg,Rawalpindi,250.12
2023-10-01,2023-10,Pulse Gram,1 Kg,Gujranwala,207.34
2023-10-01,2023-10,Pulse Gram,1 Kg,Sialkot,201.24
2023-10-01,2023-10,Pulse Gram,1 Kg,Lahore,218.8
2023-10-01,2023-10,Pulse Gram,1 Kg,Faisalabad,228.23
2023-10-01,2023-10,Pulse Gram,1 Kg,Sargodha,215.15
2023-10-01,2023-10,Pulse Gram,1 Kg,Multan,224.99
2023-10-01,2023-10,Pulse Gram,1 Kg,Bahawalpur,229.89
2023-10-01,2023-10,Pulse Gram,1 Kg,Karachi,254.09
2023-10-01,2023-10,Pulse Gram,1 Kg,Hyderabad,230.14
2023-10-01,2023-10,Pulse Gram,1 Kg,Sukkur,244.85
2023-10-01,2023-10,Pulse Gram,1 Kg,Larkana,227.12
2023-10-01,2023-10,Pulse Gram,1 Kg,Peshawar,248.65
2023-10-01,2023-10,Pulse Gram,1 Kg,Bannu,223.25
2023-10-01,2023-10,Pulse Gram,1 Kg,Quetta,282.44
2023-10-01,2023-10,Pulse Gram,1 Kg,Khuzdar,262.05
2023-10-01,2023-10,Potatoes,1 Kg,National Average,98.13
2023-10-01,2023-10,Potatoes,1 Kg,Islamabad,128.6
2023-10-01,2023-10,Potatoes,1 Kg,Rawalpindi,118.6
2023-10-01,2023-10,Potatoes,1 Kg,Gujranwala,108.83
2023-10-01,2023-10,Potatoes,1 Kg,Sialkot,112.12
2023-10-01,2023-10,Potatoes,1 Kg,Lahore,104.9
2023-10-01,2023-10,Potatoes,1 Kg,Faisalabad,96.55
2023-10-01,2023-10,Potatoes,1 Kg,Sargodha,85.69
2023-10-01,2023-10,Potatoes,1 Kg,Multan,107.89
2023-10-01,2023-10,Potatoes,1 Kg,Bahawalpur,100.0
2023-10-01,2023-10,Potatoes,1 Kg,Karachi,88.16
2023-10-01,2023-10,Potatoes,1 Kg,Hyderabad,80.0
2023-10-01,2023-10,Potatoes,1 Kg,Sukkur,80.0
2023-10-01,2023-10,Potatoes,1 Kg,Larkana,84.02
2023-10-01,2023-10,Potatoes,1 Kg,Peshawar,100.18
2023-10-01,2023-10,Potatoes,1 Kg,Bannu,100.5
2023-10-01,2023-10,Potatoes,1 Kg,Quetta,87.3
2023-10-01,2023-10,Potatoes,1 Kg,Khuzdar,100.0
2023-10-01,2023-10,Onions,1 Kg,National Average,106.1
2023-10-01,2023-10,Onions,1 Kg,Islamabad,138.84
2023-10-01,2023-10,Onions,1 Kg,Rawalpindi,127.68
2023-10-01,2023-10,Onions,1 Kg,Gujranwala,110.28
2023-10-01,2023-10,Onions,1 Kg,Sialkot,114.52
2023-10-01,2023-10,Onions,1 Kg,Lahore,115.46
2023-10-01,2023-10,Onions,1 Kg,Faisalabad,104.36
2023-10-01,2023-10,Onions,1 Kg,Sargodha,98.88
2023-10-01,2023-10,Onions,1 Kg,Multan,112.35
2023-10-01,2023-10,Onions,1 Kg,Bahawalpur,113.82
2023-10-01,2023-10,Onions,1 Kg,Karachi,112.91
2023-10-01,2023-10,Onions,1 Kg,Hyderabad,111.66
2023-10-01,2023-10,Onions,1 Kg,Sukkur,94.87
2023-10-01,2023-10,Onions,1 Kg,Larkana,91.55
2023-10-01,2023-10,Onions,1 Kg,Peshawar,107.11
2023-10-01,2023-10,Onions,1 Kg,Bannu,94.57
2023-10-01,2023-10,Onions,1 Kg,Quetta,74.89
2023-10-01,2023-10,Onions,1 Kg,Khuzdar,96.55
2023-10-01,2023-10,Tomatoes,1 Kg,National Average,112.8
2023-10-01,2023-10,Tomatoes,1 Kg,Islamabad,142.73
2023-10-01,2023-10,Tomatoes,1 Kg,Rawalpindi,123.51
2023-10-01,2023-10,Tomatoes,1 Kg,Gujranwala,128.82
2023-10-01,2023-10,Tomatoes,1 Kg,Sialkot,121.41
2023-10-01,2023-10,Tomatoes,1 Kg,Lahore,130.67
2023-10-01,2023-10,Tomatoes,1 Kg,Faisalabad,105.65
2023-10-01,2023-10,Tomatoes,1 Kg,Sargodha,109.54
2023-10-01,2023-10,Tomatoes,1 Kg,Multan,115.49
2023-10-01,2023-10,Tomatoes,1 Kg,Bahawalpur,124.51
2023-10-01,2023-10,Tomatoes,1 Kg,Karachi,131.26
2023-10-01,2023-10,Tomatoes,1 Kg,Hyderabad,114.02
2023-10-01,2023-10,Tomatoes,1 Kg,Sukkur,112.47
2023-10-01,2023-10,Tomatoes,1 Kg,Larkana,120.66
2023-10-01,2023-10,Tomatoes,1 Kg,Peshawar,96.03
2023-10-01,2023-10,Tomatoes,1 Kg,Bannu,68.75
2023-10-01,2023-10,Tomatoes,1 Kg,Quetta,90.87
2023-10-01,2023-10,Tomatoes,1 Kg,Khuzdar,106.02
2023-11-01,2023-11,Pulse Masoor (Washed),1 Kg,National Average,320.98
2023-11-01,2023-11,Pulse Masoor (Washed),1 Kg,Islamabad,361.43
2023-11-01,2023-11,Pulse Masoor (Washed),1 Kg,Rawalpindi,334.13
2023-11-01,2023-11,Pulse Masoor (Washed),1 Kg,Gujranwala,315.83
2023-11-01,2023-11,Pulse Masoor (Washed),1 Kg,Sialkot,318.74
2023-11-01,2023-11,Pulse Masoor (Washed),1 Kg,Lahore,312.42
2023-11-01,2023-11,Pulse Masoor (Washed),1 Kg,Faisalabad,326.97
2023-11-01,2023-11,Pulse Masoor (Washed),1 Kg,Sargodha,322.62
2023-11-01,2023-11,Pulse Masoor (Washed),1 Kg,Multan,311.14
2023-11-01,2023-11,Pulse Masoor (Washed),1 Kg,Bahawalpur,311.84
2023-11-01,2023-11,Pulse Masoor (Washed),1 Kg,Karachi,325.04
2023-11-01,2023-11,Pulse Masoor (Washed),1 Kg,Hyderabad,318.58
2023-11-01,2023-11,Pulse Masoor (Washed),1 Kg,Sukkur,307.46
2023-11-01,2023-11,Pulse Masoor (Washed),1 Kg,Larkana,318.63
2023-11-01,2023-11,Pulse Masoor (Washed),1 Kg,Peshawar,315.23
2023-11-01,2023-11,Pulse Masoor (Washed),1 Kg,Bannu,303.9
2023-11-01,2023-11,Pulse Masoor (Washed),1 Kg,Quetta,329.63
2023-11-01,2023-11,Pulse Masoor (Washed),1 Kg,Khuzdar,327.26
2023-11-01,2023-11,Pulse Moong (Washed),1 Kg,National Average,276.47
2023-11-01,2023-11,Pulse Moong (Washed),1 Kg,Islamabad,288.2
2023-11-01,2023-11,Pulse Moong (Washed),1 Kg,Rawalpindi,272.48
2023-11-01,2023-11,Pulse Moong (Washed),1 Kg,Gujranwala,263.95
2023-11-01,2023-11,Pulse Moong (Washed),1 Kg,Sialkot,250.0
2023-11-01,2023-11,Pulse Moong (Washed),1 Kg,Lahore,270.4
2023-11-01,2023-11,Pulse Moong (Washed),1 Kg,Faisalabad,263.36
2023-11-01,2023-11,Pulse Moong (Washed),1 Kg,Sargodha,280.0
2023-11-01,2023-11,Pulse Moong (Washed),1 Kg,Multan,268.68
2023-11-01,2023-11,Pulse Moong (Washed),1 Kg,Bahawalpur,256.62
2023-11-01,2023-11,Pulse Moong (Washed),1 Kg,Karachi,289.99
2023-11-01,2023-11,Pulse Moong (Washed),1 Kg,Hyderabad,283.07
2023-11-01,2023-11,Pulse Moong (Washed),1 Kg,Sukkur,290.0
2023-11-01,2023-11,Pulse Moong (Washed),1 Kg,Larkana,278.44
2023-11-01,2023-11,Pulse Moong (Washed),1 Kg,Peshawar,266.82
2023-11-01,2023-11,Pulse Moong (Washed),1 Kg,Bannu,261.81
2023-11-01,2023-11,Pulse Moong (Washed),1 Kg,Quetta,319.93
2023-11-01,2023-11,Pulse Moong (Washed),1 Kg,Khuzdar,305.21
2023-11-01,2023-11,Pulse Mash (Washed),1 Kg,National Average,520.96
2023-11-01,2023-11,Pulse Mash (Washed),1 Kg,Islamabad,565.57
2023-11-01,2023-11,Pulse Mash (Washed),1 Kg,Rawalpindi,548.99
2023-11-01,2023-11,Pulse Mash (Washed),1 Kg,Gujranwala,509.93
2023-11-01,2023-11,Pulse Mash (Washed),1 Kg,Sialkot,514.98
2023-11-01,2023-11,Pulse Mash (Washed),1 Kg,Lahore,535.21
2023-11-01,2023-11,Pulse Mash (Washed),1 Kg,Faisalabad,538.84
2023-11-01,2023-11,Pulse Mash (Washed),1 Kg,Sargodha,556.65
2023-11-01,2023-11,Pulse Mash (Washed),1 Kg,Multan,536.12
2023-11-01,2023-11,Pulse Mash (Washed),1 Kg,Bahawalpur,522.62
2023-11-01,2023-11,Pulse Mash (Washed),1 Kg,Karachi,538.07
2023-11-01,2023-11,Pulse Mash (Washed),1 Kg,Hyderabad,520.58
2023-11-01,2023-11,Pulse Mash (Washed),1 Kg,Sukkur,510.0
2023-11-01,2023-11,Pulse Mash (Washed),1 Kg,Larkana,491.74
2023-11-01,2023-11,Pulse Mash (Washed),1 Kg,Peshawar,526.65
2023-11-01,2023-11,Pulse Mash (Washed),1 Kg,Bannu,535.94
2023-11-01,2023-11,Pulse Mash (Washed),1 Kg,Quetta,564.97
2023-11-01,2023-11,Pulse Mash (Washed),1 Kg,Khuzdar,373.21
2023-11-01,2023-11,Pulse Gram,1 Kg,National Average,229.43
2023-11-01,2023-11,Pulse Gram,1 Kg,Islamabad,250.06
2023-11-01,2023-11,Pulse Gram,1 Kg,Rawalpindi,239.4
2023-11-01,2023-11,Pulse Gram,1 Kg,Gujranwala,215.85
2023-11-01,2023-11,Pulse Gram,1 Kg,Sialkot,209.9
2023-11-01,2023-11,Pulse Gram,1 Kg,Lahore,207.45
2023-11-01,2023-11,Pulse Gram,1 Kg,Faisalabad,225.25
2023-11-01,2023-11,Pulse Gram,1 Kg,Sargodha,205.82
2023-11-01,2023-11,Pulse Gram,1 Kg,Multan,226.7
2023-11-01,2023-11,Pulse Gram,1 Kg,Bahawalpur,217.22
2023-11-01,2023-11,Pulse Gram,1 Kg,Karachi,240.2
2023-11-01,2023-11,Pulse Gram,1 Kg,Hyderabad,221.42
2023-11-01,2023-11,Pulse Gram,1 Kg,Sukkur,220.0
2023-11-01,2023-11,Pulse Gram,1 Kg,Larkana,224.47
2023-11-01,2023-11,Pulse Gram,1 Kg,Peshawar,255.85
2023-11-01,2023-11,Pulse Gram,1 Kg,Bannu,229.26
2023-11-01,2023-11,Pulse Gram,1 Kg,Quetta,280.93
2023-11-01,2023-11,Pulse Gram,1 Kg,Khuzdar,243.29
2023-11-01,2023-11,Potatoes,1 Kg,National Average,106.92
2023-11-01,2023-11,Potatoes,1 Kg,Islamabad,148.21
2023-11-01,2023-11,Potatoes,1 Kg,Rawalpindi,135.43
2023-11-01,2023-11,Potatoes,1 Kg,Gujranwala,122.53
2023-11-01,2023-11,Potatoes,1 Kg,Sialkot,125.83
2023-11-01,2023-11,Potatoes,1 Kg,Lahore,130.28
2023-11-01,2023-11,Potatoes,1 Kg,Faisalabad,112.27
2023-11-01,2023-11,Potatoes,1 Kg,Sargodha,102.52
2023-11-01,2023-11,Potatoes,1 Kg,Multan,129.53
2023-11-01,2023-11,Potatoes,1 Kg,Bahawalpur,106.32
2023-11-01,2023-11,Potatoes,1 Kg,Karachi,89.39
2023-11-01,2023-11,Potatoes,1 Kg,Hyderabad,79.96
2023-11-01,2023-11,Potatoes,1 Kg,Sukkur,80.0
2023-11-01,2023-11,Potatoes,1 Kg,Larkana,84.73
2023-11-01,2023-11,Potatoes,1 Kg,Peshawar,105.21
2023-11-01,2023-11,Potatoes,1 Kg,Bannu,103.71
2023-11-01,2023-11,Potatoes,1 Kg,Quetta,92.29
2023-11-01,2023-11,Potatoes,1 Kg,Khuzdar,100.0
2023-11-01,2023-11,Onions,1 Kg,National Average,127.42
2023-11-01,2023-11,Onions,1 Kg,Islamabad,159.82
2023-11-01,2023-11,Onions,1 Kg,Rawalpindi,147.86
2023-11-01,2023-11,Onions,1 Kg,Gujranwala,131.65
2023-11-01,2023-11,Onions,1 Kg,Sialkot,134.93
2023-11-01,2023-11,Onions,1 Kg,Lahore,140.09
2023-11-01,2023-11,Onions,1 Kg,Faisalabad,125.9
2023-11-01,2023-11,Onions,1 Kg,Sargodha,119.17
2023-11-01,2023-11,Onions,1 Kg,Multan,132.71
2023-11-01,2023-11,Onions,1 Kg,Bahawalpur,124.79
2023-11-01,2023-11,Onions,1 Kg,Karachi,130.24
2023-11-01,2023-11,Onions,1 Kg,Hyderabad,138.84
2023-11-01,2023-11,Onions,1 Kg,Sukkur,120.79
2023-11-01,2023-11,Onions,1 Kg,Larkana,123.5
2023-11-01,2023-11,Onions,1 Kg,Peshawar,125.49
2023-11-01,2023-11,Onions,1 Kg,Bannu,119.32
2023-11-01,2023-11,Onions,1 Kg,Quetta,107.98
2023-11-01,2023-11,Onions,1 Kg,Khuzdar,96.55
2023-11-01,2023-11,Tomatoes,1 Kg,National Average,161.49
2023-11-01,2023-11,Tomatoes,1 Kg,Islamabad,198.11
2023-11-01,2023-11,Tomatoes,1 Kg,Rawalpindi,184.43
2023-11-01,2023-11,Tomatoes,1 Kg,Gujranwala,184.05
2023-11-01,2023-11,Tomatoes,1 Kg,Sialkot,178.85
2023-11-01,2023-11,Tomatoes,1 Kg,Lahore,192.73
2023-11-01,2023-11,Tomatoes,1 Kg,Faisalabad,163.04
2023-11-01,2023-11,Tomatoes,1 Kg,Sargodha,141.49
2023-11-01,2023-11,Tomatoes,1 Kg,Multan,158.21
2023-11-01,2023-11,Tomatoes,1 Kg,Bahawalpur,158.77
2023-11-01,2023-11,Tomatoes,1 Kg,Karachi,152.13
2023-11-01,2023-11,Tomatoes,1 Kg,Hyderabad,136.01
2023-11-01,2023-11,Tomatoes,1 Kg,Sukkur,142.22
2023-11-01,2023-11,Tomatoes,1 Kg,Larkana,153.72
2023-11-01,2023-11,Tomatoes,1 Kg,Peshawar,158.14
2023-11-01,2023-11,Tomatoes,1 Kg,Bannu,144.15
2023-11-01,2023-11,Tomatoes,1 Kg,Quetta,148.66
2023-11-01,2023-11,Tomatoes,1 Kg,Khuzdar,167.77
2023-12-01,2023-12,Pulse Masoor (Washed),1 Kg,National Average,335.16
2023-12-01,2023-12,Pulse Masoor (Washed),1 Kg,Islamabad,367.44
2023-12-01,2023-12,Pulse Masoor (Washed),1 Kg,Rawalpindi,350.24
2023-12-01,2023-12,Pulse Masoor (Washed),1 Kg,Gujranwala,320.0
2023-12-01,2023-12,Pulse Masoor (Washed),1 Kg,Sialkot,327.47
2023-12-01,2023-12,Pulse Masoor (Washed),1 Kg,Lahore,327.14
2023-12-01,2023-12,Pulse Masoor (Washed),1 Kg,Faisalabad,346.54
2023-12-01,2023-12,Pulse Masoor (Washed),1 Kg,Sargodha,337.47
2023-12-01,2023-12,Pulse Masoor (Washed),1 Kg,Multan,336.5
2023-12-01,2023-12,Pulse Masoor (Washed),1 Kg,Bahawalpur,320.0
2023-12-01,2023-12,Pulse Masoor (Washed),1 Kg,Karachi,340.77
2023-12-01,2023-12,Pulse Masoor (Washed),1 Kg,Hyderabad,329.85
2023-12-01,2023-12,Pulse Masoor (Washed),1 Kg,Sukkur,332.47
2023-12-01,2023-12,Pulse Masoor (Washed),1 Kg,Larkana,320.0
2023-12-01,2023-12,Pulse Masoor (Washed),1 Kg,Peshawar,326.28
2023-12-01,2023-12,Pulse Masoor (Washed),1 Kg,Bannu,320.0
2023-12-01,2023-12,Pulse Masoor (Washed),1 Kg,Quetta,367.56
2023-12-01,2023-12,Pulse Masoor (Washed),1 Kg,Khuzdar,333.3
2023-12-01,2023-12,Pulse Moong (Washed),1 Kg,National Average,286.56
2023-12-01,2023-12,Pulse Moong (Washed),1 Kg,Islamabad,291.62
2023-12-01,2023-12,Pulse Moong (Washed),1 Kg,Rawalpindi,272.62
2023-12-01,2023-12,Pulse Moong (Washed),1 Kg,Gujranwala,282.47
2023-12-01,2023-12,Pulse Moong (Washed),1 Kg,Sialkot,259.9
2023-12-01,2023-12,Pulse Moong (Washed),1 Kg,Lahore,270.4
2023-12-01,2023-12,Pulse Moong (Washed),1 Kg,Faisalabad,288.28
2023-12-01,2023-12,Pulse Moong (Washed),1 Kg,Sargodha,280.82
2023-12-01,2023-12,Pulse Moong (Washed),1 Kg,Multan,293.34
2023-12-01,2023-12,Pulse Moong (Washed),1 Kg,Bahawalpur,263.81
2023-12-01,2023-12,Pulse Moong (Washed),1 Kg,Karachi,293.2
2023-12-01,2023-12,Pulse Moong (Washed),1 Kg,Hyderabad,287.97
2023-12-01,2023-12,Pulse Moong (Washed),1 Kg,Sukkur,301.76
2023-12-01,2023-12,Pulse Moong (Washed),1 Kg,Larkana,305.94
2023-12-01,2023-12,Pulse Moong (Washed),1 Kg,Peshawar,266.33
2023-12-01,2023-12,Pulse Moong (Washed),1 Kg,Bannu,270.0
2023-12-01,2023-12,Pulse Moong (Washed),1 Kg,Quetta,341.37
2023-12-01,2023-12,Pulse Moong (Washed),1 Kg,Khuzdar,313.19
2023-12-01,2023-12,Pulse Mash (Washed),1 Kg,National Average,529.54
2023-12-01,2023-12,Pulse Mash (Washed),1 Kg,Islamabad,567.25
2023-12-01,2023-12,Pulse Mash (Washed),1 Kg,Rawalpindi,550.59
2023-12-01,2023-12,Pulse Mash (Washed),1 Kg,Gujranwala,520.0
2023-12-01,2023-12,Pulse Mash (Washed),1 Kg,Sialkot,520.0
2023-12-01,2023-12,Pulse Mash (Washed),1 Kg,Lahore,535.21
2023-12-01,2023-12,Pulse Mash (Washed),1 Kg,Faisalabad,552.1
2023-12-01,2023-12,Pulse Mash (Washed),1 Kg,Sargodha,556.65
2023-12-01,2023-12,Pulse Mash (Washed),1 Kg,Multan,544.96
2023-12-01,2023-12,Pulse Mash (Washed),1 Kg,Bahawalpur,533.25
2023-12-01,2023-12,Pulse Mash (Washed),1 Kg,Karachi,540.7
2023-12-01,2023-12,Pulse Mash (Washed),1 Kg,Hyderabad,530.75
2023-12-01,2023-12,Pulse Mash (Washed),1 Kg,Sukkur,512.48
2023-12-01,2023-12,Pulse Mash (Washed),1 Kg,Larkana,534.79
2023-12-01,2023-12,Pulse Mash (Washed),1 Kg,Peshawar,541.54
2023-12-01,2023-12,Pulse Mash (Washed),1 Kg,Bannu,549.91
2023-12-01,2023-12,Pulse Mash (Washed),1 Kg,Quetta,573.7
2023-12-01,2023-12,Pulse Mash (Washed),1 Kg,Khuzdar,373.21
2023-12-01,2023-12,Pulse Gram,1 Kg,National Average,239.56
2023-12-01,2023-12,Pulse Gram,1 Kg,Islamabad,261.39
2023-12-01,2023-12,Pulse Gram,1 Kg,Rawalpindi,248.7
2023-12-01,2023-12,Pulse Gram,1 Kg,Gujranwala,222.46
2023-12-01,2023-12,Pulse Gram,1 Kg,Sialkot,220.0
2023-12-01,2023-12,Pulse Gram,1 Kg,Lahore,221.91
2023-12-01,2023-12,Pulse Gram,1 Kg,Faisalabad,230.71
2023-12-01,2023-12,Pulse Gram,1 Kg,Sargodha,216.61
2023-12-01,2023-12,Pulse Gram,1 Kg,Multan,250.45
2023-12-01,2023-12,Pulse Gram,1 Kg,Bahawalpur,217.84
2023-12-01,2023-12,Pulse Gram,1 Kg,Karachi,243.64
2023-12-01,2023-12,Pulse Gram,1 Kg,Hyderabad,231.3
2023-12-01,2023-12,Pulse Gram,1 Kg,Sukkur,229.38
2023-12-01,2023-12,Pulse Gram,1 Kg,Larkana,230.57
2023-12-01,2023-12,Pulse Gram,1 Kg,Peshawar,270.44
2023-12-01,2023-12,Pulse Gram,1 Kg,Bannu,244.91
2023-12-01,2023-12,Pulse Gram,1 Kg,Quetta,289.1
2023-12-01,2023-12,Pulse Gram,1 Kg,Khuzdar,256.62
2023-12-01,2023-12,Potatoes,1 Kg,National Average,83.25
2023-12-01,2023-12,Potatoes,1 Kg,Islamabad,111.76
2023-12-01,2023-12,Potatoes,1 Kg,Rawalpindi,104.68
2023-12-01,2023-12,Potatoes,1 Kg,Gujranwala,79.13
2023-12-01,2023-12,Potatoes,1 Kg,Sialkot,87.89
2023-12-01,2023-12,Potatoes,1 Kg,Lahore,83.52
2023-12-01,2023-12,Potatoes,1 Kg,Faisalabad,79.67
2023-12-01,2023-12,Potatoes,1 Kg,Sargodha,74.06
2023-12-01,2023-12,Potatoes,1 Kg,Multan,88.75
2023-12-01,2023-12,Potatoes,1 Kg,Bahawalpur,85.86
2023-12-01,2023-12,Potatoes,1 Kg,Karachi,80.26
2023-12-01,2023-12,Potatoes,1 Kg,Hyderabad,71.37
2023-12-01,2023-12,Potatoes,1 Kg,Sukkur,71.35
2023-12-01,2023-12,Potatoes,1 Kg,Larkana,65.29
2023-12-01,2023-12,Potatoes,1 Kg,Peshawar,94.83
2023-12-01,2023-12,Potatoes,1 Kg,Bannu,81.81
2023-12-01,2023-12,Potatoes,1 Kg,Quetta,78.27
2023-12-01,2023-12,Potatoes,1 Kg,Khuzdar,89.44
2023-12-01,2023-12,Onions,1 Kg,National Average,167.38
2023-12-01,2023-12,Onions,1 Kg,Islamabad,211.02
2023-12-01,2023-12,Onions,1 Kg,Rawalpindi,192.72
2023-12-01,2023-12,Onions,1 Kg,Gujranwala,185.5
2023-12-01,2023-12,Onions,1 Kg,Sialkot,202.33
2023-12-01,2023-12,Onions,1 Kg,Lahore,183.24
2023-12-01,2023-12,Onions,1 Kg,Faisalabad,163.6
2023-12-01,2023-12,Onions,1 Kg,Sargodha,162.87
2023-12-01,2023-12,Onions,1 Kg,Multan,166.41
2023-12-01,2023-12,Onions,1 Kg,Bahawalpur,157.19
2023-12-01,2023-12,Onions,1 Kg,Karachi,161.9
2023-12-01,2023-12,Onions,1 Kg,Hyderabad,147.51
2023-12-01,2023-12,Onions,1 Kg,Sukkur,169.18
2023-12-01,2023-12,Onions,1 Kg,Larkana,154.6
2023-12-01,2023-12,Onions,1 Kg,Peshawar,156.99
2023-12-01,2023-12,Onions,1 Kg,Bannu,144.47
2023-12-01,2023-12,Onions,1 Kg,Quetta,151.21
2023-12-01,2023-12,Onions,1 Kg,Khuzdar,152.12
2023-12-01,2023-12,Tomatoes,1 Kg,National Average,111.21
2023-12-01,2023-12,Tomatoes,1 Kg,Islamabad,144.47
2023-12-01,2023-12,Tomatoes,1 Kg,Rawalpindi,133.78
2023-12-01,2023-12,Tomatoes,1 Kg,Gujranwala,124.71
2023-12-01,2023-12,Tomatoes,1 Kg,Sialkot,127.3
2023-12-01,2023-12,Tomatoes,1 Kg,Lahore,115.16
2023-12-01,2023-12,Tomatoes,1 Kg,Faisalabad,112.15
2023-12-01,2023-12,Tomatoes,1 Kg,Sargodha,104.66
2023-12-01,2023-12,Tomatoes,1 Kg,Multan,105.02
2023-12-01,2023-12,Tomatoes,1 Kg,Bahawalpur,107.11
2023-12-01,2023-12,Tomatoes,1 Kg,Karachi,92.95
2023-12-01,2023-12,Tomatoes,1 Kg,Hyderabad,79.9
2023-12-01,2023-12,Tomatoes,1 Kg,Sukkur,100.0
2023-12-01,2023-12,Tomatoes,1 Kg,Larkana,102.38
2023-12-01,2023-12,Tomatoes,1 Kg,Peshawar,121.76
2023-12-01,2023-12,Tomatoes,1 Kg,Bannu,104.66
2023-12-01,2023-12,Tomatoes,1 Kg,Quetta,113.79
2023-12-01,2023-12,Tomatoes,1 Kg,Khuzdar,118.42
2024-01-01,2024-01,Pulse Masoor (Washed),1 Kg,National Average,339.5
2024-01-01,2024-01,Pulse Masoor (Washed),1 Kg,Islamabad,374.71
2024-01-01,2024-01,Pulse Masoor (Washed),1 Kg,Rawalpindi,358.44
2024-01-01,2024-01,Pulse Masoor (Washed),1 Kg,Gujranwala,322.47
2024-01-01,2024-01,Pulse Masoor (Washed),1 Kg,Sialkot,330.0
2024-01-01,2024-01,Pulse Masoor (Washed),1 Kg,Lahore,329.43
2024-01-01,2024-01,Pulse Masoor (Washed),1 Kg,Faisalabad,346.54
2024-01-01,2024-01,Pulse Masoor (Washed),1 Kg,Sargodha,340.0
2024-01-01,2024-01,Pulse Masoor (Washed),1 Kg,Multan,338.12
2024-01-01,2024-01,Pulse Masoor (Washed),1 Kg,Bahawalpur,320.0
2024-01-01,2024-01,Pulse Masoor (Washed),1 Kg,Karachi,342.39
2024-01-01,2024-01,Pulse Masoor (Washed),1 Kg,Hyderabad,333.2
2024-01-01,2024-01,Pulse Masoor (Washed),1 Kg,Sukkur,340.0
2024-01-01,2024-01,Pulse Masoor (Washed),1 Kg,Larkana,326.53
2024-01-01,2024-01,Pulse Masoor (Washed),1 Kg,Peshawar,337.75
2024-01-01,2024-01,Pulse Masoor (Washed),1 Kg,Bannu,320.0
2024-01-01,2024-01,Pulse Masoor (Washed),1 Kg,Quetta,366.11
2024-01-01,2024-01,Pulse Masoor (Washed),1 Kg,Khuzdar,351.53
2024-01-01,2024-01,Pulse Moong (Washed),1 Kg,National Average,302.54
2024-01-01,2024-01,Pulse Moong (Washed),1 Kg,Islamabad,314.35
2024-01-01,2024-01,Pulse Moong (Washed),1 Kg,Rawalpindi,291.19
2024-01-01,2024-01,Pulse Moong (Washed),1 Kg,Gujranwala,284.87
2024-01-01,2024-01,Pulse Moong (Washed),1 Kg,Sialkot,274.87
2024-01-01,2024-01,Pulse Moong (Washed),1 Kg,Lahore,270.4
2024-01-01,2024-01,Pulse Moong (Washed),1 Kg,Faisalabad,293.3
2024-01-01,2024-01,Pulse Moong (Washed),1 Kg,Sargodha,296.63
2024-01-01,2024-01,Pulse Moong (Washed),1 Kg,Multan,308.73
2024-01-01,2024-01,Pulse Moong (Washed),1 Kg,Bahawalpur,294.1
2024-01-01,2024-01,Pulse Moong (Washed),1 Kg,Karachi,300.43
2024-01-01,2024-01,Pulse Moong (Washed),1 Kg,Hyderabad,326.95
2024-01-01,2024-01,Pulse Moong (Washed),1 Kg,Sukkur,344.89
2024-01-01,2024-01,Pulse Moong (Washed),1 Kg,Larkana,305.26
2024-01-01,2024-01,Pulse Moong (Washed),1 Kg,Peshawar,280.0
2024-01-01,2024-01,Pulse Moong (Washed),1 Kg,Bannu,297.47
2024-01-01,2024-01,Pulse Moong (Washed),1 Kg,Quetta,346.1
2024-01-01,2024-01,Pulse Moong (Washed),1 Kg,Khuzdar,326.63
2024-01-01,2024-01,Pulse Mash (Washed),1 Kg,National Average,539.94
2024-01-01,2024-01,Pulse Mash (Washed),1 Kg,Islamabad,571.01
2024-01-01,2024-01,Pulse Mash (Washed),1 Kg,Rawalpindi,552.61
2024-01-01,2024-01,Pulse Mash (Washed),1 Kg,Gujranwala,524.93
2024-01-01,2024-01,Pulse Mash (Washed),1 Kg,Sialkot,521.25
2024-01-01,2024-01,Pulse Mash (Washed),1 Kg,Lahore,535.21
2024-01-01,2024-01,Pulse Mash (Washed),1 Kg,Faisalabad,569.94
2024-01-01,2024-01,Pulse Mash (Washed),1 Kg,Sargodha,556.65
2024-01-01,2024-01,Pulse Mash (Washed),1 Kg,Multan,549.94
2024-01-01,2024-01,Pulse Mash (Washed),1 Kg,Bahawalpur,533.25
2024-01-01,2024-01,Pulse Mash (Washed),1 Kg,Karachi,543.45
2024-01-01,2024-01,Pulse Mash (Washed),1 Kg,Hyderabad,529.28
2024-01-01,2024-01,Pulse Mash (Washed),1 Kg,Sukkur,520.0
2024-01-01,2024-01,Pulse Mash (Washed),1 Kg,Larkana,545.18
2024-01-01,2024-01,Pulse Mash (Washed),1 Kg,Peshawar,552.21
2024-01-01,2024-01,Pulse Mash (Washed),1 Kg,Bannu,560.0
2024-01-01,2024-01,Pulse Mash (Washed),1 Kg,Quetta,558.34
2024-01-01,2024-01,Pulse Mash (Washed),1 Kg,Khuzdar,465.42
2024-01-01,2024-01,Pulse Gram,1 Kg,National Average,257.78
2024-01-01,2024-01,Pulse Gram,1 Kg,Islamabad,276.4
2024-01-01,2024-01,Pulse Gram,1 Kg,Rawalpindi,261.03
2024-01-01,2024-01,Pulse Gram,1 Kg,Gujranwala,240.0
2024-01-01,2024-01,Pulse Gram,1 Kg,Sialkot,232.49
2024-01-01,2024-01,Pulse Gram,1 Kg,Lahore,248.85
2024-01-01,2024-01,Pulse Gram,1 Kg,Faisalabad,244.78
2024-01-01,2024-01,Pulse Gram,1 Kg,Sargodha,238.3
2024-01-01,2024-01,Pulse Gram,1 Kg,Multan,272.43
2024-01-01,2024-01,Pulse Gram,1 Kg,Bahawalpur,248.13
2024-01-01,2024-01,Pulse Gram,1 Kg,Karachi,257.58
2024-01-01,2024-01,Pulse Gram,1 Kg,Hyderabad,247.99
2024-01-01,2024-01,Pulse Gram,1 Kg,Sukkur,260.0
2024-01-01,2024-01,Pulse Gram,1 Kg,Larkana,243.94
2024-01-01,2024-01,Pulse Gram,1 Kg,Peshawar,296.62
2024-01-01,2024-01,Pulse Gram,1 Kg,Bannu,257.46
2024-01-01,2024-01,Pulse Gram,1 Kg,Quetta,289.93
2024-01-01,2024-01,Pulse Gram,1 Kg,Khuzdar,276.63
2024-01-01,2024-01,Potatoes,1 Kg,National Average,59.24
2024-01-01,2024-01,Potatoes,1 Kg,Islamabad,86.78
2024-01-01,2024-01,Potatoes,1 Kg,Rawalpindi,80.47
2024-01-01,2024-01,Potatoes,1 Kg,Gujranwala,59.72
2024-01-01,2024-01,Potatoes,1 Kg,Sialkot,68.87
2024-01-01,2024-01,Potatoes,1 Kg,Lahore,63.6
2024-01-01,2024-01,Potatoes,1 Kg,Faisalabad,50.12
2024-01-01,2024-01,Potatoes,1 Kg,Sargodha,51.87
2024-01-01,2024-01,Potatoes,1 Kg,Multan,59.35
2024-01-01,2024-01,Potatoes,1 Kg,Bahawalpur,58.2
2024-01-01,2024-01,Potatoes,1 Kg,Karachi,59.23
2024-01-01,2024-01,Potatoes,1 Kg,Hyderabad,50.91
2024-01-01,2024-01,Potatoes,1 Kg,Sukkur,46.42
2024-01-01,2024-01,Potatoes,1 Kg,Larkana,41.97
2024-01-01,2024-01,Potatoes,1 Kg,Peshawar,76.26
2024-01-01,2024-01,Potatoes,1 Kg,Bannu,53.13
2024-01-01,2024-01,Potatoes,1 Kg,Quetta,58.52
2024-01-01,2024-01,Potatoes,1 Kg,Khuzdar,59.72
2024-01-01,2024-01,Onions,1 Kg,National Average,214.14
2024-01-01,2024-01,Onions,1 Kg,Islamabad,242.16
2024-01-01,2024-01,Onions,1 Kg,Rawalpindi,235.23
2024-01-01,2024-01,Onions,1 Kg,Gujranwala,222.16
2024-01-01,2024-01,Onions,1 Kg,Sialkot,235.75
2024-01-01,2024-01,Onions,1 Kg,Lahore,234.63
2024-01-01,2024-01,Onions,1 Kg,Faisalabad,193.4
2024-01-01,2024-01,Onions,1 Kg,Sargodha,212.25
2024-01-01,2024-01,Onions,1 Kg,Multan,210.89
2024-01-01,2024-01,Onions,1 Kg,Bahawalpur,217.96
2024-01-01,2024-01,Onions,1 Kg,Karachi,206.09
2024-01-01,2024-01,Onions,1 Kg,Hyderabad,187.92
2024-01-01,2024-01,Onions,1 Kg,Sukkur,211.11
2024-01-01,2024-01,Onions,1 Kg,Larkana,213.44
2024-01-01,2024-01,Onions,1 Kg,Peshawar,216.05
2024-01-01,2024-01,Onions,1 Kg,Bannu,190.6
2024-01-01,2024-01,Onions,1 Kg,Quetta,193.39
2024-01-01,2024-01,Onions,1 Kg,Khuzdar,228.05
2024-01-01,2024-01,Tomatoes,1 Kg,National Average,138.21
2024-01-01,2024-01,Tomatoes,1 Kg,Islamabad,179.3
2024-01-01,2024-01,Tomatoes,1 Kg,Rawalpindi,160.73
2024-01-01,2024-01,Tomatoes,1 Kg,Gujranwala,150.64
2024-01-01,2024-01,Tomatoes,1 Kg,Sialkot,149.83
2024-01-01,2024-01,Tomatoes,1 Kg,Lahore,152.06
2024-01-01,2024-01,Tomatoes,1 Kg,Faisalabad,138.35
2024-01-01,2024-01,Tomatoes,1 Kg,Sargodha,135.19
2024-01-01,2024-01,Tomatoes,1 Kg,Multan,140.9
2024-01-01,2024-01,Tomatoes,1 Kg,Bahawalpur,143.29
2024-01-01,2024-01,Tomatoes,1 Kg,Karachi,119.43
2024-01-01,2024-01,Tomatoes,1 Kg,Hyderabad,112.57
2024-01-01,2024-01,Tomatoes,1 Kg,Sukkur,109.54
2024-01-01,2024-01,Tomatoes,1 Kg,Larkana,136.1
2024-01-01,2024-01,Tomatoes,1 Kg,Peshawar,150.66
2024-01-01,2024-01,Tomatoes,1 Kg,Bannu,117.92
2024-01-01,2024-01,Tomatoes,1 Kg,Quetta,133.31
2024-01-01,2024-01,Tomatoes,1 Kg,Khuzdar,138.26
2024-02-01,2024-02,Pulse Masoor (Washed),1 Kg,National Average,333.59
2024-02-01,2024-02,Pulse Masoor (Washed),1 Kg,Islamabad,383.94
2024-02-01,2024-02,Pulse Masoor (Washed),1 Kg,Rawalpindi,365.17
2024-02-01,2024-02,Pulse Masoor (Washed),1 Kg,Gujranwala,310.0
2024-02-01,2024-02,Pulse Masoor (Washed),1 Kg,Sialkot,310.0
2024-02-01,2024-02,Pulse Masoor (Washed),1 Kg,Lahore,340.87
2024-02-01,2024-02,Pulse Masoor (Washed),1 Kg,Faisalabad,346.54
2024-02-01,2024-02,Pulse Masoor (Washed),1 Kg,Sargodha,324.89
2024-02-01,2024-02,Pulse Masoor (Washed),1 Kg,Multan,317.35
2024-02-01,2024-02,Pulse Masoor (Washed),1 Kg,Bahawalpur,308.18
2024-02-01,2024-02,Pulse Masoor (Washed),1 Kg,Karachi,342.36
2024-02-01,2024-02,Pulse Masoor (Washed),1 Kg,Hyderabad,330.43
2024-02-01,2024-02,Pulse Masoor (Washed),1 Kg,Sukkur,329.85
2024-02-01,2024-02,Pulse Masoor (Washed),1 Kg,Larkana,317.44
2024-02-01,2024-02,Pulse Masoor (Washed),1 Kg,Peshawar,334.1
2024-02-01,2024-02,Pulse Masoor (Washed),1 Kg,Bannu,314.88
2024-02-01,2024-02,Pulse Masoor (Washed),1 Kg,Quetta,377.42
2024-02-01,2024-02,Pulse Masoor (Washed),1 Kg,Khuzdar,329.9
2024-02-01,2024-02,Pulse Moong (Washed),1 Kg,National Average,311.92
2024-02-01,2024-02,Pulse Moong (Washed),1 Kg,Islamabad,326.26
2024-02-01,2024-02,Pulse Moong (Washed),1 Kg,Rawalpindi,302.59
2024-02-01,2024-02,Pulse Moong (Washed),1 Kg,Gujranwala,300.0
2024-02-01,2024-02,Pulse Moong (Washed),1 Kg,Sialkot,290.0
2024-02-01,2024-02,Pulse Moong (Washed),1 Kg,Lahore,289.38
2024-02-01,2024-02,Pulse Moong (Washed),1 Kg,Faisalabad,291.65
2024-02-01,2024-02,Pulse Moong (Washed),1 Kg,Sargodha,318.31
2024-02-01,2024-02,Pulse Moong (Washed),1 Kg,Multan,304.37
2024-02-01,2024-02,Pulse Moong (Washed),1 Kg,Bahawalpur,290.76
2024-02-01,2024-02,Pulse Moong (Washed),1 Kg,Karachi,306.73
2024-02-01,2024-02,Pulse Moong (Washed),1 Kg,Hyderabad,330.22
2024-02-01,2024-02,Pulse Moong (Washed),1 Kg,Sukkur,340.0
2024-02-01,2024-02,Pulse Moong (Washed),1 Kg,Larkana,318.28
2024-02-01,2024-02,Pulse Moong (Washed),1 Kg,Peshawar,297.75
2024-02-01,2024-02,Pulse Moong (Washed),1 Kg,Bannu,300.0
2024-02-01,2024-02,Pulse Moong (Washed),1 Kg,Quetta,387.43
2024-02-01,2024-02,Pulse Moong (Washed),1 Kg,Khuzdar,323.3
2024-02-01,2024-02,Pulse Mash (Washed),1 Kg,National Average,540.03
2024-02-01,2024-02,Pulse Mash (Washed),1 Kg,Islamabad,580.55
2024-02-01,2024-02,Pulse Mash (Washed),1 Kg,Rawalpindi,557.27
2024-02-01,2024-02,Pulse Mash (Washed),1 Kg,Gujranwala,520.0
2024-02-01,2024-02,Pulse Mash (Washed),1 Kg,Sialkot,504.98
2024-02-01,2024-02,Pulse Mash (Washed),1 Kg,Lahore,582.2
2024-02-01,2024-02,Pulse Mash (Washed),1 Kg,Faisalabad,569.94
2024-02-01,2024-02,Pulse Mash (Washed),1 Kg,Sargodha,540.0
2024-02-01,2024-02,Pulse Mash (Washed),1 Kg,Multan,528.62
2024-02-01,2024-02,Pulse Mash (Washed),1 Kg,Bahawalpur,514.93
2024-02-01,2024-02,Pulse Mash (Washed),1 Kg,Karachi,507.53
2024-02-01,2024-02,Pulse Mash (Washed),1 Kg,Hyderabad,481.82
2024-02-01,2024-02,Pulse Mash (Washed),1 Kg,Sukkur,489.7
2024-02-01,2024-02,Pulse Mash (Washed),1 Kg,Larkana,558.86
2024-02-01,2024-02,Pulse Mash (Washed),1 Kg,Peshawar,552.21
2024-02-01,2024-02,Pulse Mash (Washed),1 Kg,Bannu,587.02
2024-02-01,2024-02,Pulse Mash (Washed),1 Kg,Quetta,604.9
2024-02-01,2024-02,Pulse Mash (Washed),1 Kg,Khuzdar,519.71
2024-02-01,2024-02,Pulse Gram,1 Kg,National Average,259.56
2024-02-01,2024-02,Pulse Gram,1 Kg,Islamabad,287.35
2024-02-01,2024-02,Pulse Gram,1 Kg,Rawalpindi,271.92
2024-02-01,2024-02,Pulse Gram,1 Kg,Gujranwala,240.0
2024-02-01,2024-02,Pulse Gram,1 Kg,Sialkot,233.74
2024-02-01,2024-02,Pulse Gram,1 Kg,Lahore,250.9
2024-02-01,2024-02,Pulse Gram,1 Kg,Faisalabad,238.24
2024-02-01,2024-02,Pulse Gram,1 Kg,Sargodha,240.0
2024-02-01,2024-02,Pulse Gram,1 Kg,Multan,266.19
2024-02-01,2024-02,Pulse Gram,1 Kg,Bahawalpur,256.62
2024-02-01,2024-02,Pulse Gram,1 Kg,Karachi,266.52
2024-02-01,2024-02,Pulse Gram,1 Kg,Hyderabad,248.44
2024-02-01,2024-02,Pulse Gram,1 Kg,Sukkur,260.0
2024-02-01,2024-02,Pulse Gram,1 Kg,Larkana,240.0
2024-02-01,2024-02,Pulse Gram,1 Kg,Peshawar,292.65
2024-02-01,2024-02,Pulse Gram,1 Kg,Bannu,260.0
2024-02-01,2024-02,Pulse Gram,1 Kg,Quetta,294.97
2024-02-01,2024-02,Pulse Gram,1 Kg,Khuzdar,276.63
2024-02-01,2024-02,Potatoes,1 Kg,National Average,68.35
2024-02-01,2024-02,Potatoes,1 Kg,Islamabad,87.92
2024-02-01,2024-02,Potatoes,1 Kg,Rawalpindi,79.22
2024-02-01,2024-02,Potatoes,1 Kg,Gujranwala,71.58
2024-02-01,2024-02,Potatoes,1 Kg,Sialkot,71.58
2024-02-01,2024-02,Potatoes,1 Kg,Lahore,69.74
2024-02-01,2024-02,Potatoes,1 Kg,Faisalabad,61.17
2024-02-01,2024-02,Potatoes,1 Kg,Sargodha,62.36
2024-02-01,2024-02,Potatoes,1 Kg,Multan,66.87
2024-02-01,2024-02,Potatoes,1 Kg,Bahawalpur,71.33
2024-02-01,2024-02,Potatoes,1 Kg,Karachi,65.75
2024-02-01,2024-02,Potatoes,1 Kg,Hyderabad,60.15
2024-02-01,2024-02,Potatoes,1 Kg,Sukkur,55.61
2024-02-01,2024-02,Potatoes,1 Kg,Larkana,56.46
2024-02-01,2024-02,Potatoes,1 Kg,Peshawar,81.82
2024-02-01,2024-02,Potatoes,1 Kg,Bannu,72.38
2024-02-01,2024-02,Potatoes,1 Kg,Quetta,62.21
2024-02-01,2024-02,Potatoes,1 Kg,Khuzdar,74.89
2024-02-01,2024-02,Onions,1 Kg,National Average,221.59
2024-02-01,2024-02,Onions,1 Kg,Islamabad,281.97
2024-02-01,2024-02,Onions,1 Kg,Rawalpindi,267.97
2024-02-01,2024-02,Onions,1 Kg,Gujranwala,233.53
2024-02-01,2024-02,Onions,1 Kg,Sialkot,230.64
2024-02-01,2024-02,Onions,1 Kg,Lahore,228.16
2024-02-01,2024-02,Onions,1 Kg,Faisalabad,202.18
2024-02-01,2024-02,Onions,1 Kg,Sargodha,219.17
2024-02-01,2024-02,Onions,1 Kg,Multan,190.83
2024-02-01,2024-02,Onions,1 Kg,Bahawalpur,203.6
2024-02-01,2024-02,Onions,1 Kg,Karachi,230.28
2024-02-01,2024-02,Onions,1 Kg,Hyderabad,221.79
2024-02-01,2024-02,Onions,1 Kg,Sukkur,182.81
2024-02-01,2024-02,Onions,1 Kg,Larkana,196.19
2024-02-01,2024-02,Onions,1 Kg,Peshawar,259.95
2024-02-01,2024-02,Onions,1 Kg,Bannu,195.27
2024-02-01,2024-02,Onions,1 Kg,Quetta,210.13
2024-02-01,2024-02,Onions,1 Kg,Khuzdar,239.64
2024-02-01,2024-02,Tomatoes,1 Kg,National Average,122.11
2024-02-01,2024-02,Tomatoes,1 Kg,Islamabad,150.66
2024-02-01,2024-02,Tomatoes,1 Kg,Rawalpindi,139.81
2024-02-01,2024-02,Tomatoes,1 Kg,Gujranwala,135.05
2024-02-01,2024-02,Tomatoes,1 Kg,Sialkot,129.03
2024-02-01,2024-02,Tomatoes,1 Kg,Lahore,137.84
2024-02-01,2024-02,Tomatoes,1 Kg,Faisalabad,123.54
2024-02-01,2024-02,Tomatoes,1 Kg,Sargodha,115.44
2024-02-01,2024-02,Tomatoes,1 Kg,Multan,128.72
2024-02-01,2024-02,Tomatoes,1 Kg,Bahawalpur,134.98
2024-02-01,2024-02,Tomatoes,1 Kg,Karachi,104.91
2024-02-01,2024-02,Tomatoes,1 Kg,Hyderabad,101.81
2024-02-01,2024-02,Tomatoes,1 Kg,Sukkur,112.69
2024-02-01,2024-02,Tomatoes,1 Kg,Larkana,111.78
2024-02-01,2024-02,Tomatoes,1 Kg,Peshawar,128.24
2024-02-01,2024-02,Tomatoes,1 Kg,Bannu,114.03
2024-02-01,2024-02,Tomatoes,1 Kg,Quetta,98.31
2024-02-01,2024-02,Tomatoes,1 Kg,Khuzdar,123.01
2024-03-01,2024-03,Pulse Masoor (Washed),1 Kg,National Average,333.59
2024-03-01,2024-03,Pulse Masoor (Washed),1 Kg,Islamabad,383.94
2024-03-01,2024-03,Pulse Masoor (Washed),1 Kg,Rawalpindi,365.17
2024-03-01,2024-03,Pulse Masoor (Washed),1 Kg,Gujranwala,310.0
2024-03-01,2024-03,Pulse Masoor (Washed),1 Kg,Sialkot,310.0
2024-03-01,2024-03,Pulse Masoor (Washed),1 Kg,Lahore,340.87
2024-03-01,2024-03,Pulse Masoor (Washed),1 Kg,Faisalabad,346.54
2024-03-01,2024-03,Pulse Masoor (Washed),1 Kg,Sargodha,324.89
2024-03-01,2024-03,Pulse Masoor (Washed),1 Kg,Multan,317.35
2024-03-01,2024-03,Pulse Masoor (Washed),1 Kg,Bahawalpur,308.18
2024-03-01,2024-03,Pulse Masoor (Washed),1 Kg,Karachi,342.36
2024-03-01,2024-03,Pulse Masoor (Washed),1 Kg,Hyderabad,330.43
2024-03-01,2024-03,Pulse Masoor (Washed),1 Kg,Sukkur,329.85
2024-03-01,2024-03,Pulse Masoor (Washed),1 Kg,Larkana,317.44
2024-03-01,2024-03,Pulse Masoor (Washed),1 Kg,Peshawar,334.1
2024-03-01,2024-03,Pulse Masoor (Washed),1 Kg,Bannu,314.88
2024-03-01,2024-03,Pulse Masoor (Washed),1 Kg,Quetta,377.42
2024-03-01,2024-03,Pulse Masoor (Washed),1 Kg,Khuzdar,329.9
2024-03-01,2024-03,Pulse Moong (Washed),1 Kg,National Average,311.92
2024-03-01,2024-03,Pulse Moong (Washed),1 Kg,Islamabad,326.26
2024-03-01,2024-03,Pulse Moong (Washed),1 Kg,Rawalpindi,302.59
2024-03-01,2024-03,Pulse Moong (Washed),1 Kg,Gujranwala,300.0
2024-03-01,2024-03,Pulse Moong (Washed),1 Kg,Sialkot,290.0
2024-03-01,2024-03,Pulse Moong (Washed),1 Kg,Lahore,289.38
2024-03-01,2024-03,Pulse Moong (Washed),1 Kg,Faisalabad,291.65
2024-03-01,2024-03,Pulse Moong (Washed),1 Kg,Sargodha,318.31
2024-03-01,2024-03,Pulse Moong (Washed),1 Kg,Multan,304.37
2024-03-01,2024-03,Pulse Moong (Washed),1 Kg,Bahawalpur,290.76
2024-03-01,2024-03,Pulse Moong (Washed),1 Kg,Karachi,306.73
2024-03-01,2024-03,Pulse Moong (Washed),1 Kg,Hyderabad,330.22
2024-03-01,2024-03,Pulse Moong (Washed),1 Kg,Sukkur,340.0
2024-03-01,2024-03,Pulse Moong (Washed),1 Kg,Larkana,318.28
2024-03-01,2024-03,Pulse Moong (Washed),1 Kg,Peshawar,297.75
2024-03-01,2024-03,Pulse Moong (Washed),1 Kg,Bannu,300.0
2024-03-01,2024-03,Pulse Moong (Washed),1 Kg,Quetta,387.43
2024-03-01,2024-03,Pulse Moong (Washed),1 Kg,Khuzdar,323.3
2024-03-01,2024-03,Pulse Mash (Washed),1 Kg,National Average,540.03
2024-03-01,2024-03,Pulse Mash (Washed),1 Kg,Islamabad,580.55
2024-03-01,2024-03,Pulse Mash (Washed),1 Kg,Rawalpindi,557.27
2024-03-01,2024-03,Pulse Mash (Washed),1 Kg,Gujranwala,520.0
2024-03-01,2024-03,Pulse Mash (Washed),1 Kg,Sialkot,504.98
2024-03-01,2024-03,Pulse Mash (Washed),1 Kg,Lahore,582.2
2024-03-01,2024-03,Pulse Mash (Washed),1 Kg,Faisalabad,569.94
2024-03-01,2024-03,Pulse Mash (Washed),1 Kg,Sargodha,540.0
2024-03-01,2024-03,Pulse Mash (Washed),1 Kg,Multan,528.62
2024-03-01,2024-03,Pulse Mash (Washed),1 Kg,Bahawalpur,514.93
2024-03-01,2024-03,Pulse Mash (Washed),1 Kg,Karachi,507.53
2024-03-01,2024-03,Pulse Mash (Washed),1 Kg,Hyderabad,481.82
2024-03-01,2024-03,Pulse Mash (Washed),1 Kg,Sukkur,489.7
2024-03-01,2024-03,Pulse Mash (Washed),1 Kg,Larkana,558.86
2024-03-01,2024-03,Pulse Mash (Washed),1 Kg,Peshawar,552.21
2024-03-01,2024-03,Pulse Mash (Washed),1 Kg,Bannu,587.02
2024-03-01,2024-03,Pulse Mash (Washed),1 Kg,Quetta,604.9
2024-03-01,2024-03,Pulse Mash (Washed),1 Kg,Khuzdar,519.71
2024-03-01,2024-03,Pulse Gram,1 Kg,National Average,259.56
2024-03-01,2024-03,Pulse Gram,1 Kg,Islamabad,287.35
2024-03-01,2024-03,Pulse Gram,1 Kg,Rawalpindi,271.92
2024-03-01,2024-03,Pulse Gram,1 Kg,Gujranwala,240.0
2024-03-01,2024-03,Pulse Gram,1 Kg,Sialkot,233.74
2024-03-01,2024-03,Pulse Gram,1 Kg,Lahore,250.9
2024-03-01,2024-03,Pulse Gram,1 Kg,Faisalabad,238.24
2024-03-01,2024-03,Pulse Gram,1 Kg,Sargodha,240.0
2024-03-01,2024-03,Pulse Gram,1 Kg,Multan,266.19
2024-03-01,2024-03,Pulse Gram,1 Kg,Bahawalpur,256.62
2024-03-01,2024-03,Pulse Gram,1 Kg,Karachi,266.52
2024-03-01,2024-03,Pulse Gram,1 Kg,Hyderabad,248.44
2024-03-01,2024-03,Pulse Gram,1 Kg,Sukkur,260.0
2024-03-01,2024-03,Pulse Gram,1 Kg,Larkana,240.0
2024-03-01,2024-03,Pulse Gram,1 Kg,Peshawar,292.65
2024-03-01,2024-03,Pulse Gram,1 Kg,Bannu,260.0
2024-03-01,2024-03,Pulse Gram,1 Kg,Quetta,294.97
2024-03-01,2024-03,Pulse Gram,1 Kg,Khuzdar,276.63
2024-03-01,2024-03,Potatoes,1 Kg,National Average,68.35
2024-03-01,2024-03,Potatoes,1 Kg,Islamabad,87.92
2024-03-01,2024-03,Potatoes,1 Kg,Rawalpindi,79.22
2024-03-01,2024-03,Potatoes,1 Kg,Gujranwala,71.58
2024-03-01,2024-03,Potatoes,1 Kg,Sialkot,71.58
2024-03-01,2024-03,Potatoes,1 Kg,Lahore,69.74
2024-03-01,2024-03,Potatoes,1 Kg,Faisalabad,61.17
2024-03-01,2024-03,Potatoes,1 Kg,Sargodha,62.36
2024-03-01,2024-03,Potatoes,1 Kg,Multan,66.87
2024-03-01,2024-03,Potatoes,1 Kg,Bahawalpur,71.33
2024-03-01,2024-03,Potatoes,1 Kg,Karachi,65.75
2024-03-01,2024-03,Potatoes,1 Kg,Hyderabad,60.15
2024-03-01,2024-03,Potatoes,1 Kg,Sukkur,55.61
2024-03-01,2024-03,Potatoes,1 Kg,Larkana,56.46
2024-03-01,2024-03,Potatoes,1 Kg,Peshawar,81.82
2024-03-01,2024-03,Potatoes,1 Kg,Bannu,72.38
2024-03-01,2024-03,Potatoes,1 Kg,Quetta,62.21
2024-03-01,2024-03,Potatoes,1 Kg,Khuzdar,74.89
2024-03-01,2024-03,Onions,1 Kg,National Average,221.59
2024-03-01,2024-03,Onions,1 Kg,Islamabad,281.97
2024-03-01,2024-03,Onions,1 Kg,Rawalpindi,267.97
2024-03-01,2024-03,Onions,1 Kg,Gujranwala,233.53
2024-03-01,2024-03,Onions,1 Kg,Sialkot,230.64
2024-03-01,2024-03,Onions,1 Kg,Lahore,228.16
2024-03-01,2024-03,Onions,1 Kg,Faisalabad,202.18
2024-03-01,2024-03,Onions,1 Kg,Sargodha,219.17
2024-03-01,2024-03,Onions,1 Kg,Multan,190.83
2024-03-01,2024-03,Onions,1 Kg,Bahawalpur,203.6
2024-03-01,2024-03,Onions,1 Kg,Karachi,230.28
2024-03-01,2024-03,Onions,1 Kg,Hyderabad,221.79
2024-03-01,2024-03,Onions,1 Kg,Sukkur,182.81
2024-03-01,2024-03,Onions,1 Kg,Larkana,196.19
2024-03-01,2024-03,Onions,1 Kg,Peshawar,259.95
2024-03-01,2024-03,Onions,1 Kg,Bannu,195.27
2024-03-01,2024-03,Onions,1 Kg,Quetta,210.13
2024-03-01,2024-03,Onions,1 Kg,Khuzdar,239.64
2024-03-01,2024-03,Tomatoes,1 Kg,National Average,122.11
2024-03-01,2024-03,Tomatoes,1 Kg,Islamabad,150.66
2024-03-01,2024-03,Tomatoes,1 Kg,Rawalpindi,139.81
2024-03-01,2024-03,Tomatoes,1 Kg,Gujranwala,135.05
2024-03-01,2024-03,Tomatoes,1 Kg,Sialkot,129.03
2024-03-01,2024-03,Tomatoes,1 Kg,Lahore,137.84
2024-03-01,2024-03,Tomatoes,1 Kg,Faisalabad,123.54
2024-03-01,2024-03,Tomatoes,1 Kg,Sargodha,115.44
2024-03-01,2024-03,Tomatoes,1 Kg,Multan,128.72
2024-03-01,2024-03,Tomatoes,1 Kg,Bahawalpur,134.98
2024-03-01,2024-03,Tomatoes,1 Kg,Karachi,104.91
2024-03-01,2024-03,Tomatoes,1 Kg,Hyderabad,101.81
2024-03-01,2024-03,Tomatoes,1 Kg,Sukkur,112.69
2024-03-01,2024-03,Tomatoes,1 Kg,Larkana,111.78
2024-03-01,2024-03,Tomatoes,1 Kg,Peshawar,128.24
2024-03-01,2024-03,Tomatoes,1 Kg,Bannu,114.03
2024-03-01,2024-03,Tomatoes,1 Kg,Quetta,98.31
2024-03-01,2024-03,Tomatoes,1 Kg,Khuzdar,123.01
2024-04-01,2024-04,Pulse Masoor (Washed),1 Kg,National Average,329.69
2024-04-01,2024-04,Pulse Masoor (Washed),1 Kg,Islamabad,383.94
2024-04-01,2024-04,Pulse Masoor (Washed),1 Kg,Rawalpindi,365.17
2024-04-01,2024-04,Pulse Masoor (Washed),1 Kg,Gujranwala,310.0
2024-04-01,2024-04,Pulse Masoor (Washed),1 Kg,Sialkot,310.0
2024-04-01,2024-04,Pulse Masoor (Washed),1 Kg,Lahore,340.87
2024-04-01,2024-04,Pulse Masoor (Washed),1 Kg,Faisalabad,346.54
2024-04-01,2024-04,Pulse Masoor (Washed),1 Kg,Sargodha,320.0
2024-04-01,2024-04,Pulse Masoor (Washed),1 Kg,Multan,303.72
2024-04-01,2024-04,Pulse Masoor (Washed),1 Kg,Bahawalpur,300.0
2024-04-01,2024-04,Pulse Masoor (Washed),1 Kg,Karachi,335.33
2024-04-01,2024-04,Pulse Masoor (Washed),1 Kg,Hyderabad,312.91
2024-04-01,2024-04,Pulse Masoor (Washed),1 Kg,Sukkur,320.0
2024-04-01,2024-04,Pulse Masoor (Washed),1 Kg,Larkana,320.0
2024-04-01,2024-04,Pulse Masoor (Washed),1 Kg,Peshawar,325.65
2024-04-01,2024-04,Pulse Masoor (Washed),1 Kg,Bannu,320.0
2024-04-01,2024-04,Pulse Masoor (Washed),1 Kg,Quetta,382.43
2024-04-01,2024-04,Pulse Masoor (Washed),1 Kg,Khuzdar,323.3
2024-04-01,2024-04,Pulse Moong (Washed),1 Kg,National Average,311.71
2024-04-01,2024-04,Pulse Moong (Washed),1 Kg,Islamabad,326.26
2024-04-01,2024-04,Pulse Moong (Washed),1 Kg,Rawalpindi,302.59
2024-04-01,2024-04,Pulse Moong (Washed),1 Kg,Gujranwala,300.0
2024-04-01,2024-04,Pulse Moong (Washed),1 Kg,Sialkot,290.0
2024-04-01,2024-04,Pulse Moong (Washed),1 Kg,Lahore,289.38
2024-04-01,2024-04,Pulse Moong (Washed),1 Kg,Faisalabad,288.31
2024-04-01,2024-04,Pulse Moong (Washed),1 Kg,Sargodha,320.0
2024-04-01,2024-04,Pulse Moong (Washed),1 Kg,Multan,304.37
2024-04-01,2024-04,Pulse Moong (Washed),1 Kg,Bahawalpur,289.88
2024-04-01,2024-04,Pulse Moong (Washed),1 Kg,Karachi,307.33
2024-04-01,2024-04,Pulse Moong (Washed),1 Kg,Hyderabad,323.91
2024-04-01,2024-04,Pulse Moong (Washed),1 Kg,Sukkur,340.0
2024-04-01,2024-04,Pulse Moong (Washed),1 Kg,Larkana,323.25
2024-04-01,2024-04,Pulse Moong (Washed),1 Kg,Peshawar,296.35
2024-04-01,2024-04,Pulse Moong (Washed),1 Kg,Bannu,302.47
2024-04-01,2024-04,Pulse Moong (Washed),1 Kg,Quetta,389.95
2024-04-01,2024-04,Pulse Moong (Washed),1 Kg,Khuzdar,320.0
2024-04-01,2024-04,Pulse Mash (Washed),1 Kg,National Average,541.09
2024-04-01,2024-04,Pulse Mash (Washed),1 Kg,Islamabad,580.55
2024-04-01,2024-04,Pulse Mash (Washed),1 Kg,Rawalpindi,557.27
2024-04-01,2024-04,Pulse Mash (Washed),1 Kg,Gujranwala,534.75
2024-04-01,2024-04,Pulse Mash (Washed),1 Kg,Sialkot,517.43
2024-04-01,2024-04,Pulse Mash (Washed),1 Kg,Lahore,582.2
2024-04-01,2024-04,Pulse Mash (Washed),1 Kg,Faisalabad,569.94
2024-04-01,2024-04,Pulse Mash (Washed),1 Kg,Sargodha,540.0
2024-04-01,2024-04,Pulse Mash (Washed),1 Kg,Multan,528.62
2024-04-01,2024-04,Pulse Mash (Washed),1 Kg,Bahawalpur,506.58
2024-04-01,2024-04,Pulse Mash (Washed),1 Kg,Karachi,513.86
2024-04-01,2024-04,Pulse Mash (Washed),1 Kg,Hyderabad,493.99
2024-04-01,2024-04,Pulse Mash (Washed),1 Kg,Sukkur,489.7
2024-04-01,2024-04,Pulse Mash (Washed),1 Kg,Larkana,548.13
2024-04-01,2024-04,Pulse Mash (Washed),1 Kg,Peshawar,552.66
2024-04-01,2024-04,Pulse Mash (Washed),1 Kg,Bannu,584.81
2024-04-01,2024-04,Pulse Mash (Washed),1 Kg,Quetta,613.69
2024-04-01,2024-04,Pulse Mash (Washed),1 Kg,Khuzdar,503.31
2024-04-01,2024-04,Pulse Gram,1 Kg,National Average,257.76
2024-04-01,2024-04,Pulse Gram,1 Kg,Islamabad,287.35
2024-04-01,2024-04,Pulse Gram,1 Kg,Rawalpindi,271.92
2024-04-01,2024-04,Pulse Gram,1 Kg,Gujranwala,240.0
2024-04-01,2024-04,Pulse Gram,1 Kg,Sialkot,232.49
2024-04-01,2024-04,Pulse Gram,1 Kg,Lahore,250.9
2024-04-01,2024-04,Pulse Gram,1 Kg,Faisalabad,233.29
2024-04-01,2024-04,Pulse Gram,1 Kg,Sargodha,240.0
2024-04-01,2024-04,Pulse Gram,1 Kg,Multan,252.14
2024-04-01,2024-04,Pulse Gram,1 Kg,Bahawalpur,256.62
2024-04-01,2024-04,Pulse Gram,1 Kg,Karachi,265.77
2024-04-01,2024-04,Pulse Gram,1 Kg,Hyderabad,248.24
2024-04-01,2024-04,Pulse Gram,1 Kg,Sukkur,260.0
2024-04-01,2024-04,Pulse Gram,1 Kg,Larkana,240.0
2024-04-01,2024-04,Pulse Gram,1 Kg,Peshawar,280.47
2024-04-01,2024-04,Pulse Gram,1 Kg,Bannu,260.0
2024-04-01,2024-04,Pulse Gram,1 Kg,Quetta,297.44
2024-04-01,2024-04,Pulse Gram,1 Kg,Khuzdar,276.63
2024-04-01,2024-04,Potatoes,1 Kg,National Average,72.2
2024-04-01,2024-04,Potatoes,1 Kg,Islamabad,93.63
2024-04-01,2024-04,Potatoes,1 Kg,Rawalpindi,82.49
2024-04-01,2024-04,Potatoes,1 Kg,Gujranwala,76.32
2024-04-01,2024-04,Potatoes,1 Kg,Sialkot,77.07
2024-04-01,2024-04,Potatoes,1 Kg,Lahore,72.66
2024-04-01,2024-04,Potatoes,1 Kg,Faisalabad,67.76
2024-04-01,2024-04,Potatoes,1 Kg,Sargodha,69.28
2024-04-01,2024-04,Potatoes,1 Kg,Multan,69.88
2024-04-01,2024-04,Potatoes,1 Kg,Bahawalpur,75.85
2024-04-01,2024-04,Potatoes,1 Kg,Karachi,66.27
2024-04-01,2024-04,Potatoes,1 Kg,Hyderabad,61.38
2024-04-01,2024-04,Potatoes,1 Kg,Sukkur,57.19
2024-04-01,2024-04,Potatoes,1 Kg,Larkana,56.78
2024-04-01,2024-04,Potatoes,1 Kg,Peshawar,88.2
2024-04-01,2024-04,Potatoes,1 Kg,Bannu,79.91
2024-04-01,2024-04,Potatoes,1 Kg,Quetta,67.24
2024-04-01,2024-04,Potatoes,1 Kg,Khuzdar,76.58
2024-04-01,2024-04,Onions,1 Kg,National Average,192.31
2024-04-01,2024-04,Onions,1 Kg,Islamabad,233.23
2024-04-01,2024-04,Onions,1 Kg,Rawalpindi,219.72
2024-04-01,2024-04,Onions,1 Kg,Gujranwala,202.1
2024-04-01,2024-04,Onions,1 Kg,Sialkot,202.69
2024-04-01,2024-04,Onions,1 Kg,Lahore,190.06
2024-04-01,2024-04,Onions,1 Kg,Faisalabad,174.55
2024-04-01,2024-04,Onions,1 Kg,Sargodha,203.34
2024-04-01,2024-04,Onions,1 Kg,Multan,158.74
2024-04-01,2024-04,Onions,1 Kg,Bahawalpur,159.18
2024-04-01,2024-04,Onions,1 Kg,Karachi,225.74
2024-04-01,2024-04,Onions,1 Kg,Hyderabad,209.01
2024-04-01,2024-04,Onions,1 Kg,Sukkur,171.2
2024-04-01,2024-04,Onions,1 Kg,Larkana,154.09
2024-04-01,2024-04,Onions,1 Kg,Peshawar,210.24
2024-04-01,2024-04,Onions,1 Kg,Bannu,163.81
2024-04-01,2024-04,Onions,1 Kg,Quetta,223.38
2024-04-01,2024-04,Onions,1 Kg,Khuzdar,196.36
2024-04-01,2024-04,Tomatoes,1 Kg,National Average,103.9
2024-04-01,2024-04,Tomatoes,1 Kg,Islamabad,133.7
2024-04-01,2024-04,Tomatoes,1 Kg,Rawalpindi,116.67
2024-04-01,2024-04,Tomatoes,1 Kg,Gujranwala,120.98
2024-04-01,2024-04,Tomatoes,1 Kg,Sialkot,134.21
2024-04-01,2024-04,Tomatoes,1 Kg,Lahore,108.61
2024-04-01,2024-04,Tomatoes,1 Kg,Faisalabad,102.15
2024-04-01,2024-04,Tomatoes,1 Kg,Sargodha,115.83
2024-04-01,2024-04,Tomatoes,1 Kg,Multan,107.56
2024-04-01,2024-04,Tomatoes,1 Kg,Bahawalpur,101.53
2024-04-01,2024-04,Tomatoes,1 Kg,Karachi,95.13
2024-04-01,2024-04,Tomatoes,1 Kg,Hyderabad,84.95
2024-04-01,2024-04,Tomatoes,1 Kg,Sukkur,85.72
2024-04-01,2024-04,Tomatoes,1 Kg,Larkana,77.69
2024-04-01,2024-04,Tomatoes,1 Kg,Peshawar,116.42
2024-04-01,2024-04,Tomatoes,1 Kg,Bannu,92.49
2024-04-01,2024-04,Tomatoes,1 Kg,Quetta,103.05
2024-04-01,2024-04,Tomatoes,1 Kg,Khuzdar,90.21
2024-05-01,2024-05,Pulse Masoor (Washed),1 Kg,National Average,320.94
2024-05-01,2024-05,Pulse Masoor (Washed),1 Kg,Islamabad,383.94
2024-05-01,2024-05,Pulse Masoor (Washed),1 Kg,Rawalpindi,365.17
2024-05-01,2024-05,Pulse Masoor (Washed),1 Kg,Gujranwala,310.0
2024-05-01,2024-05,Pulse Masoor (Washed),1 Kg,Sialkot,305.96
2024-05-01,2024-05,Pulse Masoor (Washed),1 Kg,Lahore,333.59
2024-05-01,2024-05,Pulse Masoor (Washed),1 Kg,Faisalabad,338.53
2024-05-01,2024-05,Pulse Masoor (Washed),1 Kg,Sargodha,311.84
2024-05-01,2024-05,Pulse Masoor (Washed),1 Kg,Multan,297.71
2024-05-01,2024-05,Pulse Masoor (Washed),1 Kg,Bahawalpur,300.0
2024-05-01,2024-05,Pulse Masoor (Washed),1 Kg,Karachi,321.16
2024-05-01,2024-05,Pulse Masoor (Washed),1 Kg,Hyderabad,300.4
2024-05-01,2024-05,Pulse Masoor (Washed),1 Kg,Sukkur,320.0
2024-05-01,2024-05,Pulse Masoor (Washed),1 Kg,Larkana,311.84
2024-05-01,2024-05,Pulse Masoor (Washed),1 Kg,Peshawar,301.08
2024-05-01,2024-05,Pulse Masoor (Washed),1 Kg,Bannu,311.84
2024-05-01,2024-05,Pulse Masoor (Washed),1 Kg,Quetta,358.67
2024-05-01,2024-05,Pulse Masoor (Washed),1 Kg,Khuzdar,299.87
2024-05-01,2024-05,Pulse Moong (Washed),1 Kg,National Average,308.75
2024-05-01,2024-05,Pulse Moong (Washed),1 Kg,Islamabad,323.89
2024-05-01,2024-05,Pulse Moong (Washed),1 Kg,Rawalpindi,299.88
2024-05-01,2024-05,Pulse Moong (Washed),1 Kg,Gujranwala,300.0
2024-05-01,2024-05,Pulse Moong (Washed),1 Kg,Sialkot,290.0
2024-05-01,2024-05,Pulse Moong (Washed),1 Kg,Lahore,289.38
2024-05-01,2024-05,Pulse Moong (Washed),1 Kg,Faisalabad,282.3
2024-05-01,2024-05,Pulse Moong (Washed),1 Kg,Sargodha,300.66
2024-05-01,2024-05,Pulse Moong (Washed),1 Kg,Multan,304.37
2024-05-01,2024-05,Pulse Moong (Washed),1 Kg,Bahawalpur,300.0
2024-05-01,2024-05,Pulse Moong (Washed),1 Kg,Karachi,301.94
2024-05-01,2024-05,Pulse Moong (Washed),1 Kg,Hyderabad,320.26
2024-05-01,2024-05,Pulse Moong (Washed),1 Kg,Sukkur,340.0
2024-05-01,2024-05,Pulse Moong (Washed),1 Kg,Larkana,321.3
2024-05-01,2024-05,Pulse Moong (Washed),1 Kg,Peshawar,299.55
2024-05-01,2024-05,Pulse Moong (Washed),1 Kg,Bannu,300.0
2024-05-01,2024-05,Pulse Moong (Washed),1 Kg,Quetta,369.67
2024-05-01,2024-05,Pulse Moong (Washed),1 Kg,Khuzdar,316.59
2024-05-01,2024-05,Pulse Mash (Washed),1 Kg,National Average,548.27
2024-05-01,2024-05,Pulse Mash (Washed),1 Kg,Islamabad,580.55
2024-05-01,2024-05,Pulse Mash (Washed),1 Kg,Rawalpindi,557.27
2024-05-01,2024-05,Pulse Mash (Washed),1 Kg,Gujranwala,561.99
2024-05-01,2024-05,Pulse Mash (Washed),1 Kg,Sialkot,545.94
2024-05-01,2024-05,Pulse Mash (Washed),1 Kg,Lahore,587.17
2024-05-01,2024-05,Pulse Mash (Washed),1 Kg,Faisalabad,566.94
2024-05-01,2024-05,Pulse Mash (Washed),1 Kg,Sargodha,542.64
2024-05-01,2024-05,Pulse Mash (Washed),1 Kg,Multan,535.17
2024-05-01,2024-05,Pulse Mash (Washed),1 Kg,Bahawalpur,515.94
2024-05-01,2024-05,Pulse Mash (Washed),1 Kg,Karachi,536.91
2024-05-01,2024-05,Pulse Mash (Washed),1 Kg,Hyderabad,530.09
2024-05-01,2024-05,Pulse Mash (Washed),1 Kg,Sukkur,531.91
2024-05-01,2024-05,Pulse Mash (Washed),1 Kg,Larkana,540.0
2024-05-01,2024-05,Pulse Mash (Washed),1 Kg,Peshawar,561.98
2024-05-01,2024-05,Pulse Mash (Washed),1 Kg,Bannu,567.78
2024-05-01,2024-05,Pulse Mash (Washed),1 Kg,Quetta,571.39
2024-05-01,2024-05,Pulse Mash (Washed),1 Kg,Khuzdar,495.36
2024-05-01,2024-05,Pulse Gram,1 Kg,National Average,260.01
2024-05-01,2024-05,Pulse Gram,1 Kg,Islamabad,287.35
2024-05-01,2024-05,Pulse Gram,1 Kg,Rawalpindi,271.92
2024-05-01,2024-05,Pulse Gram,1 Kg,Gujranwala,246.51
2024-05-01,2024-05,Pulse Gram,1 Kg,Sialkot,239.96
2024-05-01,2024-05,Pulse Gram,1 Kg,Lahore,242.87
2024-05-01,2024-05,Pulse Gram,1 Kg,Faisalabad,233.29
2024-05-01,2024-05,Pulse Gram,1 Kg,Sargodha,240.33
2024-05-01,2024-05,Pulse Gram,1 Kg,Multan,254.54
2024-05-01,2024-05,Pulse Gram,1 Kg,Bahawalpur,269.15
2024-05-01,2024-05,Pulse Gram,1 Kg,Karachi,271.05
2024-05-01,2024-05,Pulse Gram,1 Kg,Hyderabad,253.54
2024-05-01,2024-05,Pulse Gram,1 Kg,Sukkur,260.0
2024-05-01,2024-05,Pulse Gram,1 Kg,Larkana,256.83
2024-05-01,2024-05,Pulse Gram,1 Kg,Peshawar,288.33
2024-05-01,2024-05,Pulse Gram,1 Kg,Bannu,263.95
2024-05-01,2024-05,Pulse Gram,1 Kg,Quetta,289.93
2024-05-01,2024-05,Pulse Gram,1 Kg,Khuzdar,259.85
2024-05-01,2024-05,Potatoes,1 Kg,National Average,87.85
2024-05-01,2024-05,Potatoes,1 Kg,Islamabad,112.18
2024-05-01,2024-05,Potatoes,1 Kg,Rawalpindi,99.24
2024-05-01,2024-05,Potatoes,1 Kg,Gujranwala,98.61
2024-05-01,2024-05,Potatoes,1 Kg,Sialkot,98.61
2024-05-01,2024-05,Potatoes,1 Kg,Lahore,93.11
2024-05-01,2024-05,Potatoes,1 Kg,Faisalabad,86.46
2024-05-01,2024-05,Potatoes,1 Kg,Sargodha,83.79
2024-05-01,2024-05,Potatoes,1 Kg,Multan,96.22
2024-05-01,2024-05,Potatoes,1 Kg,Bahawalpur,98.61
2024-05-01,2024-05,Potatoes,1 Kg,Karachi,76.13
2024-05-01,2024-05,Potatoes,1 Kg,Hyderabad,70.0
2024-05-01,2024-05,Potatoes,1 Kg,Sukkur,69.85
2024-05-01,2024-05,Potatoes,1 Kg,Larkana,66.47
2024-05-01,2024-05,Potatoes,1 Kg,Peshawar,100.0
2024-05-01,2024-05,Potatoes,1 Kg,Bannu,99.73
2024-05-01,2024-05,Potatoes,1 Kg,Quetta,69.7
2024-05-01,2024-05,Potatoes,1 Kg,Khuzdar,92.83
2024-05-01,2024-05,Onions,1 Kg,National Average,113.91
2024-05-01,2024-05,Onions,1 Kg,Islamabad,124.65
2024-05-01,2024-05,Onions,1 Kg,Rawalpindi,116.85
2024-05-01,2024-05,Onions,1 Kg,Gujranwala,123.36
2024-05-01,2024-05,Onions,1 Kg,Sialkot,121.78
2024-05-01,2024-05,Onions,1 Kg,Lahore,116.32
2024-05-01,2024-05,Onions,1 Kg,Faisalabad,108.96
2024-05-01,2024-05,Onions,1 Kg,Sargodha,108.45
2024-05-01,2024-05,Onions,1 Kg,Multan,108.51
2024-05-01,2024-05,Onions,1 Kg,Bahawalpur,111.98
2024-05-01,2024-05,Onions,1 Kg,Karachi,123.8
2024-05-01,2024-05,Onions,1 Kg,Hyderabad,123.87
2024-05-01,2024-05,Onions,1 Kg,Sukkur,117.44
2024-05-01,2024-05,Onions,1 Kg,Larkana,110.12
2024-05-01,2024-05,Onions,1 Kg,Peshawar,104.25
2024-05-01,2024-05,Onions,1 Kg,Bannu,101.44
2024-05-01,2024-05,Onions,1 Kg,Quetta,103.57
2024-05-01,2024-05,Onions,1 Kg,Khuzdar,115.38
2024-05-01,2024-05,Tomatoes,1 Kg,National Average,67.68
2024-05-01,2024-05,Tomatoes,1 Kg,Islamabad,96.49
2024-05-01,2024-05,Tomatoes,1 Kg,Rawalpindi,88.39
2024-05-01,2024-05,Tomatoes,1 Kg,Gujranwala,82.02
2024-05-01,2024-05,Tomatoes,1 Kg,Sialkot,88.54
2024-05-01,2024-05,Tomatoes,1 Kg,Lahore,70.95
2024-05-01,2024-05,Tomatoes,1 Kg,Faisalabad,59.46
2024-05-01,2024-05,Tomatoes,1 Kg,Sargodha,63.1
2024-05-01,2024-05,Tomatoes,1 Kg,Multan,53.53
2024-05-01,2024-05,Tomatoes,1 Kg,Bahawalpur,44.81
2024-05-01,2024-05,Tomatoes,1 Kg,Karachi,84.02
2024-05-01,2024-05,Tomatoes,1 Kg,Hyderabad,72.19
2024-05-01,2024-05,Tomatoes,1 Kg,Sukkur,46.04
2024-05-01,2024-05,Tomatoes,1 Kg,Larkana,52.21
2024-05-01,2024-05,Tomatoes,1 Kg,Peshawar,78.25
2024-05-01,2024-05,Tomatoes,1 Kg,Bannu,60.93
2024-05-01,2024-05,Tomatoes,1 Kg,Quetta,63.9
2024-05-01,2024-05,Tomatoes,1 Kg,Khuzdar,74.66
2024-06-01,2024-06,Pulse Masoor (Washed),1 Kg,National Average,314.68
2024-06-01,2024-06,Pulse Masoor (Washed),1 Kg,Islamabad,383.94
2024-06-01,2024-06,Pulse Masoor (Washed),1 Kg,Rawalpindi,365.17
2024-06-01,2024-06,Pulse Masoor (Washed),1 Kg,Gujranwala,304.96
2024-06-01,2024-06,Pulse Masoor (Washed),1 Kg,Sialkot,300.0
2024-06-01,2024-06,Pulse Masoor (Washed),1 Kg,Lahore,331.8
2024-06-01,2024-06,Pulse Masoor (Washed),1 Kg,Faisalabad,333.3
2024-06-01,2024-06,Pulse Masoor (Washed),1 Kg,Sargodha,292.19
2024-06-01,2024-06,Pulse Masoor (Washed),1 Kg,Multan,306.19
2024-06-01,2024-06,Pulse Masoor (Washed),1 Kg,Bahawalpur,303.24
2024-06-01,2024-06,Pulse Masoor (Washed),1 Kg,Karachi,302.24
2024-06-01,2024-06,Pulse Masoor (Washed),1 Kg,Hyderabad,300.01
2024-06-01,2024-06,Pulse Masoor (Washed),1 Kg,Sukkur,300.0
2024-06-01,2024-06,Pulse Masoor (Washed),1 Kg,Larkana,299.77
2024-06-01,2024-06,Pulse Masoor (Washed),1 Kg,Peshawar,298.87
2024-06-01,2024-06,Pulse Masoor (Washed),1 Kg,Bannu,308.18
2024-06-01,2024-06,Pulse Masoor (Washed),1 Kg,Quetta,347.34
2024-06-01,2024-06,Pulse Masoor (Washed),1 Kg,Khuzdar,289.82
2024-06-01,2024-06,Pulse Moong (Washed),1 Kg,National Average,313.54
2024-06-01,2024-06,Pulse Moong (Washed),1 Kg,Islamabad,328.45
2024-06-01,2024-06,Pulse Moong (Washed),1 Kg,Rawalpindi,305.19
2024-06-01,2024-06,Pulse Moong (Washed),1 Kg,Gujranwala,309.84
2024-06-01,2024-06,Pulse Moong (Washed),1 Kg,Sialkot,306.84
2024-06-01,2024-06,Pulse Moong (Washed),1 Kg,Lahore,294.03
2024-06-01,2024-06,Pulse Moong (Washed),1 Kg,Faisalabad,295.3
2024-06-01,2024-06,Pulse Moong (Washed),1 Kg,Sargodha,312.28
2024-06-01,2024-06,Pulse Moong (Washed),1 Kg,Multan,320.95
2024-06-01,2024-06,Pulse Moong (Washed),1 Kg,Bahawalpur,309.76
2024-06-01,2024-06,Pulse Moong (Washed),1 Kg,Karachi,299.71
2024-06-01,2024-06,Pulse Moong (Washed),1 Kg,Hyderabad,325.11
2024-06-01,2024-06,Pulse Moong (Washed),1 Kg,Sukkur,329.85
2024-06-01,2024-06,Pulse Moong (Washed),1 Kg,Larkana,320.0
2024-06-01,2024-06,Pulse Moong (Washed),1 Kg,Peshawar,301.33
2024-06-01,2024-06,Pulse Moong (Washed),1 Kg,Bannu,314.88
2024-06-01,2024-06,Pulse Moong (Washed),1 Kg,Quetta,359.74
2024-06-01,2024-06,Pulse Moong (Washed),1 Kg,Khuzdar,303.3
2024-06-01,2024-06,Pulse Mash (Washed),1 Kg,National Average,564.73
2024-06-01,2024-06,Pulse Mash (Washed),1 Kg,Islamabad,589.35
2024-06-01,2024-06,Pulse Mash (Washed),1 Kg,Rawalpindi,573.54
2024-06-01,2024-06,Pulse Mash (Washed),1 Kg,Gujranwala,580.0
2024-06-01,2024-06,Pulse Mash (Washed),1 Kg,Sialkot,560.0
2024-06-01,2024-06,Pulse Mash (Washed),1 Kg,Lahore,624.64
2024-06-01,2024-06,Pulse Mash (Washed),1 Kg,Faisalabad,564.95
2024-06-01,2024-06,Pulse Mash (Washed),1 Kg,Sargodha,554.98
2024-06-01,2024-06,Pulse Mash (Washed),1 Kg,Multan,574.06
2024-06-01,2024-06,Pulse Mash (Washed),1 Kg,Bahawalpur,546.65
2024-06-01,2024-06,Pulse Mash (Washed),1 Kg,Karachi,549.77
2024-06-01,2024-06,Pulse Mash (Washed),1 Kg,Hyderabad,546.58
2024-06-01,2024-06,Pulse Mash (Washed),1 Kg,Sukkur,532.48
2024-06-01,2024-06,Pulse Mash (Washed),1 Kg,Larkana,540.0
2024-06-01,2024-06,Pulse Mash (Washed),1 Kg,Peshawar,574.11
2024-06-01,2024-06,Pulse Mash (Washed),1 Kg,Bannu,600.0
2024-06-01,2024-06,Pulse Mash (Washed),1 Kg,Quetta,561.12
2024-06-01,2024-06,Pulse Mash (Washed),1 Kg,Khuzdar,536.34
2024-06-01,2024-06,Pulse Gram,1 Kg,National Average,293.21
2024-06-01,2024-06,Pulse Gram,1 Kg,Islamabad,322.76
2024-06-01,2024-06,Pulse Gram,1 Kg,Rawalpindi,292.1
2024-06-01,2024-06,Pulse Gram,1 Kg,Gujranwala,304.62
2024-06-01,2024-06,Pulse Gram,1 Kg,Sialkot,282.12
2024-06-01,2024-06,Pulse Gram,1 Kg,Lahore,263.36
2024-06-01,2024-06,Pulse Gram,1 Kg,Faisalabad,272.16
2024-06-01,2024-06,Pulse Gram,1 Kg,Sargodha,270.6
2024-06-01,2024-06,Pulse Gram,1 Kg,Multan,311.38
2024-06-01,2024-06,Pulse Gram,1 Kg,Bahawalpur,290.46
2024-06-01,2024-06,Pulse Gram,1 Kg,Karachi,288.89
2024-06-01,2024-06,Pulse Gram,1 Kg,Hyderabad,295.56
2024-06-01,2024-06,Pulse Gram,1 Kg,Sukkur,304.88
2024-06-01,2024-06,Pulse Gram,1 Kg,Larkana,293.21
2024-06-01,2024-06,Pulse Gram,1 Kg,Peshawar,318.06
2024-06-01,2024-06,Pulse Gram,1 Kg,Bannu,290.26
2024-06-01,2024-06,Pulse Gram,1 Kg,Quetta,313.31
2024-06-01,2024-06,Pulse Gram,1 Kg,Khuzdar,278.86
2024-06-01,2024-06,Potatoes,1 Kg,National Average,95.4
2024-06-01,2024-06,Potatoes,1 Kg,Islamabad,118.59
2024-06-01,2024-06,Potatoes,1 Kg,Rawalpindi,110.4
2024-06-01,2024-06,Potatoes,1 Kg,Gujranwala,103.09
2024-06-01,2024-06,Potatoes,1 Kg,Sialkot,107.97
2024-06-01,2024-06,Potatoes,1 Kg,Lahore,94.2
2024-06-01,2024-06,Potatoes,1 Kg,Faisalabad,95.67
2024-06-01,2024-06,Potatoes,1 Kg,Sargodha,103.78
2024-06-01,2024-06,Potatoes,1 Kg,Multan,100.0
2024-06-01,2024-06,Potatoes,1 Kg,Bahawalpur,100.0
2024-06-01,2024-06,Potatoes,1 Kg,Karachi,85.91
2024-06-01,2024-06,Potatoes,1 Kg,Hyderabad,75.25
2024-06-01,2024-06,Potatoes,1 Kg,Sukkur,73.19
2024-06-01,2024-06,Potatoes,1 Kg,Larkana,77.38
2024-06-01,2024-06,Potatoes,1 Kg,Peshawar,104.67
2024-06-01,2024-06,Potatoes,1 Kg,Bannu,110.5
2024-06-01,2024-06,Potatoes,1 Kg,Quetta,82.28
2024-06-01,2024-06,Potatoes,1 Kg,Khuzdar,94.57
2024-06-01,2024-06,Onions,1 Kg,National Average,129.98
2024-06-01,2024-06,Onions,1 Kg,Islamabad,142.92
2024-06-01,2024-06,Onions,1 Kg,Rawalpindi,140.69
2024-06-01,2024-06,Onions,1 Kg,Gujranwala,129.57
2024-06-01,2024-06,Onions,1 Kg,Sialkot,147.43
2024-06-01,2024-06,Onions,1 Kg,Lahore,136.74
2024-06-01,2024-06,Onions,1 Kg,Faisalabad,122.92
2024-06-01,2024-06,Onions,1 Kg,Sargodha,125.43
2024-06-01,2024-06,Onions,1 Kg,Multan,130.17
2024-06-01,2024-06,Onions,1 Kg,Bahawalpur,133.18
2024-06-01,2024-06,Onions,1 Kg,Karachi,133.86
2024-06-01,2024-06,Onions,1 Kg,Hyderabad,138.96
2024-06-01,2024-06,Onions,1 Kg,Sukkur,125.61
2024-06-01,2024-06,Onions,1 Kg,Larkana,127.95
2024-06-01,2024-06,Onions,1 Kg,Peshawar,132.93
2024-06-01,2024-06,Onions,1 Kg,Bannu,114.73
2024-06-01,2024-06,Onions,1 Kg,Quetta,124.23
2024-06-01,2024-06,Onions,1 Kg,Khuzdar,108.55
2024-06-01,2024-06,Tomatoes,1 Kg,National Average,108.42
2024-06-01,2024-06,Tomatoes,1 Kg,Islamabad,130.31
2024-06-01,2024-06,Tomatoes,1 Kg,Rawalpindi,116.58
2024-06-01,2024-06,Tomatoes,1 Kg,Gujranwala,117.71
2024-06-01,2024-06,Tomatoes,1 Kg,Sialkot,112.11
2024-06-01,2024-06,Tomatoes,1 Kg,Lahore,102.57
2024-06-01,2024-06,Tomatoes,1 Kg,Faisalabad,102.77
2024-06-01,2024-06,Tomatoes,1 Kg,Sargodha,92.12
2024-06-01,2024-06,Tomatoes,1 Kg,Multan,107.0
2024-06-01,2024-06,Tomatoes,1 Kg,Bahawalpur,90.9
2024-06-01,2024-06,Tomatoes,1 Kg,Karachi,135.16
2024-06-01,2024-06,Tomatoes,1 Kg,Hyderabad,120.15
2024-06-01,2024-06,Tomatoes,1 Kg,Sukkur,103.6
2024-06-01,2024-06,Tomatoes,1 Kg,Larkana,114.87
2024-06-01,2024-06,Tomatoes,1 Kg,Peshawar,103.08
2024-06-01,2024-06,Tomatoes,1 Kg,Bannu,91.15
2024-06-01,2024-06,Tomatoes,1 Kg,Quetta,109.98
2024-06-01,2024-06,Tomatoes,1 Kg,Khuzdar,104.49
2024-07-01,2024-07,Pulse Masoor (Washed),1 Kg,National Average,325.02
2024-07-01,2024-07,Pulse Masoor (Washed),1 Kg,Islamabad,383.94
2024-07-01,2024-07,Pulse Masoor (Washed),1 Kg,Rawalpindi,370.21
2024-07-01,2024-07,Pulse Masoor (Washed),1 Kg,Gujranwala,300.0
2024-07-01,2024-07,Pulse Masoor (Washed),1 Kg,Sialkot,300.0
2024-07-01,2024-07,Pulse Masoor (Washed),1 Kg,Lahore,331.8
2024-07-01,2024-07,Pulse Masoor (Washed),1 Kg,Faisalabad,333.3
2024-07-01,2024-07,Pulse Masoor (Washed),1 Kg,Sargodha,316.63
2024-07-01,2024-07,Pulse Masoor (Washed),1 Kg,Multan,333.1
2024-07-01,2024-07,Pulse Masoor (Washed),1 Kg,Bahawalpur,313.19
2024-07-01,2024-07,Pulse Masoor (Washed),1 Kg,Karachi,317.3
2024-07-01,2024-07,Pulse Masoor (Washed),1 Kg,Hyderabad,323.99
2024-07-01,2024-07,Pulse Masoor (Washed),1 Kg,Sukkur,300.0
2024-07-01,2024-07,Pulse Masoor (Washed),1 Kg,Larkana,316.5
2024-07-01,2024-07,Pulse Masoor (Washed),1 Kg,Peshawar,312.89
2024-07-01,2024-07,Pulse Masoor (Washed),1 Kg,Bannu,309.84
2024-07-01,2024-07,Pulse Masoor (Washed),1 Kg,Quetta,379.95
2024-07-01,2024-07,Pulse Masoor (Washed),1 Kg,Khuzdar,300.0
2024-07-01,2024-07,Pulse Moong (Washed),1 Kg,National Average,337.77
2024-07-01,2024-07,Pulse Moong (Washed),1 Kg,Islamabad,360.24
2024-07-01,2024-07,Pulse Moong (Washed),1 Kg,Rawalpindi,335.35
2024-07-01,2024-07,Pulse Moong (Washed),1 Kg,Gujranwala,332.25
2024-07-01,2024-07,Pulse Moong (Washed),1 Kg,Sialkot,320.0
2024-07-01,2024-07,Pulse Moong (Washed),1 Kg,Lahore,323.32
2024-07-01,2024-07,Pulse Moong (Washed),1 Kg,Faisalabad,309.84
2024-07-01,2024-07,Pulse Moong (Washed),1 Kg,Sargodha,334.13
2024-07-01,2024-07,Pulse Moong (Washed),1 Kg,Multan,352.75
2024-07-01,2024-07,Pulse Moong (Washed),1 Kg,Bahawalpur,329.1
2024-07-01,2024-07,Pulse Moong (Washed),1 Kg,Karachi,328.14
2024-07-01,2024-07,Pulse Moong (Washed),1 Kg,Hyderabad,346.27
2024-07-01,2024-07,Pulse Moong (Washed),1 Kg,Sukkur,360.0
2024-07-01,2024-07,Pulse Moong (Washed),1 Kg,Larkana,329.75
2024-07-01,2024-07,Pulse Moong (Washed),1 Kg,Peshawar,320.0
2024-07-01,2024-07,Pulse Moong (Washed),1 Kg,Bannu,334.1
2024-07-01,2024-07,Pulse Moong (Washed),1 Kg,Quetta,392.36
2024-07-01,2024-07,Pulse Moong (Washed),1 Kg,Khuzdar,343.3
2024-07-01,2024-07,Pulse Mash (Washed),1 Kg,National Average,573.48
2024-07-01,2024-07,Pulse Mash (Washed),1 Kg,Islamabad,609.87
2024-07-01,2024-07,Pulse Mash (Washed),1 Kg,Rawalpindi,593.73
2024-07-01,2024-07,Pulse Mash (Washed),1 Kg,Gujranwala,580.0
2024-07-01,2024-07,Pulse Mash (Washed),1 Kg,Sialkot,552.48
2024-07-01,2024-07,Pulse Mash (Washed),1 Kg,Lahore,624.64
2024-07-01,2024-07,Pulse Mash (Washed),1 Kg,Faisalabad,564.95
2024-07-01,2024-07,Pulse Mash (Washed),1 Kg,Sargodha,574.07
2024-07-01,2024-07,Pulse Mash (Washed),1 Kg,Multan,601.77
2024-07-01,2024-07,Pulse Mash (Washed),1 Kg,Bahawalpur,548.31
2024-07-01,2024-07,Pulse Mash (Washed),1 Kg,Karachi,565.02
2024-07-01,2024-07,Pulse Mash (Washed),1 Kg,Hyderabad,553.27
2024-07-01,2024-07,Pulse Mash (Washed),1 Kg,Sukkur,540.0
2024-07-01,2024-07,Pulse Mash (Washed),1 Kg,Larkana,542.48
2024-07-01,2024-07,Pulse Mash (Washed),1 Kg,Peshawar,591.31
2024-07-01,2024-07,Pulse Mash (Washed),1 Kg,Bannu,600.0
2024-07-01,2024-07,Pulse Mash (Washed),1 Kg,Quetta,614.87
2024-07-01,2024-07,Pulse Mash (Washed),1 Kg,Khuzdar,506.58
2024-07-01,2024-07,Pulse Gram,1 Kg,National Average,330.02
2024-07-01,2024-07,Pulse Gram,1 Kg,Islamabad,357.17
2024-07-01,2024-07,Pulse Gram,1 Kg,Rawalpindi,331.03
2024-07-01,2024-07,Pulse Gram,1 Kg,Gujranwala,332.32
2024-07-01,2024-07,Pulse Gram,1 Kg,Sialkot,317.16
2024-07-01,2024-07,Pulse Gram,1 Kg,Lahore,310.97
2024-07-01,2024-07,Pulse Gram,1 Kg,Faisalabad,300.0
2024-07-01,2024-07,Pulse Gram,1 Kg,Sargodha,294.9
2024-07-01,2024-07,Pulse Gram,1 Kg,Multan,352.69
2024-07-01,2024-07,Pulse Gram,1 Kg,Bahawalpur,327.26
2024-07-01,2024-07,Pulse Gram,1 Kg,Karachi,336.49
2024-07-01,2024-07,Pulse Gram,1 Kg,Hyderabad,341.16
2024-07-01,2024-07,Pulse Gram,1 Kg,Sukkur,334.89
2024-07-01,2024-07,Pulse Gram,1 Kg,Larkana,329.32
2024-07-01,2024-07,Pulse Gram,1 Kg,Peshawar,354.33
2024-07-01,2024-07,Pulse Gram,1 Kg,Bannu,320.82
2024-07-01,2024-07,Pulse Gram,1 Kg,Quetta,354.94
2024-07-01,2024-07,Pulse Gram,1 Kg,Khuzdar,323.3
2024-07-01,2024-07,Potatoes,1 Kg,National Average,98.28
2024-07-01,2024-07,Potatoes,1 Kg,Islamabad,118.59
2024-07-01,2024-07,Potatoes,1 Kg,Rawalpindi,115.58
2024-07-01,2024-07,Potatoes,1 Kg,Gujranwala,100.0
2024-07-01,2024-07,Potatoes,1 Kg,Sialkot,113.24
2024-07-01,2024-07,Potatoes,1 Kg,Lahore,96.62
2024-07-01,2024-07,Potatoes,1 Kg,Faisalabad,99.53
2024-07-01,2024-07,Potatoes,1 Kg,Sargodha,105.77
2024-07-01,2024-07,Potatoes,1 Kg,Multan,104.69
2024-07-01,2024-07,Potatoes,1 Kg,Bahawalpur,106.26
2024-07-01,2024-07,Potatoes,1 Kg,Karachi,92.24
2024-07-01,2024-07,Potatoes,1 Kg,Hyderabad,78.77
2024-07-01,2024-07,Potatoes,1 Kg,Sukkur,74.84
2024-07-01,2024-07,Potatoes,1 Kg,Larkana,80.0
2024-07-01,2024-07,Potatoes,1 Kg,Peshawar,115.57
2024-07-01,2024-07,Potatoes,1 Kg,Bannu,99.66
2024-07-01,2024-07,Potatoes,1 Kg,Quetta,84.61
2024-07-01,2024-07,Potatoes,1 Kg,Khuzdar,100.0
2024-07-01,2024-07,Onions,1 Kg,National Average,112.88
2024-07-01,2024-07,Onions,1 Kg,Islamabad,141.91
2024-07-01,2024-07,Onions,1 Kg,Rawalpindi,138.65
2024-07-01,2024-07,Onions,1 Kg,Gujranwala,114.65
2024-07-01,2024-07,Onions,1 Kg,Sialkot,123.1
2024-07-01,2024-07,Onions,1 Kg,Lahore,113.01
2024-07-01,2024-07,Onions,1 Kg,Faisalabad,105.25
2024-07-01,2024-07,Onions,1 Kg,Sargodha,101.94
2024-07-01,2024-07,Onions,1 Kg,Multan,104.14
2024-07-01,2024-07,Onions,1 Kg,Bahawalpur,126.93
2024-07-01,2024-07,Onions,1 Kg,Karachi,116.49
2024-07-01,2024-07,Onions,1 Kg,Hyderabad,121.53
2024-07-01,2024-07,Onions,1 Kg,Sukkur,100.0
2024-07-01,2024-07,Onions,1 Kg,Larkana,102.51
2024-07-01,2024-07,Onions,1 Kg,Peshawar,125.67
2024-07-01,2024-07,Onions,1 Kg,Bannu,101.53
2024-07-01,2024-07,Onions,1 Kg,Quetta,95.19
2024-07-01,2024-07,Onions,1 Kg,Khuzdar,100.0
2024-07-01,2024-07,Tomatoes,1 Kg,National Average,165.1
2024-07-01,2024-07,Tomatoes,1 Kg,Islamabad,193.09
2024-07-01,2024-07,Tomatoes,1 Kg,Rawalpindi,182.75
2024-07-01,2024-07,Tomatoes,1 Kg,Gujranwala,189.15
2024-07-01,2024-07,Tomatoes,1 Kg,Sialkot,173.7
2024-07-01,2024-07,Tomatoes,1 Kg,Lahore,176.71
2024-07-01,2024-07,Tomatoes,1 Kg,Faisalabad,183.62
2024-07-01,2024-07,Tomatoes,1 Kg,Sargodha,122.04
2024-07-01,2024-07,Tomatoes,1 Kg,Multan,177.7
2024-07-01,2024-07,Tomatoes,1 Kg,Bahawalpur,189.88
2024-07-01,2024-07,Tomatoes,1 Kg,Karachi,180.2
2024-07-01,2024-07,Tomatoes,1 Kg,Hyderabad,201.75
2024-07-01,2024-07,Tomatoes,1 Kg,Sukkur,186.12
2024-07-01,2024-07,Tomatoes,1 Kg,Larkana,147.51
2024-07-01,2024-07,Tomatoes,1 Kg,Peshawar,150.13
2024-07-01,2024-07,Tomatoes,1 Kg,Bannu,128.53
2024-07-01,2024-07,Tomatoes,1 Kg,Quetta,138.59
2024-07-01,2024-07,Tomatoes,1 Kg,Khuzdar,121.67
2024-08-01,2024-08,Pulse Masoor (Washed),1 Kg,National Average,320.92
2024-08-01,2024-08,Pulse Masoor (Washed),1 Kg,Islamabad,383.94
2024-08-01,2024-08,Pulse Masoor (Washed),1 Kg,Rawalpindi,371.89
2024-08-01,2024-08,Pulse Masoor (Washed),1 Kg,Gujranwala,285.89
2024-08-01,2024-08,Pulse Masoor (Washed),1 Kg,Sialkot,287.83
2024-08-01,2024-08,Pulse Masoor (Washed),1 Kg,Lahore,319.08
2024-08-01,2024-08,Pulse Masoor (Washed),1 Kg,Faisalabad,334.63
2024-08-01,2024-08,Pulse Masoor (Washed),1 Kg,Sargodha,310.53
2024-08-01,2024-08,Pulse Masoor (Washed),1 Kg,Multan,333.1
2024-08-01,2024-08,Pulse Masoor (Washed),1 Kg,Bahawalpur,313.19
2024-08-01,2024-08,Pulse Masoor (Washed),1 Kg,Karachi,320.03
2024-08-01,2024-08,Pulse Masoor (Washed),1 Kg,Hyderabad,314.8
2024-08-01,2024-08,Pulse Masoor (Washed),1 Kg,Sukkur,300.0
2024-08-01,2024-08,Pulse Masoor (Washed),1 Kg,Larkana,305.83
2024-08-01,2024-08,Pulse Masoor (Washed),1 Kg,Peshawar,312.51
2024-08-01,2024-08,Pulse Masoor (Washed),1 Kg,Bannu,300.0
2024-08-01,2024-08,Pulse Masoor (Washed),1 Kg,Quetta,369.78
2024-08-01,2024-08,Pulse Masoor (Washed),1 Kg,Khuzdar,311.84
2024-08-01,2024-08,Pulse Moong (Washed),1 Kg,National Average,341.16
2024-08-01,2024-08,Pulse Moong (Washed),1 Kg,Islamabad,363.77
2024-08-01,2024-08,Pulse Moong (Washed),1 Kg,Rawalpindi,337.2
2024-08-01,2024-08,Pulse Moong (Washed),1 Kg,Gujranwala,341.92
2024-08-01,2024-08,Pulse Moong (Washed),1 Kg,Sialkot,309.87
2024-08-01,2024-08,Pulse Moong (Washed),1 Kg,Lahore,324.54
2024-08-01,2024-08,Pulse Moong (Washed),1 Kg,Faisalabad,322.62
2024-08-01,2024-08,Pulse Moong (Washed),1 Kg,Sargodha,335.27
2024-08-01,2024-08,Pulse Moong (Washed),1 Kg,Multan,353.3
2024-08-01,2024-08,Pulse Moong (Washed),1 Kg,Bahawalpur,334.61
2024-08-01,2024-08,Pulse Moong (Washed),1 Kg,Karachi,350.0
2024-08-01,2024-08,Pulse Moong (Washed),1 Kg,Hyderabad,351.71
2024-08-01,2024-08,Pulse Moong (Washed),1 Kg,Sukkur,360.0
2024-08-01,2024-08,Pulse Moong (Washed),1 Kg,Larkana,332.63
2024-08-01,2024-08,Pulse Moong (Washed),1 Kg,Peshawar,328.84
2024-08-01,2024-08,Pulse Moong (Washed),1 Kg,Bannu,325.05
2024-08-01,2024-08,Pulse Moong (Washed),1 Kg,Quetta,393.87
2024-08-01,2024-08,Pulse Moong (Washed),1 Kg,Khuzdar,343.3
2024-08-01,2024-08,Pulse Mash (Washed),1 Kg,National Average,581.03
2024-08-01,2024-08,Pulse Mash (Washed),1 Kg,Islamabad,620.72
2024-08-01,2024-08,Pulse Mash (Washed),1 Kg,Rawalpindi,601.88
2024-08-01,2024-08,Pulse Mash (Washed),1 Kg,Gujranwala,561.92
2024-08-01,2024-08,Pulse Mash (Washed),1 Kg,Sialkot,545.94
2024-08-01,2024-08,Pulse Mash (Washed),1 Kg,Lahore,624.55
2024-08-01,2024-08,Pulse Mash (Washed),1 Kg,Faisalabad,567.94
2024-08-01,2024-08,Pulse Mash (Washed),1 Kg,Sargodha,600.94
2024-08-01,2024-08,Pulse Mash (Washed),1 Kg,Multan,601.77
2024-08-01,2024-08,Pulse Mash (Washed),1 Kg,Bahawalpur,559.27
2024-08-01,2024-08,Pulse Mash (Washed),1 Kg,Karachi,573.31
2024-08-01,2024-08,Pulse Mash (Washed),1 Kg,Hyderabad,550.58
2024-08-01,2024-08,Pulse Mash (Washed),1 Kg,Sukkur,540.0
2024-08-01,2024-08,Pulse Mash (Washed),1 Kg,Larkana,571.77
2024-08-01,2024-08,Pulse Mash (Washed),1 Kg,Peshawar,599.55
2024-08-01,2024-08,Pulse Mash (Washed),1 Kg,Bannu,600.0
2024-08-01,2024-08,Pulse Mash (Washed),1 Kg,Quetta,638.94
2024-08-01,2024-08,Pulse Mash (Washed),1 Kg,Khuzdar,532.2
2024-08-01,2024-08,Pulse Gram,1 Kg,National Average,354.44
2024-08-01,2024-08,Pulse Gram,1 Kg,Islamabad,378.95
2024-08-01,2024-08,Pulse Gram,1 Kg,Rawalpindi,360.21
2024-08-01,2024-08,Pulse Gram,1 Kg,Gujranwala,362.96
2024-08-01,2024-08,Pulse Gram,1 Kg,Sialkot,349.09
2024-08-01,2024-08,Pulse Gram,1 Kg,Lahore,334.63
2024-08-01,2024-08,Pulse Gram,1 Kg,Faisalabad,311.84
2024-08-01,2024-08,Pulse Gram,1 Kg,Sargodha,334.29
2024-08-01,2024-08,Pulse Gram,1 Kg,Multan,370.3
2024-08-01,2024-08,Pulse Gram,1 Kg,Bahawalpur,356.04
2024-08-01,2024-08,Pulse Gram,1 Kg,Karachi,365.9
2024-08-01,2024-08,Pulse Gram,1 Kg,Hyderabad,350.58
2024-08-01,2024-08,Pulse Gram,1 Kg,Sukkur,361.7
2024-08-01,2024-08,Pulse Gram,1 Kg,Larkana,364.45
2024-08-01,2024-08,Pulse Gram,1 Kg,Peshawar,375.72
2024-08-01,2024-08,Pulse Gram,1 Kg,Bannu,331.62
2024-08-01,2024-08,Pulse Gram,1 Kg,Quetta,386.83
2024-08-01,2024-08,Pulse Gram,1 Kg,Khuzdar,339.2
2024-08-01,2024-08,Potatoes,1 Kg,National Average,100.61
2024-08-01,2024-08,Potatoes,1 Kg,Islamabad,123.97
2024-08-01,2024-08,Potatoes,1 Kg,Rawalpindi,117.31
2024-08-01,2024-08,Potatoes,1 Kg,Gujranwala,107.57
2024-08-01,2024-08,Potatoes,1 Kg,Sialkot,115.9
2024-08-01,2024-08,Potatoes,1 Kg,Lahore,101.28
2024-08-01,2024-08,Potatoes,1 Kg,Faisalabad,95.2
2024-08-01,2024-08,Potatoes,1 Kg,Sargodha,100.0
2024-08-01,2024-08,Potatoes,1 Kg,Multan,118.32
2024-08-01,2024-08,Potatoes,1 Kg,Bahawalpur,112.92
2024-08-01,2024-08,Potatoes,1 Kg,Karachi,90.2
2024-08-01,2024-08,Potatoes,1 Kg,Hyderabad,79.72
2024-08-01,2024-08,Potatoes,1 Kg,Sukkur,80.0
2024-08-01,2024-08,Potatoes,1 Kg,Larkana,83.86
2024-08-01,2024-08,Potatoes,1 Kg,Peshawar,120.0
2024-08-01,2024-08,Potatoes,1 Kg,Bannu,93.56
2024-08-01,2024-08,Potatoes,1 Kg,Quetta,87.67
2024-08-01,2024-08,Potatoes,1 Kg,Khuzdar,100.0
2024-08-01,2024-08,Onions,1 Kg,National Average,134.87
2024-08-01,2024-08,Onions,1 Kg,Islamabad,167.79
2024-08-01,2024-08,Onions,1 Kg,Rawalpindi,163.95
2024-08-01,2024-08,Onions,1 Kg,Gujranwala,142.69
2024-08-01,2024-08,Onions,1 Kg,Sialkot,150.22
2024-08-01,2024-08,Onions,1 Kg,Lahore,148.58
2024-08-01,2024-08,Onions,1 Kg,Faisalabad,119.09
2024-08-01,2024-08,Onions,1 Kg,Sargodha,128.93
2024-08-01,2024-08,Onions,1 Kg,Multan,135.44
2024-08-01,2024-08,Onions,1 Kg,Bahawalpur,132.23
2024-08-01,2024-08,Onions,1 Kg,Karachi,131.94
2024-08-01,2024-08,Onions,1 Kg,Hyderabad,132.87
2024-08-01,2024-08,Onions,1 Kg,Sukkur,116.84
2024-08-01,2024-08,Onions,1 Kg,Larkana,130.81
2024-08-01,2024-08,Onions,1 Kg,Peshawar,147.27
2024-08-01,2024-08,Onions,1 Kg,Bannu,123.06
2024-08-01,2024-08,Onions,1 Kg,Quetta,117.04
2024-08-01,2024-08,Onions,1 Kg,Khuzdar,118.02
2024-08-01,2024-08,Tomatoes,1 Kg,National Average,132.16
2024-08-01,2024-08,Tomatoes,1 Kg,Islamabad,158.61
2024-08-01,2024-08,Tomatoes,1 Kg,Rawalpindi,150.23
2024-08-01,2024-08,Tomatoes,1 Kg,Gujranwala,161.65
2024-08-01,2024-08,Tomatoes,1 Kg,Sialkot,143.41
2024-08-01,2024-08,Tomatoes,1 Kg,Lahore,148.59
2024-08-01,2024-08,Tomatoes,1 Kg,Faisalabad,122.09
2024-08-01,2024-08,Tomatoes,1 Kg,Sargodha,115.46
2024-08-01,2024-08,Tomatoes,1 Kg,Multan,118.25
2024-08-01,2024-08,Tomatoes,1 Kg,Bahawalpur,139.02
2024-08-01,2024-08,Tomatoes,1 Kg,Karachi,154.42
2024-08-01,2024-08,Tomatoes,1 Kg,Hyderabad,142.62
2024-08-01,2024-08,Tomatoes,1 Kg,Sukkur,131.63
2024-08-01,2024-08,Tomatoes,1 Kg,Larkana,142.24
2024-08-01,2024-08,Tomatoes,1 Kg,Peshawar,125.01
2024-08-01,2024-08,Tomatoes,1 Kg,Bannu,98.31
2024-08-01,2024-08,Tomatoes,1 Kg,Quetta,98.64
2024-08-01,2024-08,Tomatoes,1 Kg,Khuzdar,120.4
2024-09-01,2024-09,Pulse Masoor (Washed),1 Kg,National Average,311.65
2024-09-01,2024-09,Pulse Masoor (Washed),1 Kg,Islamabad,372.93
2024-09-01,2024-09,Pulse Masoor (Washed),1 Kg,Rawalpindi,364.57
2024-09-01,2024-09,Pulse Masoor (Washed),1 Kg,Gujranwala,280.0
2024-09-01,2024-09,Pulse Masoor (Washed),1 Kg,Sialkot,280.0
2024-09-01,2024-09,Pulse Masoor (Washed),1 Kg,Lahore,290.84
2024-09-01,2024-09,Pulse Masoor (Washed),1 Kg,Faisalabad,340.0
2024-09-01,2024-09,Pulse Masoor (Washed),1 Kg,Sargodha,300.0
2024-09-01,2024-09,Pulse Masoor (Washed),1 Kg,Multan,330.91
2024-09-01,2024-09,Pulse Masoor (Washed),1 Kg,Bahawalpur,306.52
2024-09-01,2024-09,Pulse Masoor (Washed),1 Kg,Karachi,315.8
2024-09-01,2024-09,Pulse Masoor (Washed),1 Kg,Hyderabad,314.88
2024-09-01,2024-09,Pulse Masoor (Washed),1 Kg,Sukkur,300.0
2024-09-01,2024-09,Pulse Masoor (Washed),1 Kg,Larkana,284.87
2024-09-01,2024-09,Pulse Masoor (Washed),1 Kg,Peshawar,296.11
2024-09-01,2024-09,Pulse Masoor (Washed),1 Kg,Bannu,294.87
2024-09-01,2024-09,Pulse Masoor (Washed),1 Kg,Quetta,337.41
2024-09-01,2024-09,Pulse Masoor (Washed),1 Kg,Khuzdar,307.39
2024-09-01,2024-09,Pulse Moong (Washed),1 Kg,National Average,336.24
2024-09-01,2024-09,Pulse Moong (Washed),1 Kg,Islamabad,360.47
2024-09-01,2024-09,Pulse Moong (Washed),1 Kg,Rawalpindi,334.02
2024-09-01,2024-09,Pulse Moong (Washed),1 Kg,Gujranwala,312.47
2024-09-01,2024-09,Pulse Moong (Washed),1 Kg,Sialkot,310.0
2024-09-01,2024-09,Pulse Moong (Washed),1 Kg,Lahore,309.38
2024-09-01,2024-09,Pulse Moong (Washed),1 Kg,Faisalabad,330.77
2024-09-01,2024-09,Pulse Moong (Washed),1 Kg,Sargodha,304.88
2024-09-01,2024-09,Pulse Moong (Washed),1 Kg,Multan,353.3
2024-09-01,2024-09,Pulse Moong (Washed),1 Kg,Bahawalpur,322.87
2024-09-01,2024-09,Pulse Moong (Washed),1 Kg,Karachi,354.82
2024-09-01,2024-09,Pulse Moong (Washed),1 Kg,Hyderabad,354.11
2024-09-01,2024-09,Pulse Moong (Washed),1 Kg,Sukkur,360.0
2024-09-01,2024-09,Pulse Moong (Washed),1 Kg,Larkana,338.11
2024-09-01,2024-09,Pulse Moong (Washed),1 Kg,Peshawar,310.18
2024-09-01,2024-09,Pulse Moong (Washed),1 Kg,Bannu,313.19
2024-09-01,2024-09,Pulse Moong (Washed),1 Kg,Quetta,389.95
2024-09-01,2024-09,Pulse Moong (Washed),1 Kg,Khuzdar,373.21
2024-09-01,2024-09,Pulse Mash (Washed),1 Kg,National Average,568.62
2024-09-01,2024-09,Pulse Mash (Washed),1 Kg,Islamabad,603.02
2024-09-01,2024-09,Pulse Mash (Washed),1 Kg,Rawalpindi,590.91
2024-09-01,2024-09,Pulse Mash (Washed),1 Kg,Gujranwala,519.81
2024-09-01,2024-09,Pulse Mash (Washed),1 Kg,Sialkot,504.78
2024-09-01,2024-09,Pulse Mash (Washed),1 Kg,Lahore,593.21
2024-09-01,2024-09,Pulse Mash (Washed),1 Kg,Faisalabad,569.94
2024-09-01,2024-09,Pulse Mash (Washed),1 Kg,Sargodha,563.4
2024-09-01,2024-09,Pulse Mash (Washed),1 Kg,Multan,599.61
2024-09-01,2024-09,Pulse Mash (Washed),1 Kg,Bahawalpur,564.04
2024-09-01,2024-09,Pulse Mash (Washed),1 Kg,Karachi,557.49
2024-09-01,2024-09,Pulse Mash (Washed),1 Kg,Hyderabad,530.95
2024-09-01,2024-09,Pulse Mash (Washed),1 Kg,Sukkur,554.93
2024-09-01,2024-09,Pulse Mash (Washed),1 Kg,Larkana,557.16
2024-09-01,2024-09,Pulse Mash (Washed),1 Kg,Peshawar,583.52
2024-09-01,2024-09,Pulse Mash (Washed),1 Kg,Bannu,588.08
2024-09-01,2024-09,Pulse Mash (Washed),1 Kg,Quetta,644.95
2024-09-01,2024-09,Pulse Mash (Washed),1 Kg,Khuzdar,556.65
2024-09-01,2024-09,Pulse Gram,1 Kg,National Average,390.4
2024-09-01,2024-09,Pulse Gram,1 Kg,Islamabad,424.37
2024-09-01,2024-09,Pulse Gram,1 Kg,Rawalpindi,399.4
2024-09-01,2024-09,Pulse Gram,1 Kg,Gujranwala,395.76
2024-09-01,2024-09,Pulse Gram,1 Kg,Sialkot,389.8
2024-09-01,2024-09,Pulse Gram,1 Kg,Lahore,383.03
2024-09-01,2024-09,Pulse Gram,1 Kg,Faisalabad,339.77
2024-09-01,2024-09,Pulse Gram,1 Kg,Sargodha,386.6
2024-09-01,2024-09,Pulse Gram,1 Kg,Multan,403.28
2024-09-01,2024-09,Pulse Gram,1 Kg,Bahawalpur,395.39
2024-09-01,2024-09,Pulse Gram,1 Kg,Karachi,410.31
2024-09-01,2024-09,Pulse Gram,1 Kg,Hyderabad,397.48
2024-09-01,2024-09,Pulse Gram,1 Kg,Sukkur,412.42
2024-09-01,2024-09,Pulse Gram,1 Kg,Larkana,360.0
2024-09-01,2024-09,Pulse Gram,1 Kg,Peshawar,405.14
2024-09-01,2024-09,Pulse Gram,1 Kg,Bannu,373.23
2024-09-01,2024-09,Pulse Gram,1 Kg,Quetta,399.76
2024-09-01,2024-09,Pulse Gram,1 Kg,Khuzdar,370.3
2024-09-01,2024-09,Potatoes,1 Kg,National Average,102.33
2024-09-01,2024-09,Potatoes,1 Kg,Islamabad,129.57
2024-09-01,2024-09,Potatoes,1 Kg,Rawalpindi,121.01
2024-09-01,2024-09,Potatoes,1 Kg,Gujranwala,108.98
2024-09-01,2024-09,Potatoes,1 Kg,Sialkot,120.0
2024-09-01,2024-09,Potatoes,1 Kg,Lahore,102.61
2024-09-01,2024-09,Potatoes,1 Kg,Faisalabad,116.7
2024-09-01,2024-09,Potatoes,1 Kg,Sargodha,100.0
2024-09-01,2024-09,Potatoes,1 Kg,Multan,120.0
2024-09-01,2024-09,Potatoes,1 Kg,Bahawalpur,112.92
2024-09-01,2024-09,Potatoes,1 Kg,Karachi,88.31
2024-09-01,2024-09,Potatoes,1 Kg,Hyderabad,80.79
2024-09-01,2024-09,Potatoes,1 Kg,Sukkur,80.0
2024-09-01,2024-09,Potatoes,1 Kg,Larkana,84.02
2024-09-01,2024-09,Potatoes,1 Kg,Peshawar,116.8
2024-09-01,2024-09,Potatoes,1 Kg,Bannu,93.75
2024-09-01,2024-09,Potatoes,1 Kg,Quetta,84.61
2024-09-01,2024-09,Potatoes,1 Kg,Khuzdar,100.0
2024-09-01,2024-09,Onions,1 Kg,National Average,149.2
2024-09-01,2024-09,Onions,1 Kg,Islamabad,176.58
2024-09-01,2024-09,Onions,1 Kg,Rawalpindi,168.47
2024-09-01,2024-09,Onions,1 Kg,Gujranwala,159.9
2024-09-01,2024-09,Onions,1 Kg,Sialkot,171.98
2024-09-01,2024-09,Onions,1 Kg,Lahore,153.56
2024-09-01,2024-09,Onions,1 Kg,Faisalabad,139.88
2024-09-01,2024-09,Onions,1 Kg,Sargodha,147.43
2024-09-01,2024-09,Onions,1 Kg,Multan,157.16
2024-09-01,2024-09,Onions,1 Kg,Bahawalpur,149.89
2024-09-01,2024-09,Onions,1 Kg,Karachi,147.58
2024-09-01,2024-09,Onions,1 Kg,Hyderabad,148.37
2024-09-01,2024-09,Onions,1 Kg,Sukkur,129.62
2024-09-01,2024-09,Onions,1 Kg,Larkana,144.8
2024-09-01,2024-09,Onions,1 Kg,Peshawar,163.08
2024-09-01,2024-09,Onions,1 Kg,Bannu,135.43
2024-09-01,2024-09,Onions,1 Kg,Quetta,117.03
2024-09-01,2024-09,Onions,1 Kg,Khuzdar,138.77
2024-09-01,2024-09,Tomatoes,1 Kg,National Average,117.82
2024-09-01,2024-09,Tomatoes,1 Kg,Islamabad,132.1
2024-09-01,2024-09,Tomatoes,1 Kg,Rawalpindi,121.74
2024-09-01,2024-09,Tomatoes,1 Kg,Gujranwala,132.23
2024-09-01,2024-09,Tomatoes,1 Kg,Sialkot,116.19
2024-09-01,2024-09,Tomatoes,1 Kg,Lahore,108.99
2024-09-01,2024-09,Tomatoes,1 Kg,Faisalabad,106.49
2024-09-01,2024-09,Tomatoes,1 Kg,Sargodha,100.0
2024-09-01,2024-09,Tomatoes,1 Kg,Multan,123.65
2024-09-01,2024-09,Tomatoes,1 Kg,Bahawalpur,135.86
2024-09-01,2024-09,Tomatoes,1 Kg,Karachi,141.39
2024-09-01,2024-09,Tomatoes,1 Kg,Hyderabad,137.27
2024-09-01,2024-09,Tomatoes,1 Kg,Sukkur,109.54
2024-09-01,2024-09,Tomatoes,1 Kg,Larkana,123.71
2024-09-01,2024-09,Tomatoes,1 Kg,Peshawar,96.45
2024-09-01,2024-09,Tomatoes,1 Kg,Bannu,92.54
2024-09-01,2024-09,Tomatoes,1 Kg,Quetta,96.93
2024-09-01,2024-09,Tomatoes,1 Kg,Khuzdar,148.23
2024-10-01,2024-10,Pulse Masoor (Washed),1 Kg,National Average,306.86
2024-10-01,2024-10,Pulse Masoor (Washed),1 Kg,Islamabad,367.07
2024-10-01,2024-10,Pulse Masoor (Washed),1 Kg,Rawalpindi,361.65
2024-10-01,2024-10,Pulse Masoor (Washed),1 Kg,Gujranwala,280.0
2024-10-01,2024-10,Pulse Masoor (Washed),1 Kg,Sialkot,280.0
2024-10-01,2024-10,Pulse Masoor (Washed),1 Kg,Lahore,290.84
2024-10-01,2024-10,Pulse Masoor (Washed),1 Kg,Faisalabad,340.0
2024-10-01,2024-10,Pulse Masoor (Washed),1 Kg,Sargodha,298.65
2024-10-01,2024-10,Pulse Masoor (Washed),1 Kg,Multan,309.25
2024-10-01,2024-10,Pulse Masoor (Washed),1 Kg,Bahawalpur,300.0
2024-10-01,2024-10,Pulse Masoor (Washed),1 Kg,Karachi,312.79
2024-10-01,2024-10,Pulse Masoor (Washed),1 Kg,Hyderabad,313.86
2024-10-01,2024-10,Pulse Masoor (Washed),1 Kg,Sukkur,300.0
2024-10-01,2024-10,Pulse Masoor (Washed),1 Kg,Larkana,282.61
2024-10-01,2024-10,Pulse Masoor (Washed),1 Kg,Peshawar,286.93
2024-10-01,2024-10,Pulse Masoor (Washed),1 Kg,Bannu,280.0
2024-10-01,2024-10,Pulse Masoor (Washed),1 Kg,Quetta,327.91
2024-10-01,2024-10,Pulse Masoor (Washed),1 Kg,Khuzdar,303.3
2024-10-01,2024-10,Pulse Moong (Washed),1 Kg,National Average,357.86
2024-10-01,2024-10,Pulse Moong (Washed),1 Kg,Islamabad,374.6
2024-10-01,2024-10,Pulse Moong (Washed),1 Kg,Rawalpindi,356.36
2024-10-01,2024-10,Pulse Moong (Washed),1 Kg,Gujranwala,352.06
2024-10-01,2024-10,Pulse Moong (Washed),1 Kg,Sialkot,340.96
2024-10-01,2024-10,Pulse Moong (Washed),1 Kg,Lahore,325.04
2024-10-01,2024-10,Pulse Moong (Washed),1 Kg,Faisalabad,344.06
2024-10-01,2024-10,Pulse Moong (Washed),1 Kg,Sargodha,331.37
2024-10-01,2024-10,Pulse Moong (Washed),1 Kg,Multan,381.86
2024-10-01,2024-10,Pulse Moong (Washed),1 Kg,Bahawalpur,353.79
2024-10-01,2024-10,Pulse Moong (Washed),1 Kg,Karachi,367.39
2024-10-01,2024-10,Pulse Moong (Washed),1 Kg,Hyderabad,381.26
2024-10-01,2024-10,Pulse Moong (Washed),1 Kg,Sukkur,375.45
2024-10-01,2024-10,Pulse Moong (Washed),1 Kg,Larkana,326.84
2024-10-01,2024-10,Pulse Moong (Washed),1 Kg,Peshawar,346.87
2024-10-01,2024-10,Pulse Moong (Washed),1 Kg,Bannu,359.89
2024-10-01,2024-10,Pulse Moong (Washed),1 Kg,Quetta,401.83
2024-10-01,2024-10,Pulse Moong (Washed),1 Kg,Khuzdar,374.23
2024-10-01,2024-10,Pulse Mash (Washed),1 Kg,National Average,542.87
2024-10-01,2024-10,Pulse Mash (Washed),1 Kg,Islamabad,595.35
2024-10-01,2024-10,Pulse Mash (Washed),1 Kg,Rawalpindi,582.86
2024-10-01,2024-10,Pulse Mash (Washed),1 Kg,Gujranwala,475.93
2024-10-01,2024-10,Pulse Mash (Washed),1 Kg,Sialkot,480.0
2024-10-01,2024-10,Pulse Mash (Washed),1 Kg,Lahore,567.94
2024-10-01,2024-10,Pulse Mash (Washed),1 Kg,Faisalabad,569.94
2024-10-01,2024-10,Pulse Mash (Washed),1 Kg,Sargodha,547.31
2024-10-01,2024-10,Pulse Mash (Washed),1 Kg,Multan,566.24
2024-10-01,2024-10,Pulse Mash (Washed),1 Kg,Bahawalpur,514.55
2024-10-01,2024-10,Pulse Mash (Washed),1 Kg,Karachi,532.13
2024-10-01,2024-10,Pulse Mash (Washed),1 Kg,Hyderabad,478.53
2024-10-01,2024-10,Pulse Mash (Washed),1 Kg,Sukkur,560.0
2024-10-01,2024-10,Pulse Mash (Washed),1 Kg,Larkana,575.94
2024-10-01,2024-10,Pulse Mash (Washed),1 Kg,Peshawar,515.48
2024-10-01,2024-10,Pulse Mash (Washed),1 Kg,Bannu,551.95
2024-10-01,2024-10,Pulse Mash (Washed),1 Kg,Quetta,617.7
2024-10-01,2024-10,Pulse Mash (Washed),1 Kg,Khuzdar,522.97
2024-10-01,2024-10,Pulse Gram,1 Kg,National Average,411.18
2024-10-01,2024-10,Pulse Gram,1 Kg,Islamabad,451.34
2024-10-01,2024-10,Pulse Gram,1 Kg,Rawalpindi,425.06
2024-10-01,2024-10,Pulse Gram,1 Kg,Gujranwala,407.17
2024-10-01,2024-10,Pulse Gram,1 Kg,Sialkot,397.64
2024-10-01,2024-10,Pulse Gram,1 Kg,Lahore,395.58
2024-10-01,2024-10,Pulse Gram,1 Kg,Faisalabad,386.55
2024-10-01,2024-10,Pulse Gram,1 Kg,Sargodha,394.64
2024-10-01,2024-10,Pulse Gram,1 Kg,Multan,413.09
2024-10-01,2024-10,Pulse Gram,1 Kg,Bahawalpur,429.62
2024-10-01,2024-10,Pulse Gram,1 Kg,Karachi,434.6
2024-10-01,2024-10,Pulse Gram,1 Kg,Hyderabad,407.21
2024-10-01,2024-10,Pulse Gram,1 Kg,Sukkur,420.0
2024-10-01,2024-10,Pulse Gram,1 Kg,Larkana,381.13
2024-10-01,2024-10,Pulse Gram,1 Kg,Peshawar,427.4
2024-10-01,2024-10,Pulse Gram,1 Kg,Bannu,398.65
2024-10-01,2024-10,Pulse Gram,1 Kg,Quetta,417.93
2024-10-01,2024-10,Pulse Gram,1 Kg,Khuzdar,409.14
2024-10-01,2024-10,Potatoes,1 Kg,National Average,102.37
2024-10-01,2024-10,Potatoes,1 Kg,Islamabad,134.07
2024-10-01,2024-10,Potatoes,1 Kg,Rawalpindi,127.25
2024-10-01,2024-10,Potatoes,1 Kg,Gujranwala,116.94
2024-10-01,2024-10,Potatoes,1 Kg,Sialkot,120.64
2024-10-01,2024-10,Potatoes,1 Kg,Lahore,106.0
2024-10-01,2024-10,Potatoes,1 Kg,Faisalabad,117.97
2024-10-01,2024-10,Potatoes,1 Kg,Sargodha,97.91
2024-10-01,2024-10,Potatoes,1 Kg,Multan,120.0
2024-10-01,2024-10,Potatoes,1 Kg,Bahawalpur,112.92
2024-10-01,2024-10,Potatoes,1 Kg,Karachi,86.87
2024-10-01,2024-10,Potatoes,1 Kg,Hyderabad,80.61
2024-10-01,2024-10,Potatoes,1 Kg,Sukkur,80.0
2024-10-01,2024-10,Potatoes,1 Kg,Larkana,80.0
2024-10-01,2024-10,Potatoes,1 Kg,Peshawar,115.95
2024-10-01,2024-10,Potatoes,1 Kg,Bannu,94.97
2024-10-01,2024-10,Potatoes,1 Kg,Quetta,75.56
2024-10-01,2024-10,Potatoes,1 Kg,Khuzdar,100.0
2024-10-01,2024-10,Onions,1 Kg,National Average,154.97
2024-10-01,2024-10,Onions,1 Kg,Islamabad,179.89
2024-10-01,2024-10,Onions,1 Kg,Rawalpindi,167.6
2024-10-01,2024-10,Onions,1 Kg,Gujranwala,158.27
2024-10-01,2024-10,Onions,1 Kg,Sialkot,165.57
2024-10-01,2024-10,Onions,1 Kg,Lahore,155.9
2024-10-01,2024-10,Onions,1 Kg,Faisalabad,147.87
2024-10-01,2024-10,Onions,1 Kg,Sargodha,145.51
2024-10-01,2024-10,Onions,1 Kg,Multan,161.81
2024-10-01,2024-10,Onions,1 Kg,Bahawalpur,160.92
2024-10-01,2024-10,Onions,1 Kg,Karachi,157.66
2024-10-01,2024-10,Onions,1 Kg,Hyderabad,159.21
2024-10-01,2024-10,Onions,1 Kg,Sukkur,147.94
2024-10-01,2024-10,Onions,1 Kg,Larkana,147.76
2024-10-01,2024-10,Onions,1 Kg,Peshawar,158.31
2024-10-01,2024-10,Onions,1 Kg,Bannu,133.36
2024-10-01,2024-10,Onions,1 Kg,Quetta,138.31
2024-10-01,2024-10,Onions,1 Kg,Khuzdar,155.09
2024-10-01,2024-10,Tomatoes,1 Kg,National Average,138.29
2024-10-01,2024-10,Tomatoes,1 Kg,Islamabad,160.18
2024-10-01,2024-10,Tomatoes,1 Kg,Rawalpindi,146.64
2024-10-01,2024-10,Tomatoes,1 Kg,Gujranwala,140.71
2024-10-01,2024-10,Tomatoes,1 Kg,Sialkot,144.07
2024-10-01,2024-10,Tomatoes,1 Kg,Lahore,134.89
2024-10-01,2024-10,Tomatoes,1 Kg,Faisalabad,126.15
2024-10-01,2024-10,Tomatoes,1 Kg,Sargodha,120.0
2024-10-01,2024-10,Tomatoes,1 Kg,Multan,147.93
2024-10-01,2024-10,Tomatoes,1 Kg,Bahawalpur,151.78
2024-10-01,2024-10,Tomatoes,1 Kg,Karachi,172.25
2024-10-01,2024-10,Tomatoes,1 Kg,Hyderabad,155.8
2024-10-01,2024-10,Tomatoes,1 Kg,Sukkur,139.68
2024-10-01,2024-10,Tomatoes,1 Kg,Larkana,150.33
2024-10-01,2024-10,Tomatoes,1 Kg,Peshawar,115.9
2024-10-01,2024-10,Tomatoes,1 Kg,Bannu,92.91
2024-10-01,2024-10,Tomatoes,1 Kg,Quetta,117.17
2024-10-01,2024-10,Tomatoes,1 Kg,Khuzdar,159.47
2024-11-01,2024-11,Pulse Masoor (Washed),1 Kg,National Average,305.09
2024-11-01,2024-11,Pulse Masoor (Washed),1 Kg,Islamabad,359.98
2024-11-01,2024-11,Pulse Masoor (Washed),1 Kg,Rawalpindi,353.41
2024-11-01,2024-11,Pulse Masoor (Washed),1 Kg,Gujranwala,280.0
2024-11-01,2024-11,Pulse Masoor (Washed),1 Kg,Sialkot,280.0
2024-11-01,2024-11,Pulse Masoor (Washed),1 Kg,Lahore,290.84
2024-11-01,2024-11,Pulse Masoor (Washed),1 Kg,Faisalabad,336.63
2024-11-01,2024-11,Pulse Masoor (Washed),1 Kg,Sargodha,293.98
2024-11-01,2024-11,Pulse Masoor (Washed),1 Kg,Multan,307.42
2024-11-01,2024-11,Pulse Masoor (Washed),1 Kg,Bahawalpur,281.64
2024-11-01,2024-11,Pulse Masoor (Washed),1 Kg,Karachi,306.28
2024-11-01,2024-11,Pulse Masoor (Washed),1 Kg,Hyderabad,313.19
2024-11-01,2024-11,Pulse Masoor (Washed),1 Kg,Sukkur,300.0
2024-11-01,2024-11,Pulse Masoor (Washed),1 Kg,Larkana,292.96
2024-11-01,2024-11,Pulse Masoor (Washed),1 Kg,Peshawar,287.71
2024-11-01,2024-11,Pulse Masoor (Washed),1 Kg,Bannu,284.87
2024-11-01,2024-11,Pulse Masoor (Washed),1 Kg,Quetta,329.94
2024-11-01,2024-11,Pulse Masoor (Washed),1 Kg,Khuzdar,303.3
2024-11-01,2024-11,Pulse Moong (Washed),1 Kg,National Average,385.25
2024-11-01,2024-11,Pulse Moong (Washed),1 Kg,Islamabad,393.28
2024-11-01,2024-11,Pulse Moong (Washed),1 Kg,Rawalpindi,380.54
2024-11-01,2024-11,Pulse Moong (Washed),1 Kg,Gujranwala,380.0
2024-11-01,2024-11,Pulse Moong (Washed),1 Kg,Sialkot,360.0
2024-11-01,2024-11,Pulse Moong (Washed),1 Kg,Lahore,349.39
2024-11-01,2024-11,Pulse Moong (Washed),1 Kg,Faisalabad,373.3
2024-11-01,2024-11,Pulse Moong (Washed),1 Kg,Sargodha,380.0
2024-11-01,2024-11,Pulse Moong (Washed),1 Kg,Multan,376.74
2024-11-01,2024-11,Pulse Moong (Washed),1 Kg,Bahawalpur,363.3
2024-11-01,2024-11,Pulse Moong (Washed),1 Kg,Karachi,408.75
2024-11-01,2024-11,Pulse Moong (Washed),1 Kg,Hyderabad,422.64
2024-11-01,2024-11,Pulse Moong (Washed),1 Kg,Sukkur,414.97
2024-11-01,2024-11,Pulse Moong (Washed),1 Kg,Larkana,401.4
2024-11-01,2024-11,Pulse Moong (Washed),1 Kg,Peshawar,361.64
2024-11-01,2024-11,Pulse Moong (Washed),1 Kg,Bannu,380.0
2024-11-01,2024-11,Pulse Moong (Washed),1 Kg,Quetta,419.92
2024-11-01,2024-11,Pulse Moong (Washed),1 Kg,Khuzdar,393.22
2024-11-01,2024-11,Pulse Mash (Washed),1 Kg,National Average,523.56
2024-11-01,2024-11,Pulse Mash (Washed),1 Kg,Islamabad,573.56
2024-11-01,2024-11,Pulse Mash (Washed),1 Kg,Rawalpindi,564.24
2024-11-01,2024-11,Pulse Mash (Washed),1 Kg,Gujranwala,474.92
2024-11-01,2024-11,Pulse Mash (Washed),1 Kg,Sialkot,480.0
2024-11-01,2024-11,Pulse Mash (Washed),1 Kg,Lahore,513.42
2024-11-01,2024-11,Pulse Mash (Washed),1 Kg,Faisalabad,566.62
2024-11-01,2024-11,Pulse Mash (Washed),1 Kg,Sargodha,541.65
2024-11-01,2024-11,Pulse Mash (Washed),1 Kg,Multan,507.49
2024-11-01,2024-11,Pulse Mash (Washed),1 Kg,Bahawalpur,484.94
2024-11-01,2024-11,Pulse Mash (Washed),1 Kg,Karachi,499.98
2024-11-01,2024-11,Pulse Mash (Washed),1 Kg,Hyderabad,492.45
2024-11-01,2024-11,Pulse Mash (Washed),1 Kg,Sukkur,560.0
2024-11-01,2024-11,Pulse Mash (Washed),1 Kg,Larkana,548.25
2024-11-01,2024-11,Pulse Mash (Washed),1 Kg,Peshawar,474.31
2024-11-01,2024-11,Pulse Mash (Washed),1 Kg,Bannu,539.95
2024-11-01,2024-11,Pulse Mash (Washed),1 Kg,Quetta,594.9
2024-11-01,2024-11,Pulse Mash (Washed),1 Kg,Khuzdar,506.58
2024-11-01,2024-11,Pulse Gram,1 Kg,National Average,398.51
2024-11-01,2024-11,Pulse Gram,1 Kg,Islamabad,440.63
2024-11-01,2024-11,Pulse Gram,1 Kg,Rawalpindi,426.68
2024-11-01,2024-11,Pulse Gram,1 Kg,Gujranwala,372.35
2024-11-01,2024-11,Pulse Gram,1 Kg,Sialkot,359.86
2024-11-01,2024-11,Pulse Gram,1 Kg,Lahore,357.87
2024-11-01,2024-11,Pulse Gram,1 Kg,Faisalabad,378.85
2024-11-01,2024-11,Pulse Gram,1 Kg,Sargodha,374.64
2024-11-01,2024-11,Pulse Gram,1 Kg,Multan,387.04
2024-11-01,2024-11,Pulse Gram,1 Kg,Bahawalpur,413.77
2024-11-01,2024-11,Pulse Gram,1 Kg,Karachi,421.61
2024-11-01,2024-11,Pulse Gram,1 Kg,Hyderabad,410.3
2024-11-01,2024-11,Pulse Gram,1 Kg,Sukkur,420.0
2024-11-01,2024-11,Pulse Gram,1 Kg,Larkana,383.04
2024-11-01,2024-11,Pulse Gram,1 Kg,Peshawar,414.23
2024-11-01,2024-11,Pulse Gram,1 Kg,Bannu,381.63
2024-11-01,2024-11,Pulse Gram,1 Kg,Quetta,439.89
2024-11-01,2024-11,Pulse Gram,1 Kg,Khuzdar,406.56
2024-11-01,2024-11,Potatoes,1 Kg,National Average,110.93
2024-11-01,2024-11,Potatoes,1 Kg,Islamabad,146.22
2024-11-01,2024-11,Potatoes,1 Kg,Rawalpindi,139.8
2024-11-01,2024-11,Potatoes,1 Kg,Gujranwala,135.96
2024-11-01,2024-11,Potatoes,1 Kg,Sialkot,135.37
2024-11-01,2024-11,Potatoes,1 Kg,Lahore,133.15
2024-11-01,2024-11,Potatoes,1 Kg,Faisalabad,125.57
2024-11-01,2024-11,Potatoes,1 Kg,Sargodha,108.98
2024-11-01,2024-11,Potatoes,1 Kg,Multan,142.17
2024-11-01,2024-11,Potatoes,1 Kg,Bahawalpur,112.92
2024-11-01,2024-11,Potatoes,1 Kg,Karachi,93.06
2024-11-01,2024-11,Potatoes,1 Kg,Hyderabad,81.99
2024-11-01,2024-11,Potatoes,1 Kg,Sukkur,80.0
2024-11-01,2024-11,Potatoes,1 Kg,Larkana,86.18
2024-11-01,2024-11,Potatoes,1 Kg,Peshawar,119.03
2024-11-01,2024-11,Potatoes,1 Kg,Bannu,100.0
2024-11-01,2024-11,Potatoes,1 Kg,Quetta,84.61
2024-11-01,2024-11,Potatoes,1 Kg,Khuzdar,100.0
2024-11-01,2024-11,Onions,1 Kg,National Average,149.69
2024-11-01,2024-11,Onions,1 Kg,Islamabad,172.04
2024-11-01,2024-11,Onions,1 Kg,Rawalpindi,160.27
2024-11-01,2024-11,Onions,1 Kg,Gujranwala,153.26
2024-11-01,2024-11,Onions,1 Kg,Sialkot,169.85
2024-11-01,2024-11,Onions,1 Kg,Lahore,154.53
2024-11-01,2024-11,Onions,1 Kg,Faisalabad,139.36
2024-11-01,2024-11,Onions,1 Kg,Sargodha,139.08
2024-11-01,2024-11,Onions,1 Kg,Multan,155.16
2024-11-01,2024-11,Onions,1 Kg,Bahawalpur,154.92
2024-11-01,2024-11,Onions,1 Kg,Karachi,158.56
2024-11-01,2024-11,Onions,1 Kg,Hyderabad,155.13
2024-11-01,2024-11,Onions,1 Kg,Sukkur,146.59
2024-11-01,2024-11,Onions,1 Kg,Larkana,140.2
2024-11-01,2024-11,Onions,1 Kg,Peshawar,150.48
2024-11-01,2024-11,Onions,1 Kg,Bannu,133.05
2024-11-01,2024-11,Onions,1 Kg,Quetta,121.28
2024-11-01,2024-11,Onions,1 Kg,Khuzdar,150.0
2024-11-01,2024-11,Tomatoes,1 Kg,National Average,165.65
2024-11-01,2024-11,Tomatoes,1 Kg,Islamabad,196.71
2024-11-01,2024-11,Tomatoes,1 Kg,Rawalpindi,189.41
2024-11-01,2024-11,Tomatoes,1 Kg,Gujranwala,175.01
2024-11-01,2024-11,Tomatoes,1 Kg,Sialkot,191.24
2024-11-01,2024-11,Tomatoes,1 Kg,Lahore,180.66
2024-11-01,2024-11,Tomatoes,1 Kg,Faisalabad,156.91
2024-11-01,2024-11,Tomatoes,1 Kg,Sargodha,156.82
2024-11-01,2024-11,Tomatoes,1 Kg,Multan,162.19
2024-11-01,2024-11,Tomatoes,1 Kg,Bahawalpur,188.19
2024-11-01,2024-11,Tomatoes,1 Kg,Karachi,178.62
2024-11-01,2024-11,Tomatoes,1 Kg,Hyderabad,166.16
2024-11-01,2024-11,Tomatoes,1 Kg,Sukkur,142.75
2024-11-01,2024-11,Tomatoes,1 Kg,Larkana,157.48
2024-11-01,2024-11,Tomatoes,1 Kg,Peshawar,161.5
2024-11-01,2024-11,Tomatoes,1 Kg,Bannu,133.22
2024-11-01,2024-11,Tomatoes,1 Kg,Quetta,130.25
2024-11-01,2024-11,Tomatoes,1 Kg,Khuzdar,168.25
2024-12-01,2024-12,Pulse Masoor (Washed),1 Kg,National Average,300.18
2024-12-01,2024-12,Pulse Masoor (Washed),1 Kg,Islamabad,348.79
2024-12-01,2024-12,Pulse Masoor (Washed),1 Kg,Rawalpindi,347.96
2024-12-01,2024-12,Pulse Masoor (Washed),1 Kg,Gujranwala,280.0
2024-12-01,2024-12,Pulse Masoor (Washed),1 Kg,Sialkot,280.0
2024-12-01,2024-12,Pulse Masoor (Washed),1 Kg,Lahore,290.84
2024-12-01,2024-12,Pulse Masoor (Washed),1 Kg,Faisalabad,343.3
2024-12-01,2024-12,Pulse Masoor (Washed),1 Kg,Sargodha,266.62
2024-12-01,2024-12,Pulse Masoor (Washed),1 Kg,Multan,307.42
2024-12-01,2024-12,Pulse Masoor (Washed),1 Kg,Bahawalpur,280.0
2024-12-01,2024-12,Pulse Masoor (Washed),1 Kg,Karachi,299.88
2024-12-01,2024-12,Pulse Masoor (Washed),1 Kg,Hyderabad,314.88
2024-12-01,2024-12,Pulse Masoor (Washed),1 Kg,Sukkur,300.0
2024-12-01,2024-12,Pulse Masoor (Washed),1 Kg,Larkana,280.0
2024-12-01,2024-12,Pulse Masoor (Washed),1 Kg,Peshawar,287.71
2024-12-01,2024-12,Pulse Masoor (Washed),1 Kg,Bannu,277.47
2024-12-01,2024-12,Pulse Masoor (Washed),1 Kg,Quetta,329.86
2024-12-01,2024-12,Pulse Masoor (Washed),1 Kg,Khuzdar,286.51
2024-12-01,2024-12,Pulse Moong (Washed),1 Kg,National Average,387.27
2024-12-01,2024-12,Pulse Moong (Washed),1 Kg,Islamabad,409.87
2024-12-01,2024-12,Pulse Moong (Washed),1 Kg,Rawalpindi,388.75
2024-12-01,2024-12,Pulse Moong (Washed),1 Kg,Gujranwala,388.23
2024-12-01,2024-12,Pulse Moong (Washed),1 Kg,Sialkot,374.97
2024-12-01,2024-12,Pulse Moong (Washed),1 Kg,Lahore,349.39
2024-12-01,2024-12,Pulse Moong (Washed),1 Kg,Faisalabad,370.42
2024-12-01,2024-12,Pulse Moong (Washed),1 Kg,Sargodha,369.58
2024-12-01,2024-12,Pulse Moong (Washed),1 Kg,Multan,372.01
2024-12-01,2024-12,Pulse Moong (Washed),1 Kg,Bahawalpur,373.3
2024-12-01,2024-12,Pulse Moong (Washed),1 Kg,Karachi,400.09
2024-12-01,2024-12,Pulse Moong (Washed),1 Kg,Hyderabad,399.61
2024-12-01,2024-12,Pulse Moong (Washed),1 Kg,Sukkur,420.0
2024-12-01,2024-12,Pulse Moong (Washed),1 Kg,Larkana,393.09
2024-12-01,2024-12,Pulse Moong (Washed),1 Kg,Peshawar,368.83
2024-12-01,2024-12,Pulse Moong (Washed),1 Kg,Bannu,380.0
2024-12-01,2024-12,Pulse Moong (Washed),1 Kg,Quetta,442.32
2024-12-01,2024-12,Pulse Moong (Washed),1 Kg,Khuzdar,393.22
2024-12-01,2024-12,Pulse Mash (Washed),1 Kg,National Average,506.52
2024-12-01,2024-12,Pulse Mash (Washed),1 Kg,Islamabad,526.41
2024-12-01,2024-12,Pulse Mash (Washed),1 Kg,Rawalpindi,502.71
2024-12-01,2024-12,Pulse Mash (Washed),1 Kg,Gujranwala,476.62
2024-12-01,2024-12,Pulse Mash (Washed),1 Kg,Sialkot,477.48
2024-12-01,2024-12,Pulse Mash (Washed),1 Kg,Lahore,508.49
2024-12-01,2024-12,Pulse Mash (Washed),1 Kg,Faisalabad,566.62
2024-12-01,2024-12,Pulse Mash (Washed),1 Kg,Sargodha,520.0
2024-12-01,2024-12,Pulse Mash (Washed),1 Kg,Multan,490.39
2024-12-01,2024-12,Pulse Mash (Washed),1 Kg,Bahawalpur,478.3
2024-12-01,2024-12,Pulse Mash (Washed),1 Kg,Karachi,472.9
2024-12-01,2024-12,Pulse Mash (Washed),1 Kg,Hyderabad,484.93
2024-12-01,2024-12,Pulse Mash (Washed),1 Kg,Sukkur,554.93
2024-12-01,2024-12,Pulse Mash (Washed),1 Kg,Larkana,544.95
2024-12-01,2024-12,Pulse Mash (Washed),1 Kg,Peshawar,459.41
2024-12-01,2024-12,Pulse Mash (Washed),1 Kg,Bannu,509.71
2024-12-01,2024-12,Pulse Mash (Washed),1 Kg,Quetta,557.44
2024-12-01,2024-12,Pulse Mash (Washed),1 Kg,Khuzdar,496.27
2024-12-01,2024-12,Pulse Gram,1 Kg,National Average,378.97
2024-12-01,2024-12,Pulse Gram,1 Kg,Islamabad,420.95
2024-12-01,2024-12,Pulse Gram,1 Kg,Rawalpindi,410.49
2024-12-01,2024-12,Pulse Gram,1 Kg,Gujranwala,354.78
2024-12-01,2024-12,Pulse Gram,1 Kg,Sialkot,342.4
2024-12-01,2024-12,Pulse Gram,1 Kg,Lahore,339.21
2024-12-01,2024-12,Pulse Gram,1 Kg,Faisalabad,353.3
2024-12-01,2024-12,Pulse Gram,1 Kg,Sargodha,350.0
2024-12-01,2024-12,Pulse Gram,1 Kg,Multan,371.0
2024-12-01,2024-12,Pulse Gram,1 Kg,Bahawalpur,387.41
2024-12-01,2024-12,Pulse Gram,1 Kg,Karachi,390.5
2024-12-01,2024-12,Pulse Gram,1 Kg,Hyderabad,384.04
2024-12-01,2024-12,Pulse Gram,1 Kg,Sukkur,420.0
2024-12-01,2024-12,Pulse Gram,1 Kg,Larkana,369.16
2024-12-01,2024-12,Pulse Gram,1 Kg,Peshawar,394.65
2024-12-01,2024-12,Pulse Gram,1 Kg,Bannu,362.47
2024-12-01,2024-12,Pulse Gram,1 Kg,Quetta,414.45
2024-12-01,2024-12,Pulse Gram,1 Kg,Khuzdar,393.22
2024-12-01,2024-12,Potatoes,1 Kg,National Average,116.85
2024-12-01,2024-12,Potatoes,1 Kg,Islamabad,135.77
2024-12-01,2024-12,Potatoes,1 Kg,Rawalpindi,129.14
2024-12-01,2024-12,Potatoes,1 Kg,Gujranwala,120.0
2024-12-01,2024-12,Potatoes,1 Kg,Sialkot,127.75
2024-12-01,2024-12,Potatoes,1 Kg,Lahore,132.51
2024-12-01,2024-12,Potatoes,1 Kg,Faisalabad,114.23
2024-12-01,2024-12,Potatoes,1 Kg,Sargodha,113.0
2024-12-01,2024-12,Potatoes,1 Kg,Multan,131.53
2024-12-01,2024-12,Potatoes,1 Kg,Bahawalpur,126.22
2024-12-01,2024-12,Potatoes,1 Kg,Karachi,113.97
2024-12-01,2024-12,Potatoes,1 Kg,Hyderabad,108.5
2024-12-01,2024-12,Potatoes,1 Kg,Sukkur,114.65
2024-12-01,2024-12,Potatoes,1 Kg,Larkana,90.33
2024-12-01,2024-12,Potatoes,1 Kg,Peshawar,121.07
2024-12-01,2024-12,Potatoes,1 Kg,Bannu,108.75
2024-12-01,2024-12,Potatoes,1 Kg,Quetta,97.78
2024-12-01,2024-12,Potatoes,1 Kg,Khuzdar,112.19
2024-12-01,2024-12,Onions,1 Kg,National Average,141.85
2024-12-01,2024-12,Onions,1 Kg,Islamabad,171.61
2024-12-01,2024-12,Onions,1 Kg,Rawalpindi,157.29
2024-12-01,2024-12,Onions,1 Kg,Gujranwala,151.62
2024-12-01,2024-12,Onions,1 Kg,Sialkot,159.37
2024-12-01,2024-12,Onions,1 Kg,Lahore,152.27
2024-12-01,2024-12,Onions,1 Kg,Faisalabad,133.06
2024-12-01,2024-12,Onions,1 Kg,Sargodha,134.65
2024-12-01,2024-12,Onions,1 Kg,Multan,141.85
2024-12-01,2024-12,Onions,1 Kg,Bahawalpur,138.89
2024-12-01,2024-12,Onions,1 Kg,Karachi,147.51
2024-12-01,2024-12,Onions,1 Kg,Hyderabad,140.59
2024-12-01,2024-12,Onions,1 Kg,Sukkur,134.66
2024-12-01,2024-12,Onions,1 Kg,Larkana,130.29
2024-12-01,2024-12,Onions,1 Kg,Peshawar,151.53
2024-12-01,2024-12,Onions,1 Kg,Bannu,117.92
2024-12-01,2024-12,Onions,1 Kg,Quetta,124.66
2024-12-01,2024-12,Onions,1 Kg,Khuzdar,134.2
2024-12-01,2024-12,Tomatoes,1 Kg,National Average,178.45
2024-12-01,2024-12,Tomatoes,1 Kg,Islamabad,225.48
2024-12-01,2024-12,Tomatoes,1 Kg,Rawalpindi,212.84
2024-12-01,2024-12,Tomatoes,1 Kg,Gujranwala,192.88
2024-12-01,2024-12,Tomatoes,1 Kg,Sialkot,187.61
2024-12-01,2024-12,Tomatoes,1 Kg,Lahore,188.75
2024-12-01,2024-12,Tomatoes,1 Kg,Faisalabad,160.26
2024-12-01,2024-12,Tomatoes,1 Kg,Sargodha,166.05
2024-12-01,2024-12,Tomatoes,1 Kg,Multan,170.43
2024-12-01,2024-12,Tomatoes,1 Kg,Bahawalpur,179.61
2024-12-01,2024-12,Tomatoes,1 Kg,Karachi,174.79
2024-12-01,2024-12,Tomatoes,1 Kg,Hyderabad,159.85
2024-12-01,2024-12,Tomatoes,1 Kg,Sukkur,162.63
2024-12-01,2024-12,Tomatoes,1 Kg,Larkana,160.78
2024-12-01,2024-12,Tomatoes,1 Kg,Peshawar,192.67
2024-12-01,2024-12,Tomatoes,1 Kg,Bannu,158.36
2024-12-01,2024-12,Tomatoes,1 Kg,Quetta,166.96
2024-12-01,2024-12,Tomatoes,1 Kg,Khuzdar,189.9
2025-01-01,2025-01,Pulse Masoor (Washed),1 Kg,National Average,301.03
2025-01-01,2025-01,Pulse Masoor (Washed),1 Kg,Islamabad,348.79
2025-01-01,2025-01,Pulse Masoor (Washed),1 Kg,Rawalpindi,347.96
2025-01-01,2025-01,Pulse Masoor (Washed),1 Kg,Gujranwala,280.0
2025-01-01,2025-01,Pulse Masoor (Washed),1 Kg,Sialkot,280.0
2025-01-01,2025-01,Pulse Masoor (Washed),1 Kg,Lahore,290.84
2025-01-01,2025-01,Pulse Masoor (Washed),1 Kg,Faisalabad,332.16
2025-01-01,2025-01,Pulse Masoor (Washed),1 Kg,Sargodha,272.58
2025-01-01,2025-01,Pulse Masoor (Washed),1 Kg,Multan,311.51
2025-01-01,2025-01,Pulse Masoor (Washed),1 Kg,Bahawalpur,280.0
2025-01-01,2025-01,Pulse Masoor (Washed),1 Kg,Karachi,296.52
2025-01-01,2025-01,Pulse Masoor (Washed),1 Kg,Hyderabad,307.85
2025-01-01,2025-01,Pulse Masoor (Washed),1 Kg,Sukkur,300.0
2025-01-01,2025-01,Pulse Masoor (Washed),1 Kg,Larkana,282.59
2025-01-01,2025-01,Pulse Masoor (Washed),1 Kg,Peshawar,293.46
2025-01-01,2025-01,Pulse Masoor (Washed),1 Kg,Bannu,280.0
2025-01-01,2025-01,Pulse Masoor (Washed),1 Kg,Quetta,343.85
2025-01-01,2025-01,Pulse Masoor (Washed),1 Kg,Khuzdar,286.51
2025-01-01,2025-01,Pulse Moong (Washed),1 Kg,National Average,402.44
2025-01-01,2025-01,Pulse Moong (Washed),1 Kg,Islamabad,419.04
2025-01-01,2025-01,Pulse Moong (Washed),1 Kg,Rawalpindi,393.48
2025-01-01,2025-01,Pulse Moong (Washed),1 Kg,Gujranwala,396.64
2025-01-01,2025-01,Pulse Moong (Washed),1 Kg,Sialkot,380.0
2025-01-01,2025-01,Pulse Moong (Washed),1 Kg,Lahore,400.05
2025-01-01,2025-01,Pulse Moong (Washed),1 Kg,Faisalabad,376.21
2025-01-01,2025-01,Pulse Moong (Washed),1 Kg,Sargodha,375.25
2025-01-01,2025-01,Pulse Moong (Washed),1 Kg,Multan,424.28
2025-01-01,2025-01,Pulse Moong (Washed),1 Kg,Bahawalpur,385.18
2025-01-01,2025-01,Pulse Moong (Washed),1 Kg,Karachi,398.37
2025-01-01,2025-01,Pulse Moong (Washed),1 Kg,Hyderabad,410.52
2025-01-01,2025-01,Pulse Moong (Washed),1 Kg,Sukkur,427.98
2025-01-01,2025-01,Pulse Moong (Washed),1 Kg,Larkana,397.14
2025-01-01,2025-01,Pulse Moong (Washed),1 Kg,Peshawar,397.69
2025-01-01,2025-01,Pulse Moong (Washed),1 Kg,Bannu,395.92
2025-01-01,2025-01,Pulse Moong (Washed),1 Kg,Quetta,463.93
2025-01-01,2025-01,Pulse Moong (Washed),1 Kg,Khuzdar,409.14
2025-01-01,2025-01,Pulse Mash (Washed),1 Kg,National Average,494.66
2025-01-01,2025-01,Pulse Mash (Washed),1 Kg,Islamabad,513.17
2025-01-01,2025-01,Pulse Mash (Washed),1 Kg,Rawalpindi,493.85
2025-01-01,2025-01,Pulse Mash (Washed),1 Kg,Gujranwala,474.62
2025-01-01,2025-01,Pulse Mash (Washed),1 Kg,Sialkot,465.97
2025-01-01,2025-01,Pulse Mash (Washed),1 Kg,Lahore,508.49
2025-01-01,2025-01,Pulse Mash (Washed),1 Kg,Faisalabad,512.41
2025-01-01,2025-01,Pulse Mash (Washed),1 Kg,Sargodha,506.38
2025-01-01,2025-01,Pulse Mash (Washed),1 Kg,Multan,486.58
2025-01-01,2025-01,Pulse Mash (Washed),1 Kg,Bahawalpur,476.64
2025-01-01,2025-01,Pulse Mash (Washed),1 Kg,Karachi,456.4
2025-01-01,2025-01,Pulse Mash (Washed),1 Kg,Hyderabad,476.77
2025-01-01,2025-01,Pulse Mash (Washed),1 Kg,Sukkur,520.0
2025-01-01,2025-01,Pulse Mash (Washed),1 Kg,Larkana,552.59
2025-01-01,2025-01,Pulse Mash (Washed),1 Kg,Peshawar,455.31
2025-01-01,2025-01,Pulse Mash (Washed),1 Kg,Bannu,500.0
2025-01-01,2025-01,Pulse Mash (Washed),1 Kg,Quetta,577.95
2025-01-01,2025-01,Pulse Mash (Washed),1 Kg,Khuzdar,450.5
2025-01-01,2025-01,Pulse Gram,1 Kg,National Average,361.46
2025-01-01,2025-01,Pulse Gram,1 Kg,Islamabad,397.76
2025-01-01,2025-01,Pulse Gram,1 Kg,Rawalpindi,385.2
2025-01-01,2025-01,Pulse Gram,1 Kg,Gujranwala,323.71
2025-01-01,2025-01,Pulse Gram,1 Kg,Sialkot,315.83
2025-01-01,2025-01,Pulse Gram,1 Kg,Lahore,332.75
2025-01-01,2025-01,Pulse Gram,1 Kg,Faisalabad,329.3
2025-01-01,2025-01,Pulse Gram,1 Kg,Sargodha,337.86
2025-01-01,2025-01,Pulse Gram,1 Kg,Multan,367.43
2025-01-01,2025-01,Pulse Gram,1 Kg,Bahawalpur,372.36
2025-01-01,2025-01,Pulse Gram,1 Kg,Karachi,367.58
2025-01-01,2025-01,Pulse Gram,1 Kg,Hyderabad,364.34
2025-01-01,2025-01,Pulse Gram,1 Kg,Sukkur,401.17
2025-01-01,2025-01,Pulse Gram,1 Kg,Larkana,370.66
2025-01-01,2025-01,Pulse Gram,1 Kg,Peshawar,367.91
2025-01-01,2025-01,Pulse Gram,1 Kg,Bannu,346.5
2025-01-01,2025-01,Pulse Gram,1 Kg,Quetta,415.87
2025-01-01,2025-01,Pulse Gram,1 Kg,Khuzdar,366.35
2025-01-01,2025-01,Potatoes,1 Kg,National Average,87.4
2025-01-01,2025-01,Potatoes,1 Kg,Islamabad,108.04
2025-01-01,2025-01,Potatoes,1 Kg,Rawalpindi,101.82
2025-01-01,2025-01,Potatoes,1 Kg,Gujranwala,90.72
2025-01-01,2025-01,Potatoes,1 Kg,Sialkot,86.53
2025-01-01,2025-01,Potatoes,1 Kg,Lahore,87.92
2025-01-01,2025-01,Potatoes,1 Kg,Faisalabad,76.21
2025-01-01,2025-01,Potatoes,1 Kg,Sargodha,72.59
2025-01-01,2025-01,Potatoes,1 Kg,Multan,86.53
2025-01-01,2025-01,Potatoes,1 Kg,Bahawalpur,89.62
2025-01-01,2025-01,Potatoes,1 Kg,Karachi,86.49
2025-01-01,2025-01,Potatoes,1 Kg,Hyderabad,77.79
2025-01-01,2025-01,Potatoes,1 Kg,Sukkur,76.74
2025-01-01,2025-01,Potatoes,1 Kg,Larkana,72.83
2025-01-01,2025-01,Potatoes,1 Kg,Peshawar,109.73
2025-01-01,2025-01,Potatoes,1 Kg,Bannu,84.09
2025-01-01,2025-01,Potatoes,1 Kg,Quetta,87.67
2025-01-01,2025-01,Potatoes,1 Kg,Khuzdar,102.32
2025-01-01,2025-01,Onions,1 Kg,National Average,118.07
2025-01-01,2025-01,Onions,1 Kg,Islamabad,150.5
2025-01-01,2025-01,Onions,1 Kg,Rawalpindi,142.14
2025-01-01,2025-01,Onions,1 Kg,Gujranwala,130.47
2025-01-01,2025-01,Onions,1 Kg,Sialkot,132.75
2025-01-01,2025-01,Onions,1 Kg,Lahore,122.21
2025-01-01,2025-01,Onions,1 Kg,Faisalabad,104.28
2025-01-01,2025-01,Onions,1 Kg,Sargodha,113.2
2025-01-01,2025-01,Onions,1 Kg,Multan,108.78
2025-01-01,2025-01,Onions,1 Kg,Bahawalpur,112.55
2025-01-01,2025-01,Onions,1 Kg,Karachi,116.94
2025-01-01,2025-01,Onions,1 Kg,Hyderabad,103.92
2025-01-01,2025-01,Onions,1 Kg,Sukkur,102.88
2025-01-01,2025-01,Onions,1 Kg,Larkana,111.04
2025-01-01,2025-01,Onions,1 Kg,Peshawar,138.0
2025-01-01,2025-01,Onions,1 Kg,Bannu,108.88
2025-01-01,2025-01,Onions,1 Kg,Quetta,115.93
2025-01-01,2025-01,Onions,1 Kg,Khuzdar,106.35
2025-01-01,2025-01,Tomatoes,1 Kg,National Average,119.02
2025-01-01,2025-01,Tomatoes,1 Kg,Islamabad,160.16
2025-01-01,2025-01,Tomatoes,1 Kg,Rawalpindi,144.92
2025-01-01,2025-01,Tomatoes,1 Kg,Gujranwala,145.64
2025-01-01,2025-01,Tomatoes,1 Kg,Sialkot,139.28
2025-01-01,2025-01,Tomatoes,1 Kg,Lahore,127.53
2025-01-01,2025-01,Tomatoes,1 Kg,Faisalabad,110.02
2025-01-01,2025-01,Tomatoes,1 Kg,Sargodha,104.36
2025-01-01,2025-01,Tomatoes,1 Kg,Multan,113.36
2025-01-01,2025-01,Tomatoes,1 Kg,Bahawalpur,122.14
2025-01-01,2025-01,Tomatoes,1 Kg,Karachi,99.05
2025-01-01,2025-01,Tomatoes,1 Kg,Hyderabad,86.16
2025-01-01,2025-01,Tomatoes,1 Kg,Sukkur,96.62
2025-01-01,2025-01,Tomatoes,1 Kg,Larkana,105.14
2025-01-01,2025-01,Tomatoes,1 Kg,Peshawar,138.84
2025-01-01,2025-01,Tomatoes,1 Kg,Bannu,107.89
2025-01-01,2025-01,Tomatoes,1 Kg,Quetta,118.57
2025-01-01,2025-01,Tomatoes,1 Kg,Khuzdar,131.24
2025-02-01,2025-02,Pulse Masoor (Washed),1 Kg,National Average,298.55
2025-02-01,2025-02,Pulse Masoor (Washed),1 Kg,Islamabad,348.79
2025-02-01,2025-02,Pulse Masoor (Washed),1 Kg,Rawalpindi,347.96
2025-02-01,2025-02,Pulse Masoor (Washed),1 Kg,Gujranwala,280.0
2025-02-01,2025-02,Pulse Masoor (Washed),1 Kg,Sialkot,280.0
2025-02-01,2025-02,Pulse Masoor (Washed),1 Kg,Lahore,290.84
2025-02-01,2025-02,Pulse Masoor (Washed),1 Kg,Faisalabad,291.1
2025-02-01,2025-02,Pulse Masoor (Washed),1 Kg,Sargodha,276.63
2025-02-01,2025-02,Pulse Masoor (Washed),1 Kg,Multan,314.26
2025-02-01,2025-02,Pulse Masoor (Washed),1 Kg,Bahawalpur,280.0
2025-02-01,2025-02,Pulse Masoor (Washed),1 Kg,Karachi,294.94
2025-02-01,2025-02,Pulse Masoor (Washed),1 Kg,Hyderabad,304.88
2025-02-01,2025-02,Pulse Masoor (Washed),1 Kg,Sukkur,300.0
2025-02-01,2025-02,Pulse Masoor (Washed),1 Kg,Larkana,280.0
2025-02-01,2025-02,Pulse Masoor (Washed),1 Kg,Peshawar,298.87
2025-02-01,2025-02,Pulse Masoor (Washed),1 Kg,Bannu,280.0
2025-02-01,2025-02,Pulse Masoor (Washed),1 Kg,Quetta,334.9
2025-02-01,2025-02,Pulse Masoor (Washed),1 Kg,Khuzdar,286.51
2025-02-01,2025-02,Pulse Moong (Washed),1 Kg,National Average,400.88
2025-02-01,2025-02,Pulse Moong (Washed),1 Kg,Islamabad,432.27
2025-02-01,2025-02,Pulse Moong (Washed),1 Kg,Rawalpindi,398.54
2025-02-01,2025-02,Pulse Moong (Washed),1 Kg,Gujranwala,396.64
2025-02-01,2025-02,Pulse Moong (Washed),1 Kg,Sialkot,380.0
2025-02-01,2025-02,Pulse Moong (Washed),1 Kg,Lahore,406.13
2025-02-01,2025-02,Pulse Moong (Washed),1 Kg,Faisalabad,308.1
2025-02-01,2025-02,Pulse Moong (Washed),1 Kg,Sargodha,382.48
2025-02-01,2025-02,Pulse Moong (Washed),1 Kg,Multan,403.64
2025-02-01,2025-02,Pulse Moong (Washed),1 Kg,Bahawalpur,394.97
2025-02-01,2025-02,Pulse Moong (Washed),1 Kg,Karachi,397.33
2025-02-01,2025-02,Pulse Moong (Washed),1 Kg,Hyderabad,417.87
2025-02-01,2025-02,Pulse Moong (Washed),1 Kg,Sukkur,430.0
2025-02-01,2025-02,Pulse Moong (Washed),1 Kg,Larkana,411.47
2025-02-01,2025-02,Pulse Moong (Washed),1 Kg,Peshawar,419.97
2025-02-01,2025-02,Pulse Moong (Washed),1 Kg,Bannu,400.0
2025-02-01,2025-02,Pulse Moong (Washed),1 Kg,Quetta,452.37
2025-02-01,2025-02,Pulse Moong (Washed),1 Kg,Khuzdar,403.26
2025-02-01,2025-02,Pulse Mash (Washed),1 Kg,National Average,483.03
2025-02-01,2025-02,Pulse Mash (Washed),1 Kg,Islamabad,503.75
2025-02-01,2025-02,Pulse Mash (Washed),1 Kg,Rawalpindi,489.9
2025-02-01,2025-02,Pulse Mash (Washed),1 Kg,Gujranwala,467.2
2025-02-01,2025-02,Pulse Mash (Washed),1 Kg,Sialkot,452.42
2025-02-01,2025-02,Pulse Mash (Washed),1 Kg,Lahore,503.41
2025-02-01,2025-02,Pulse Mash (Washed),1 Kg,Faisalabad,479.19
2025-02-01,2025-02,Pulse Mash (Washed),1 Kg,Sargodha,471.65
2025-02-01,2025-02,Pulse Mash (Washed),1 Kg,Multan,479.81
2025-02-01,2025-02,Pulse Mash (Washed),1 Kg,Bahawalpur,473.27
2025-02-01,2025-02,Pulse Mash (Washed),1 Kg,Karachi,429.68
2025-02-01,2025-02,Pulse Mash (Washed),1 Kg,Hyderabad,453.27
2025-02-01,2025-02,Pulse Mash (Washed),1 Kg,Sukkur,494.73
2025-02-01,2025-02,Pulse Mash (Washed),1 Kg,Larkana,554.1
2025-02-01,2025-02,Pulse Mash (Washed),1 Kg,Peshawar,456.08
2025-02-01,2025-02,Pulse Mash (Washed),1 Kg,Bannu,500.0
2025-02-01,2025-02,Pulse Mash (Washed),1 Kg,Quetta,537.3
2025-02-01,2025-02,Pulse Mash (Washed),1 Kg,Khuzdar,481.13
2025-02-01,2025-02,Pulse Gram,1 Kg,National Average,332.51
2025-02-01,2025-02,Pulse Gram,1 Kg,Islamabad,387.03
2025-02-01,2025-02,Pulse Gram,1 Kg,Rawalpindi,376.6
2025-02-01,2025-02,Pulse Gram,1 Kg,Gujranwala,300.0
2025-02-01,2025-02,Pulse Gram,1 Kg,Sialkot,310.0
2025-02-01,2025-02,Pulse Gram,1 Kg,Lahore,298.97
2025-02-01,2025-02,Pulse Gram,1 Kg,Faisalabad,292.28
2025-02-01,2025-02,Pulse Gram,1 Kg,Sargodha,304.07
2025-02-01,2025-02,Pulse Gram,1 Kg,Multan,341.63
2025-02-01,2025-02,Pulse Gram,1 Kg,Bahawalpur,322.88
2025-02-01,2025-02,Pulse Gram,1 Kg,Karachi,321.54
2025-02-01,2025-02,Pulse Gram,1 Kg,Hyderabad,313.08
2025-02-01,2025-02,Pulse Gram,1 Kg,Sukkur,380.64
2025-02-01,2025-02,Pulse Gram,1 Kg,Larkana,355.68
2025-02-01,2025-02,Pulse Gram,1 Kg,Peshawar,332.9
2025-02-01,2025-02,Pulse Gram,1 Kg,Bannu,308.2
2025-02-01,2025-02,Pulse Gram,1 Kg,Quetta,364.77
2025-02-01,2025-02,Pulse Gram,1 Kg,Khuzdar,366.38
2025-02-01,2025-02,Potatoes,1 Kg,National Average,68.31
2025-02-01,2025-02,Potatoes,1 Kg,Islamabad,85.53
2025-02-01,2025-02,Potatoes,1 Kg,Rawalpindi,78.49
2025-02-01,2025-02,Potatoes,1 Kg,Gujranwala,70.66
2025-02-01,2025-02,Potatoes,1 Kg,Sialkot,63.16
2025-02-01,2025-02,Potatoes,1 Kg,Lahore,68.6
2025-02-01,2025-02,Potatoes,1 Kg,Faisalabad,58.07
2025-02-01,2025-02,Potatoes,1 Kg,Sargodha,60.0
2025-02-01,2025-02,Potatoes,1 Kg,Multan,62.89
2025-02-01,2025-02,Potatoes,1 Kg,Bahawalpur,68.87
2025-02-01,2025-02,Potatoes,1 Kg,Karachi,73.15
2025-02-01,2025-02,Potatoes,1 Kg,Hyderabad,62.61
2025-02-01,2025-02,Potatoes,1 Kg,Sukkur,56.46
2025-02-01,2025-02,Potatoes,1 Kg,Larkana,53.94
2025-02-01,2025-02,Potatoes,1 Kg,Peshawar,89.17
2025-02-01,2025-02,Potatoes,1 Kg,Bannu,62.06
2025-02-01,2025-02,Potatoes,1 Kg,Quetta,74.55
2025-02-01,2025-02,Potatoes,1 Kg,Khuzdar,85.95
2025-02-01,2025-02,Onions,1 Kg,National Average,88.62
2025-02-01,2025-02,Onions,1 Kg,Islamabad,113.15
2025-02-01,2025-02,Onions,1 Kg,Rawalpindi,107.79
2025-02-01,2025-02,Onions,1 Kg,Gujranwala,93.22
2025-02-01,2025-02,Onions,1 Kg,Sialkot,100.0
2025-02-01,2025-02,Onions,1 Kg,Lahore,87.43
2025-02-01,2025-02,Onions,1 Kg,Faisalabad,83.2
2025-02-01,2025-02,Onions,1 Kg,Sargodha,80.0
2025-02-01,2025-02,Onions,1 Kg,Multan,82.81
2025-02-01,2025-02,Onions,1 Kg,Bahawalpur,93.12
2025-02-01,2025-02,Onions,1 Kg,Karachi,83.32
2025-02-01,2025-02,Onions,1 Kg,Hyderabad,72.25
2025-02-01,2025-02,Onions,1 Kg,Sukkur,80.0
2025-02-01,2025-02,Onions,1 Kg,Larkana,75.67
2025-02-01,2025-02,Onions,1 Kg,Peshawar,104.2
2025-02-01,2025-02,Onions,1 Kg,Bannu,87.68
2025-02-01,2025-02,Onions,1 Kg,Quetta,92.55
2025-02-01,2025-02,Onions,1 Kg,Khuzdar,81.58
2025-02-01,2025-02,Tomatoes,1 Kg,National Average,58.21
2025-02-01,2025-02,Tomatoes,1 Kg,Islamabad,86.14
2025-02-01,2025-02,Tomatoes,1 Kg,Rawalpindi,78.93
2025-02-01,2025-02,Tomatoes,1 Kg,Gujranwala,83.85
2025-02-01,2025-02,Tomatoes,1 Kg,Sialkot,77.07
2025-02-01,2025-02,Tomatoes,1 Kg,Lahore,70.65
2025-02-01,2025-02,Tomatoes,1 Kg,Faisalabad,60.77
2025-02-01,2025-02,Tomatoes,1 Kg,Sargodha,61.6
2025-02-01,2025-02,Tomatoes,1 Kg,Multan,58.71
2025-02-01,2025-02,Tomatoes,1 Kg,Bahawalpur,66.71
2025-02-01,2025-02,Tomatoes,1 Kg,Karachi,40.88
2025-02-01,2025-02,Tomatoes,1 Kg,Hyderabad,30.36
2025-02-01,2025-02,Tomatoes,1 Kg,Sukkur,36.63
2025-02-01,2025-02,Tomatoes,1 Kg,Larkana,42.71
2025-02-01,2025-02,Tomatoes,1 Kg,Peshawar,70.48
2025-02-01,2025-02,Tomatoes,1 Kg,Bannu,54.2
2025-02-01,2025-02,Tomatoes,1 Kg,Quetta,46.83
2025-02-01,2025-02,Tomatoes,1 Kg,Khuzdar,64.06
2025-03-01,2025-03,Pulse Masoor (Washed),1 Kg,National Average,293.89
2025-03-01,2025-03,Pulse Masoor (Washed),1 Kg,Islamabad,348.79
2025-03-01,2025-03,Pulse Masoor (Washed),1 Kg,Rawalpindi,347.96
2025-03-01,2025-03,Pulse Masoor (Washed),1 Kg,Gujranwala,272.47
2025-03-01,2025-03,Pulse Masoor (Washed),1 Kg,Sialkot,280.0
2025-03-01,2025-03,Pulse Masoor (Washed),1 Kg,Lahore,285.79
2025-03-01,2025-03,Pulse Masoor (Washed),1 Kg,Faisalabad,295.76
2025-03-01,2025-03,Pulse Masoor (Washed),1 Kg,Sargodha,280.0
2025-03-01,2025-03,Pulse Masoor (Washed),1 Kg,Multan,315.95
2025-03-01,2025-03,Pulse Masoor (Washed),1 Kg,Bahawalpur,263.29
2025-03-01,2025-03,Pulse Masoor (Washed),1 Kg,Karachi,294.68
2025-03-01,2025-03,Pulse Masoor (Washed),1 Kg,Hyderabad,302.42
2025-03-01,2025-03,Pulse Masoor (Washed),1 Kg,Sukkur,275.0
2025-03-01,2025-03,Pulse Masoor (Washed),1 Kg,Larkana,280.0
2025-03-01,2025-03,Pulse Masoor (Washed),1 Kg,Peshawar,279.42
2025-03-01,2025-03,Pulse Masoor (Washed),1 Kg,Bannu,267.37
2025-03-01,2025-03,Pulse Masoor (Washed),1 Kg,Quetta,339.94
2025-03-01,2025-03,Pulse Masoor (Washed),1 Kg,Khuzdar,286.51
2025-03-01,2025-03,Pulse Moong (Washed),1 Kg,National Average,396.07
2025-03-01,2025-03,Pulse Moong (Washed),1 Kg,Islamabad,432.27
2025-03-01,2025-03,Pulse Moong (Washed),1 Kg,Rawalpindi,398.54
2025-03-01,2025-03,Pulse Moong (Washed),1 Kg,Gujranwala,399.16
2025-03-01,2025-03,Pulse Moong (Washed),1 Kg,Sialkot,387.48
2025-03-01,2025-03,Pulse Moong (Washed),1 Kg,Lahore,397.72
2025-03-01,2025-03,Pulse Moong (Washed),1 Kg,Faisalabad,341.62
2025-03-01,2025-03,Pulse Moong (Washed),1 Kg,Sargodha,400.0
2025-03-01,2025-03,Pulse Moong (Washed),1 Kg,Multan,388.76
2025-03-01,2025-03,Pulse Moong (Washed),1 Kg,Bahawalpur,386.6
2025-03-01,2025-03,Pulse Moong (Washed),1 Kg,Karachi,395.72
2025-03-01,2025-03,Pulse Moong (Washed),1 Kg,Hyderabad,414.91
2025-03-01,2025-03,Pulse Moong (Washed),1 Kg,Sukkur,400.0
2025-03-01,2025-03,Pulse Moong (Washed),1 Kg,Larkana,346.54
2025-03-01,2025-03,Pulse Moong (Washed),1 Kg,Peshawar,411.86
2025-03-01,2025-03,Pulse Moong (Washed),1 Kg,Bannu,400.0
2025-03-01,2025-03,Pulse Moong (Washed),1 Kg,Quetta,444.92
2025-03-01,2025-03,Pulse Moong (Washed),1 Kg,Khuzdar,400.0
2025-03-01,2025-03,Pulse Mash (Washed),1 Kg,National Average,463.12
2025-03-01,2025-03,Pulse Mash (Washed),1 Kg,Islamabad,503.75
2025-03-01,2025-03,Pulse Mash (Washed),1 Kg,Rawalpindi,489.9
2025-03-01,2025-03,Pulse Mash (Washed),1 Kg,Gujranwala,427.42
2025-03-01,2025-03,Pulse Mash (Washed),1 Kg,Sialkot,429.94
2025-03-01,2025-03,Pulse Mash (Washed),1 Kg,Lahore,478.4
2025-03-01,2025-03,Pulse Mash (Washed),1 Kg,Faisalabad,479.19
2025-03-01,2025-03,Pulse Mash (Washed),1 Kg,Sargodha,479.16
2025-03-01,2025-03,Pulse Mash (Washed),1 Kg,Multan,477.58
2025-03-01,2025-03,Pulse Mash (Washed),1 Kg,Bahawalpur,453.27
2025-03-01,2025-03,Pulse Mash (Washed),1 Kg,Karachi,419.38
2025-03-01,2025-03,Pulse Mash (Washed),1 Kg,Hyderabad,437.9
2025-03-01,2025-03,Pulse Mash (Washed),1 Kg,Sukkur,460.0
2025-03-01,2025-03,Pulse Mash (Washed),1 Kg,Larkana,447.44
2025-03-01,2025-03,Pulse Mash (Washed),1 Kg,Peshawar,444.7
2025-03-01,2025-03,Pulse Mash (Washed),1 Kg,Bannu,484.71
2025-03-01,2025-03,Pulse Mash (Washed),1 Kg,Quetta,502.44
2025-03-01,2025-03,Pulse Mash (Washed),1 Kg,Khuzdar,469.78
2025-03-01,2025-03,Pulse Gram,1 Kg,National Average,309.31
2025-03-01,2025-03,Pulse Gram,1 Kg,Islamabad,375.66
2025-03-01,2025-03,Pulse Gram,1 Kg,Rawalpindi,367.42
2025-03-01,2025-03,Pulse Gram,1 Kg,Gujranwala,274.51
2025-03-01,2025-03,Pulse Gram,1 Kg,Sialkot,272.47
2025-03-01,2025-03,Pulse Gram,1 Kg,Lahore,290.42
2025-03-01,2025-03,Pulse Gram,1 Kg,Faisalabad,300.0
2025-03-01,2025-03,Pulse Gram,1 Kg,Sargodha,282.29
2025-03-01,2025-03,Pulse Gram,1 Kg,Multan,298.82
2025-03-01,2025-03,Pulse Gram,1 Kg,Bahawalpur,281.41
2025-03-01,2025-03,Pulse Gram,1 Kg,Karachi,309.06
2025-03-01,2025-03,Pulse Gram,1 Kg,Hyderabad,304.1
2025-03-01,2025-03,Pulse Gram,1 Kg,Sukkur,296.35
2025-03-01,2025-03,Pulse Gram,1 Kg,Larkana,311.51
2025-03-01,2025-03,Pulse Gram,1 Kg,Peshawar,310.35
2025-03-01,2025-03,Pulse Gram,1 Kg,Bannu,296.63
2025-03-01,2025-03,Pulse Gram,1 Kg,Quetta,341.08
2025-03-01,2025-03,Pulse Gram,1 Kg,Khuzdar,373.21
2025-03-01,2025-03,Potatoes,1 Kg,National Average,62.95
2025-03-01,2025-03,Potatoes,1 Kg,Islamabad,79.09
2025-03-01,2025-03,Potatoes,1 Kg,Rawalpindi,75.7
2025-03-01,2025-03,Potatoes,1 Kg,Gujranwala,64.8
2025-03-01,2025-03,Potatoes,1 Kg,Sialkot,62.35
2025-03-01,2025-03,Potatoes,1 Kg,Lahore,65.05
2025-03-01,2025-03,Potatoes,1 Kg,Faisalabad,53.13
2025-03-01,2025-03,Potatoes,1 Kg,Sargodha,52.33
2025-03-01,2025-03,Potatoes,1 Kg,Multan,61.04
2025-03-01,2025-03,Potatoes,1 Kg,Bahawalpur,61.41
2025-03-01,2025-03,Potatoes,1 Kg,Karachi,67.84
2025-03-01,2025-03,Potatoes,1 Kg,Hyderabad,56.3
2025-03-01,2025-03,Potatoes,1 Kg,Sukkur,51.15
2025-03-01,2025-03,Potatoes,1 Kg,Larkana,53.13
2025-03-01,2025-03,Potatoes,1 Kg,Peshawar,83.53
2025-03-01,2025-03,Potatoes,1 Kg,Bannu,60.77
2025-03-01,2025-03,Potatoes,1 Kg,Quetta,54.38
2025-03-01,2025-03,Potatoes,1 Kg,Khuzdar,81.5
2025-03-01,2025-03,Onions,1 Kg,National Average,69.8
2025-03-01,2025-03,Onions,1 Kg,Islamabad,94.1
2025-03-01,2025-03,Onions,1 Kg,Rawalpindi,87.95
2025-03-01,2025-03,Onions,1 Kg,Gujranwala,74.81
2025-03-01,2025-03,Onions,1 Kg,Sialkot,73.85
2025-03-01,2025-03,Onions,1 Kg,Lahore,71.9
2025-03-01,2025-03,Onions,1 Kg,Faisalabad,58.21
2025-03-01,2025-03,Onions,1 Kg,Sargodha,56.23
2025-03-01,2025-03,Onions,1 Kg,Multan,62.97
2025-03-01,2025-03,Onions,1 Kg,Bahawalpur,72.84
2025-03-01,2025-03,Onions,1 Kg,Karachi,69.13
2025-03-01,2025-03,Onions,1 Kg,Hyderabad,56.58
2025-03-01,2025-03,Onions,1 Kg,Sukkur,53.82
2025-03-01,2025-03,Onions,1 Kg,Larkana,60.28
2025-03-01,2025-03,Onions,1 Kg,Peshawar,90.65
2025-03-01,2025-03,Onions,1 Kg,Bannu,72.87
2025-03-01,2025-03,Onions,1 Kg,Quetta,64.48
2025-03-01,2025-03,Onions,1 Kg,Khuzdar,83.03
2025-03-01,2025-03,Tomatoes,1 Kg,National Average,73.04
2025-03-01,2025-03,Tomatoes,1 Kg,Islamabad,108.19
2025-03-01,2025-03,Tomatoes,1 Kg,Rawalpindi,99.42
2025-03-01,2025-03,Tomatoes,1 Kg,Gujranwala,101.94
2025-03-01,2025-03,Tomatoes,1 Kg,Sialkot,86.8
2025-03-01,2025-03,Tomatoes,1 Kg,Lahore,83.41
2025-03-01,2025-03,Tomatoes,1 Kg,Faisalabad,83.24
2025-03-01,2025-03,Tomatoes,1 Kg,Sargodha,81.81
2025-03-01,2025-03,Tomatoes,1 Kg,Multan,70.56
2025-03-01,2025-03,Tomatoes,1 Kg,Bahawalpur,94.32
2025-03-01,2025-03,Tomatoes,1 Kg,Karachi,50.18
2025-03-01,2025-03,Tomatoes,1 Kg,Hyderabad,37.61
2025-03-01,2025-03,Tomatoes,1 Kg,Sukkur,48.99
2025-03-01,2025-03,Tomatoes,1 Kg,Larkana,50.42
2025-03-01,2025-03,Tomatoes,1 Kg,Peshawar,96.32
2025-03-01,2025-03,Tomatoes,1 Kg,Bannu,65.15
2025-03-01,2025-03,Tomatoes,1 Kg,Quetta,61.45
2025-03-01,2025-03,Tomatoes,1 Kg,Khuzdar,74.05
2025-04-01,2025-04,Pulse Masoor (Washed),1 Kg,National Average,294.42
2025-04-01,2025-04,Pulse Masoor (Washed),1 Kg,Islamabad,348.79
2025-04-01,2025-04,Pulse Masoor (Washed),1 Kg,Rawalpindi,347.96
2025-04-01,2025-04,Pulse Masoor (Washed),1 Kg,Gujranwala,270.0
2025-04-01,2025-04,Pulse Masoor (Washed),1 Kg,Sialkot,280.0
2025-04-01,2025-04,Pulse Masoor (Washed),1 Kg,Lahore,280.83
2025-04-01,2025-04,Pulse Masoor (Washed),1 Kg,Faisalabad,295.76
2025-04-01,2025-04,Pulse Masoor (Washed),1 Kg,Sargodha,280.0
2025-04-01,2025-04,Pulse Masoor (Washed),1 Kg,Multan,324.88
2025-04-01,2025-04,Pulse Masoor (Washed),1 Kg,Bahawalpur,263.29
2025-04-01,2025-04,Pulse Masoor (Washed),1 Kg,Karachi,293.36
2025-04-01,2025-04,Pulse Masoor (Washed),1 Kg,Hyderabad,292.75
2025-04-01,2025-04,Pulse Masoor (Washed),1 Kg,Sukkur,275.0
2025-04-01,2025-04,Pulse Masoor (Washed),1 Kg,Larkana,280.0
2025-04-01,2025-04,Pulse Masoor (Washed),1 Kg,Peshawar,287.35
2025-04-01,2025-04,Pulse Masoor (Washed),1 Kg,Bannu,280.0
2025-04-01,2025-04,Pulse Masoor (Washed),1 Kg,Quetta,337.34
2025-04-01,2025-04,Pulse Masoor (Washed),1 Kg,Khuzdar,286.51
2025-04-01,2025-04,Pulse Moong (Washed),1 Kg,National Average,396.42
2025-04-01,2025-04,Pulse Moong (Washed),1 Kg,Islamabad,432.27
2025-04-01,2025-04,Pulse Moong (Washed),1 Kg,Rawalpindi,398.54
2025-04-01,2025-04,Pulse Moong (Washed),1 Kg,Gujranwala,390.0
2025-04-01,2025-04,Pulse Moong (Washed),1 Kg,Sialkot,390.0
2025-04-01,2025-04,Pulse Moong (Washed),1 Kg,Lahore,389.48
2025-04-01,2025-04,Pulse Moong (Washed),1 Kg,Faisalabad,348.19
2025-04-01,2025-04,Pulse Moong (Washed),1 Kg,Sargodha,400.0
2025-04-01,2025-04,Pulse Moong (Washed),1 Kg,Multan,403.45
2025-04-01,2025-04,Pulse Moong (Washed),1 Kg,Bahawalpur,393.31
2025-04-01,2025-04,Pulse Moong (Washed),1 Kg,Karachi,393.61
2025-04-01,2025-04,Pulse Moong (Washed),1 Kg,Hyderabad,411.55
2025-04-01,2025-04,Pulse Moong (Washed),1 Kg,Sukkur,400.0
2025-04-01,2025-04,Pulse Moong (Washed),1 Kg,Larkana,348.2
2025-04-01,2025-04,Pulse Moong (Washed),1 Kg,Peshawar,405.47
2025-04-01,2025-04,Pulse Moong (Washed),1 Kg,Bannu,394.9
2025-04-01,2025-04,Pulse Moong (Washed),1 Kg,Quetta,452.37
2025-04-01,2025-04,Pulse Moong (Washed),1 Kg,Khuzdar,400.0
2025-04-01,2025-04,Pulse Mash (Washed),1 Kg,National Average,463.56
2025-04-01,2025-04,Pulse Mash (Washed),1 Kg,Islamabad,503.75
2025-04-01,2025-04,Pulse Mash (Washed),1 Kg,Rawalpindi,489.9
2025-04-01,2025-04,Pulse Mash (Washed),1 Kg,Gujranwala,420.0
2025-04-01,2025-04,Pulse Mash (Washed),1 Kg,Sialkot,420.0
2025-04-01,2025-04,Pulse Mash (Washed),1 Kg,Lahore,461.0
2025-04-01,2025-04,Pulse Mash (Washed),1 Kg,Faisalabad,479.19
2025-04-01,2025-04,Pulse Mash (Washed),1 Kg,Sargodha,480.0
2025-04-01,2025-04,Pulse Mash (Washed),1 Kg,Multan,471.03
2025-04-01,2025-04,Pulse Mash (Washed),1 Kg,Bahawalpur,443.31
2025-04-01,2025-04,Pulse Mash (Washed),1 Kg,Karachi,411.97
2025-04-01,2025-04,Pulse Mash (Washed),1 Kg,Hyderabad,424.72
2025-04-01,2025-04,Pulse Mash (Washed),1 Kg,Sukkur,454.92
2025-04-01,2025-04,Pulse Mash (Washed),1 Kg,Larkana,533.25
2025-04-01,2025-04,Pulse Mash (Washed),1 Kg,Peshawar,443.31
2025-04-01,2025-04,Pulse Mash (Washed),1 Kg,Bannu,489.9
2025-04-01,2025-04,Pulse Mash (Washed),1 Kg,Quetta,504.94
2025-04-01,2025-04,Pulse Mash (Washed),1 Kg,Khuzdar,469.78
2025-04-01,2025-04,Pulse Gram,1 Kg,National Average,309.17
2025-04-01,2025-04,Pulse Gram,1 Kg,Islamabad,364.63
2025-04-01,2025-04,Pulse Gram,1 Kg,Rawalpindi,358.46
2025-04-01,2025-04,Pulse Gram,1 Kg,Gujranwala,281.31
2025-04-01,2025-04,Pulse Gram,1 Kg,Sialkot,292.2
2025-04-01,2025-04,Pulse Gram,1 Kg,Lahore,277.19
2025-04-01,2025-04,Pulse Gram,1 Kg,Faisalabad,300.0
2025-04-01,2025-04,Pulse Gram,1 Kg,Sargodha,274.12
2025-04-01,2025-04,Pulse Gram,1 Kg,Multan,304.33
2025-04-01,2025-04,Pulse Gram,1 Kg,Bahawalpur,281.49
2025-04-01,2025-04,Pulse Gram,1 Kg,Karachi,304.67
2025-04-01,2025-04,Pulse Gram,1 Kg,Hyderabad,295.75
2025-04-01,2025-04,Pulse Gram,1 Kg,Sukkur,293.18
2025-04-01,2025-04,Pulse Gram,1 Kg,Larkana,314.91
2025-04-01,2025-04,Pulse Gram,1 Kg,Peshawar,318.08
2025-04-01,2025-04,Pulse Gram,1 Kg,Bannu,308.2
2025-04-01,2025-04,Pulse Gram,1 Kg,Quetta,337.41
2025-04-01,2025-04,Pulse Gram,1 Kg,Khuzdar,373.21
2025-04-01,2025-04,Potatoes,1 Kg,National Average,63.61
2025-04-01,2025-04,Potatoes,1 Kg,Islamabad,71.21
2025-04-01,2025-04,Potatoes,1 Kg,Rawalpindi,70.94
2025-04-01,2025-04,Potatoes,1 Kg,Gujranwala,60.0
2025-04-01,2025-04,Potatoes,1 Kg,Sialkot,60.77
2025-04-01,2025-04,Potatoes,1 Kg,Lahore,58.07
2025-04-01,2025-04,Potatoes,1 Kg,Faisalabad,50.0
2025-04-01,2025-04,Potatoes,1 Kg,Sargodha,54.77
2025-04-01,2025-04,Potatoes,1 Kg,Multan,61.04
2025-04-01,2025-04,Potatoes,1 Kg,Bahawalpur,63.98
2025-04-01,2025-04,Potatoes,1 Kg,Karachi,71.16
2025-04-01,2025-04,Potatoes,1 Kg,Hyderabad,68.75
2025-04-01,2025-04,Potatoes,1 Kg,Sukkur,56.46
2025-04-01,2025-04,Potatoes,1 Kg,Larkana,57.56
2025-04-01,2025-04,Potatoes,1 Kg,Peshawar,79.93
2025-04-01,2025-04,Potatoes,1 Kg,Bannu,60.0
2025-04-01,2025-04,Potatoes,1 Kg,Quetta,64.48
2025-04-01,2025-04,Potatoes,1 Kg,Khuzdar,81.2
2025-04-01,2025-04,Onions,1 Kg,National Average,56.54
2025-04-01,2025-04,Onions,1 Kg,Islamabad,81.76
2025-04-01,2025-04,Onions,1 Kg,Rawalpindi,75.76
2025-04-01,2025-04,Onions,1 Kg,Gujranwala,64.47
2025-04-01,2025-04,Onions,1 Kg,Sialkot,60.77
2025-04-01,2025-04,Onions,1 Kg,Lahore,53.42
2025-04-01,2025-04,Onions,1 Kg,Faisalabad,43.28
2025-04-01,2025-04,Onions,1 Kg,Sargodha,52.33
2025-04-01,2025-04,Onions,1 Kg,Multan,51.4
2025-04-01,2025-04,Onions,1 Kg,Bahawalpur,57.32
2025-04-01,2025-04,Onions,1 Kg,Karachi,61.22
2025-04-01,2025-04,Onions,1 Kg,Hyderabad,48.15
2025-04-01,2025-04,Onions,1 Kg,Sukkur,42.29
2025-04-01,2025-04,Onions,1 Kg,Larkana,37.25
2025-04-01,2025-04,Onions,1 Kg,Peshawar,76.07
2025-04-01,2025-04,Onions,1 Kg,Bannu,56.33
2025-04-01,2025-04,Onions,1 Kg,Quetta,46.33
2025-04-01,2025-04,Onions,1 Kg,Khuzdar,77.38
2025-04-01,2025-04,Tomatoes,1 Kg,National Average,64.93
2025-04-01,2025-04,Tomatoes,1 Kg,Islamabad,100.64
2025-04-01,2025-04,Tomatoes,1 Kg,Rawalpindi,97.49
2025-04-01,2025-04,Tomatoes,1 Kg,Gujranwala,79.47
2025-04-01,2025-04,Tomatoes,1 Kg,Sialkot,87.12
2025-04-01,2025-04,Tomatoes,1 Kg,Lahore,71.24
2025-04-01,2025-04,Tomatoes,1 Kg,Faisalabad,68.13
2025-04-01,2025-04,Tomatoes,1 Kg,Sargodha,74.01
2025-04-01,2025-04,Tomatoes,1 Kg,Multan,61.48
2025-04-01,2025-04,Tomatoes,1 Kg,Bahawalpur,69.1
2025-04-01,2025-04,Tomatoes,1 Kg,Karachi,58.12
2025-04-01,2025-04,Tomatoes,1 Kg,Hyderabad,43.86
2025-04-01,2025-04,Tomatoes,1 Kg,Sukkur,38.34
2025-04-01,2025-04,Tomatoes,1 Kg,Larkana,31.09
2025-04-01,2025-04,Tomatoes,1 Kg,Peshawar,94.04
2025-04-01,2025-04,Tomatoes,1 Kg,Bannu,58.96
2025-04-01,2025-04,Tomatoes,1 Kg,Quetta,52.8
2025-04-01,2025-04,Tomatoes,1 Kg,Khuzdar,70.3
2025-05-01,2025-05,Pulse Masoor (Washed),1 Kg,National Average,293.92
2025-05-01,2025-05,Pulse Masoor (Washed),1 Kg,Islamabad,348.79
2025-05-01,2025-05,Pulse Masoor (Washed),1 Kg,Rawalpindi,347.96
2025-05-01,2025-05,Pulse Masoor (Washed),1 Kg,Gujranwala,271.61
2025-05-01,2025-05,Pulse Masoor (Washed),1 Kg,Sialkot,270.0
2025-05-01,2025-05,Pulse Masoor (Washed),1 Kg,Lahore,280.83
2025-05-01,2025-05,Pulse Masoor (Washed),1 Kg,Faisalabad,295.76
2025-05-01,2025-05,Pulse Masoor (Washed),1 Kg,Sargodha,279.15
2025-05-01,2025-05,Pulse Masoor (Washed),1 Kg,Multan,327.72
2025-05-01,2025-05,Pulse Masoor (Washed),1 Kg,Bahawalpur,263.29
2025-05-01,2025-05,Pulse Masoor (Washed),1 Kg,Karachi,292.75
2025-05-01,2025-05,Pulse Masoor (Washed),1 Kg,Hyderabad,291.5
2025-05-01,2025-05,Pulse Masoor (Washed),1 Kg,Sukkur,275.0
2025-05-01,2025-05,Pulse Masoor (Washed),1 Kg,Larkana,280.0
2025-05-01,2025-05,Pulse Masoor (Washed),1 Kg,Peshawar,297.19
2025-05-01,2025-05,Pulse Masoor (Washed),1 Kg,Bannu,277.47
2025-05-01,2025-05,Pulse Masoor (Washed),1 Kg,Quetta,329.94
2025-05-01,2025-05,Pulse Masoor (Washed),1 Kg,Khuzdar,286.51
2025-05-01,2025-05,Pulse Moong (Washed),1 Kg,National Average,400.82
2025-05-01,2025-05,Pulse Moong (Washed),1 Kg,Islamabad,432.27
2025-05-01,2025-05,Pulse Moong (Washed),1 Kg,Rawalpindi,398.54
2025-05-01,2025-05,Pulse Moong (Washed),1 Kg,Gujranwala,384.11
2025-05-01,2025-05,Pulse Moong (Washed),1 Kg,Sialkot,390.0
2025-05-01,2025-05,Pulse Moong (Washed),1 Kg,Lahore,389.48
2025-05-01,2025-05,Pulse Moong (Washed),1 Kg,Faisalabad,371.66
2025-05-01,2025-05,Pulse Moong (Washed),1 Kg,Sargodha,400.82
2025-05-01,2025-05,Pulse Moong (Washed),1 Kg,Multan,407.7
2025-05-01,2025-05,Pulse Moong (Washed),1 Kg,Bahawalpur,393.31
2025-05-01,2025-05,Pulse Moong (Washed),1 Kg,Karachi,393.15
2025-05-01,2025-05,Pulse Moong (Washed),1 Kg,Hyderabad,414.5
2025-05-01,2025-05,Pulse Moong (Washed),1 Kg,Sukkur,414.91
2025-05-01,2025-05,Pulse Moong (Washed),1 Kg,Larkana,389.69
2025-05-01,2025-05,Pulse Moong (Washed),1 Kg,Peshawar,395.23
2025-05-01,2025-05,Pulse Moong (Washed),1 Kg,Bannu,389.87
2025-05-01,2025-05,Pulse Moong (Washed),1 Kg,Quetta,439.95
2025-05-01,2025-05,Pulse Moong (Washed),1 Kg,Khuzdar,414.73
2025-05-01,2025-05,Pulse Mash (Washed),1 Kg,National Average,457.78
2025-05-01,2025-05,Pulse Mash (Washed),1 Kg,Islamabad,503.75
2025-05-01,2025-05,Pulse Mash (Washed),1 Kg,Rawalpindi,489.9
2025-05-01,2025-05,Pulse Mash (Washed),1 Kg,Gujranwala,420.0
2025-05-01,2025-05,Pulse Mash (Washed),1 Kg,Sialkot,420.0
2025-05-01,2025-05,Pulse Mash (Washed),1 Kg,Lahore,458.52
2025-05-01,2025-05,Pulse Mash (Washed),1 Kg,Faisalabad,479.19
2025-05-01,2025-05,Pulse Mash (Washed),1 Kg,Sargodha,480.0
2025-05-01,2025-05,Pulse Mash (Washed),1 Kg,Multan,471.03
2025-05-01,2025-05,Pulse Mash (Washed),1 Kg,Bahawalpur,434.14
2025-05-01,2025-05,Pulse Mash (Washed),1 Kg,Karachi,410.04
2025-05-01,2025-05,Pulse Mash (Washed),1 Kg,Hyderabad,430.28
2025-05-01,2025-05,Pulse Mash (Washed),1 Kg,Sukkur,440.0
2025-05-01,2025-05,Pulse Mash (Washed),1 Kg,Larkana,509.25
2025-05-01,2025-05,Pulse Mash (Washed),1 Kg,Peshawar,426.31
2025-05-01,2025-05,Pulse Mash (Washed),1 Kg,Bannu,474.92
2025-05-01,2025-05,Pulse Mash (Washed),1 Kg,Quetta,482.39
2025-05-01,2025-05,Pulse Mash (Washed),1 Kg,Khuzdar,469.78
2025-05-01,2025-05,Pulse Gram,1 Kg,National Average,314.58
2025-05-01,2025-05,Pulse Gram,1 Kg,Islamabad,364.63
2025-05-01,2025-05,Pulse Gram,1 Kg,Rawalpindi,358.46
2025-05-01,2025-05,Pulse Gram,1 Kg,Gujranwala,281.64
2025-05-01,2025-05,Pulse Gram,1 Kg,Sialkot,290.0
2025-05-01,2025-05,Pulse Gram,1 Kg,Lahore,274.72
2025-05-01,2025-05,Pulse Gram,1 Kg,Faisalabad,291.95
2025-05-01,2025-05,Pulse Gram,1 Kg,Sargodha,291.5
2025-05-01,2025-05,Pulse Gram,1 Kg,Multan,317.55
2025-05-01,2025-05,Pulse Gram,1 Kg,Bahawalpur,292.47
2025-05-01,2025-05,Pulse Gram,1 Kg,Karachi,308.54
2025-05-01,2025-05,Pulse Gram,1 Kg,Hyderabad,297.47
2025-05-01,2025-05,Pulse Gram,1 Kg,Sukkur,306.52
2025-05-01,2025-05,Pulse Gram,1 Kg,Larkana,324.89
2025-05-01,2025-05,Pulse Gram,1 Kg,Peshawar,327.17
2025-05-01,2025-05,Pulse Gram,1 Kg,Bannu,329.05
2025-05-01,2025-05,Pulse Gram,1 Kg,Quetta,339.94
2025-05-01,2025-05,Pulse Gram,1 Kg,Khuzdar,373.21
2025-05-01,2025-05,Potatoes,1 Kg,National Average,62.85
2025-05-01,2025-05,Potatoes,1 Kg,Islamabad,81.96
2025-05-01,2025-05,Potatoes,1 Kg,Rawalpindi,72.37
2025-05-01,2025-05,Potatoes,1 Kg,Gujranwala,61.56
2025-05-01,2025-05,Potatoes,1 Kg,Sialkot,61.56
2025-05-01,2025-05,Potatoes,1 Kg,Lahore,61.31
2025-05-01,2025-05,Potatoes,1 Kg,Faisalabad,52.65
2025-05-01,2025-05,Potatoes,1 Kg,Sargodha,50.76
2025-05-01,2025-05,Potatoes,1 Kg,Multan,60.0
2025-05-01,2025-05,Potatoes,1 Kg,Bahawalpur,62.36
2025-05-01,2025-05,Potatoes,1 Kg,Karachi,68.07
2025-05-01,2025-05,Potatoes,1 Kg,Hyderabad,56.85
2025-05-01,2025-05,Potatoes,1 Kg,Sukkur,52.33
2025-05-01,2025-05,Potatoes,1 Kg,Larkana,49.44
2025-05-01,2025-05,Potatoes,1 Kg,Peshawar,75.95
2025-05-01,2025-05,Potatoes,1 Kg,Bannu,62.95
2025-05-01,2025-05,Potatoes,1 Kg,Quetta,62.02
2025-05-01,2025-05,Potatoes,1 Kg,Khuzdar,91.12
2025-05-01,2025-05,Onions,1 Kg,National Average,45.51
2025-05-01,2025-05,Onions,1 Kg,Islamabad,69.36
2025-05-01,2025-05,Onions,1 Kg,Rawalpindi,60.8
2025-05-01,2025-05,Onions,1 Kg,Gujranwala,52.95
2025-05-01,2025-05,Onions,1 Kg,Sialkot,44.72
2025-05-01,2025-05,Onions,1 Kg,Lahore,46.65
2025-05-01,2025-05,Onions,1 Kg,Faisalabad,38.13
2025-05-01,2025-05,Onions,1 Kg,Sargodha,42.29
2025-05-01,2025-05,Onions,1 Kg,Multan,39.05
2025-05-01,2025-05,Onions,1 Kg,Bahawalpur,39.05
2025-05-01,2025-05,Onions,1 Kg,Karachi,49.07
2025-05-01,2025-05,Onions,1 Kg,Hyderabad,44.04
2025-05-01,2025-05,Onions,1 Kg,Sukkur,36.34
2025-05-01,2025-05,Onions,1 Kg,Larkana,30.71
2025-05-01,2025-05,Onions,1 Kg,Peshawar,54.71
2025-05-01,2025-05,Onions,1 Kg,Bannu,42.3
2025-05-01,2025-05,Onions,1 Kg,Quetta,39.47
2025-05-01,2025-05,Onions,1 Kg,Khuzdar,60.98
2025-05-01,2025-05,Tomatoes,1 Kg,National Average,49.05
2025-05-01,2025-05,Tomatoes,1 Kg,Islamabad,72.45
2025-05-01,2025-05,Tomatoes,1 Kg,Rawalpindi,69.13
2025-05-01,2025-05,Tomatoes,1 Kg,Gujranwala,56.5
2025-05-01,2025-05,Tomatoes,1 Kg,Sialkot,51.54
2025-05-01,2025-05,Tomatoes,1 Kg,Lahore,46.52
2025-05-01,2025-05,Tomatoes,1 Kg,Faisalabad,50.0
2025-05-01,2025-05,Tomatoes,1 Kg,Sargodha,48.23
2025-05-01,2025-05,Tomatoes,1 Kg,Multan,47.59
2025-05-01,2025-05,Tomatoes,1 Kg,Bahawalpur,43.13
2025-05-01,2025-05,Tomatoes,1 Kg,Karachi,62.71
2025-05-01,2025-05,Tomatoes,1 Kg,Hyderabad,60.68
2025-05-01,2025-05,Tomatoes,1 Kg,Sukkur,31.3
2025-05-01,2025-05,Tomatoes,1 Kg,Larkana,16.35
2025-05-01,2025-05,Tomatoes,1 Kg,Peshawar,62.52
2025-05-01,2025-05,Tomatoes,1 Kg,Bannu,44.72
2025-05-01,2025-05,Tomatoes,1 Kg,Quetta,48.52
2025-05-01,2025-05,Tomatoes,1 Kg,Khuzdar,62.1
2025-06-01,2025-06,Pulse Masoor (Washed),1 Kg,National Average,280.0
2025-06-01,2025-06,Pulse Masoor (Washed),1 Kg,Islamabad,330.0
2025-06-01,2025-06,Pulse Masoor (Washed),1 Kg,Rawalpindi,353.83
2025-06-01,2025-06,Pulse Masoor (Washed),1 Kg,Gujranwala,380.0
2025-06-01,2025-06,Pulse Masoor (Washed),1 Kg,Sialkot,340.0
2025-06-01,2025-06,Pulse Masoor (Washed),1 Kg,Lahore,351.28
2025-06-01,2025-06,Pulse Masoor (Washed),1 Kg,Faisalabad,360.0
2025-06-01,2025-06,Pulse Masoor (Washed),1 Kg,Sargodha,270.0
2025-06-01,2025-06,Pulse Masoor (Washed),1 Kg,Multan,270.0
2025-06-01,2025-06,Pulse Masoor (Washed),1 Kg,Bahawalpur,270.0
2025-06-01,2025-06,Pulse Masoor (Washed),1 Kg,Karachi,270.0
2025-06-01,2025-06,Pulse Masoor (Washed),1 Kg,Hyderabad,270.0
2025-06-01,2025-06,Pulse Masoor (Washed),1 Kg,Sukkur,270.0
2025-06-01,2025-06,Pulse Masoor (Washed),1 Kg,Larkana,270.0
2025-06-01,2025-06,Pulse Masoor (Washed),1 Kg,Peshawar,280.83
2025-06-01,2025-06,Pulse Masoor (Washed),1 Kg,Bannu,290.0
2025-06-01,2025-06,Pulse Masoor (Washed),1 Kg,Quetta,280.0
2025-06-01,2025-06,Pulse Masoor (Washed),1 Kg,Khuzdar,280.0
2025-06-01,2025-06,Pulse Moong (Washed),1 Kg,National Average,370.0
2025-06-01,2025-06,Pulse Moong (Washed),1 Kg,Islamabad,420.0
2025-06-01,2025-06,Pulse Moong (Washed),1 Kg,Rawalpindi,441.41
2025-06-01,2025-06,Pulse Moong (Washed),1 Kg,Gujranwala,470.0
2025-06-01,2025-06,Pulse Moong (Washed),1 Kg,Sialkot,390.0
2025-06-01,2025-06,Pulse Moong (Washed),1 Kg,Lahore,411.19
2025-06-01,2025-06,Pulse Moong (Washed),1 Kg,Faisalabad,430.0
2025-06-01,2025-06,Pulse Moong (Washed),1 Kg,Sargodha,380.0
2025-06-01,2025-06,Pulse Moong (Washed),1 Kg,Multan,380.0
2025-06-01,2025-06,Pulse Moong (Washed),1 Kg,Bahawalpur,380.0
2025-06-01,2025-06,Pulse Moong (Washed),1 Kg,Karachi,380.0
2025-06-01,2025-06,Pulse Moong (Washed),1 Kg,Hyderabad,380.0
2025-06-01,2025-06,Pulse Moong (Washed),1 Kg,Sukkur,380.0
2025-06-01,2025-06,Pulse Moong (Washed),1 Kg,Larkana,380.0
2025-06-01,2025-06,Pulse Moong (Washed),1 Kg,Peshawar,389.48
2025-06-01,2025-06,Pulse Moong (Washed),1 Kg,Bannu,400.0
2025-06-01,2025-06,Pulse Moong (Washed),1 Kg,Quetta,360.0
2025-06-01,2025-06,Pulse Moong (Washed),1 Kg,Khuzdar,363.3
2025-06-01,2025-06,Pulse Mash (Washed),1 Kg,National Average,470.0
2025-06-01,2025-06,Pulse Mash (Washed),1 Kg,Islamabad,480.0
2025-06-01,2025-06,Pulse Mash (Washed),1 Kg,Rawalpindi,503.75
2025-06-01,2025-06,Pulse Mash (Washed),1 Kg,Gujranwala,530.0
2025-06-01,2025-06,Pulse Mash (Washed),1 Kg,Sialkot,480.0
2025-06-01,2025-06,Pulse Mash (Washed),1 Kg,Lahore,489.9
2025-06-01,2025-06,Pulse Mash (Washed),1 Kg,Faisalabad,500.0
2025-06-01,2025-06,Pulse Mash (Washed),1 Kg,Sargodha,410.0
2025-06-01,2025-06,Pulse Mash (Washed),1 Kg,Multan,416.64
2025-06-01,2025-06,Pulse Mash (Washed),1 Kg,Bahawalpur,420.0
2025-06-01,2025-06,Pulse Mash (Washed),1 Kg,Karachi,420.0
2025-06-01,2025-06,Pulse Mash (Washed),1 Kg,Hyderabad,420.0
2025-06-01,2025-06,Pulse Mash (Washed),1 Kg,Sukkur,420.0
2025-06-01,2025-06,Pulse Mash (Washed),1 Kg,Larkana,450.0
2025-06-01,2025-06,Pulse Mash (Washed),1 Kg,Peshawar,458.52
2025-06-01,2025-06,Pulse Mash (Washed),1 Kg,Bannu,470.0
2025-06-01,2025-06,Pulse Mash (Washed),1 Kg,Quetta,460.0
2025-06-01,2025-06,Pulse Mash (Washed),1 Kg,Khuzdar,463.31
2025-06-01,2025-06,Pulse Gram,1 Kg,National Average,290.0
2025-06-01,2025-06,Pulse Gram,1 Kg,Islamabad,340.0
2025-06-01,2025-06,Pulse Gram,1 Kg,Rawalpindi,364.63
2025-06-01,2025-06,Pulse Gram,1 Kg,Gujranwala,400.0
2025-06-01,2025-06,Pulse Gram,1 Kg,Sialkot,340.0
2025-06-01,2025-06,Pulse Gram,1 Kg,Lahore,358.46
2025-06-01,2025-06,Pulse Gram,1 Kg,Faisalabad,380.0
2025-06-01,2025-06,Pulse Gram,1 Kg,Sargodha,280.0
2025-06-01,2025-06,Pulse Gram,1 Kg,Multan,280.0
2025-06-01,2025-06,Pulse Gram,1 Kg,Bahawalpur,280.0
2025-06-01,2025-06,Pulse Gram,1 Kg,Karachi,290.0
2025-06-01,2025-06,Pulse Gram,1 Kg,Hyderabad,290.0
2025-06-01,2025-06,Pulse Gram,1 Kg,Sukkur,290.0
2025-06-01,2025-06,Pulse Gram,1 Kg,Larkana,270.0
2025-06-01,2025-06,Pulse Gram,1 Kg,Peshawar,274.72
2025-06-01,2025-06,Pulse Gram,1 Kg,Bannu,280.0
2025-06-01,2025-06,Pulse Gram,1 Kg,Quetta,280.0
2025-06-01,2025-06,Pulse Gram,1 Kg,Khuzdar,283.29
2025-06-01,2025-06,Potatoes,1 Kg,National Average,100.0
2025-06-01,2025-06,Potatoes,1 Kg,Islamabad,90.0
2025-06-01,2025-06,Potatoes,1 Kg,Rawalpindi,105.41
2025-06-01,2025-06,Potatoes,1 Kg,Gujranwala,120.0
2025-06-01,2025-06,Potatoes,1 Kg,Sialkot,76.0
2025-06-01,2025-06,Potatoes,1 Kg,Lahore,96.12
2025-06-01,2025-06,Potatoes,1 Kg,Faisalabad,120.0
2025-06-01,2025-06,Potatoes,1 Kg,Sargodha,80.0
2025-06-01,2025-06,Potatoes,1 Kg,Multan,86.53
2025-06-01,2025-06,Potatoes,1 Kg,Bahawalpur,90.0
2025-06-01,2025-06,Potatoes,1 Kg,Karachi,90.0
2025-06-01,2025-06,Potatoes,1 Kg,Hyderabad,93.22
2025-06-01,2025-06,Potatoes,1 Kg,Sukkur,100.0
2025-06-01,2025-06,Potatoes,1 Kg,Larkana,80.0
2025-06-01,2025-06,Potatoes,1 Kg,Peshawar,87.12
2025-06-01,2025-06,Potatoes,1 Kg,Bannu,100.0
2025-06-01,2025-06,Potatoes,1 Kg,Quetta,80.0
2025-06-01,2025-06,Potatoes,1 Kg,Khuzdar,86.18
2025-06-01,2025-06,Onions,1 Kg,National Average,50.0
2025-06-01,2025-06,Onions,1 Kg,Islamabad,60.0
2025-06-01,2025-06,Onions,1 Kg,Rawalpindi,69.31
2025-06-01,2025-06,Onions,1 Kg,Gujranwala,90.0
2025-06-01,2025-06,Onions,1 Kg,Sialkot,48.0
2025-06-01,2025-06,Onions,1 Kg,Lahore,61.06
2025-06-01,2025-06,Onions,1 Kg,Faisalabad,70.0
2025-06-01,2025-06,Onions,1 Kg,Sargodha,60.0
2025-06-01,2025-06,Onions,1 Kg,Multan,60.0
2025-06-01,2025-06,Onions,1 Kg,Bahawalpur,60.0
2025-06-01,2025-06,Onions,1 Kg,Karachi,60.0
2025-06-01,2025-06,Onions,1 Kg,Hyderabad,60.0
2025-06-01,2025-06,Onions,1 Kg,Sukkur,60.0
2025-06-01,2025-06,Onions,1 Kg,Larkana,60.0
2025-06-01,2025-06,Onions,1 Kg,Peshawar,62.74
2025-06-01,2025-06,Onions,1 Kg,Bannu,70.0
2025-06-01,2025-06,Onions,1 Kg,Quetta,50.0
2025-06-01,2025-06,Onions,1 Kg,Khuzdar,50.0
2025-06-01,2025-06,Tomatoes,1 Kg,National Average,80.0
2025-06-01,2025-06,Tomatoes,1 Kg,Islamabad,80.0
2025-06-01,2025-06,Tomatoes,1 Kg,Rawalpindi,97.41
2025-06-01,2025-06,Tomatoes,1 Kg,Gujranwala,120.0
2025-06-01,2025-06,Tomatoes,1 Kg,Sialkot,68.0
2025-06-01,2025-06,Tomatoes,1 Kg,Lahore,87.12
2025-06-01,2025-06,Tomatoes,1 Kg,Faisalabad,110.0
2025-06-01,2025-06,Tomatoes,1 Kg,Sargodha,80.0
2025-06-01,2025-06,Tomatoes,1 Kg,Multan,80.0
2025-06-01,2025-06,Tomatoes,1 Kg,Bahawalpur,80.0
2025-06-01,2025-06,Tomatoes,1 Kg,Karachi,80.0
2025-06-01,2025-06,Tomatoes,1 Kg,Hyderabad,80.0
2025-06-01,2025-06,Tomatoes,1 Kg,Sukkur,80.0
2025-06-01,2025-06,Tomatoes,1 Kg,Larkana,80.0
2025-06-01,2025-06,Tomatoes,1 Kg,Peshawar,87.85
2025-06-01,2025-06,Tomatoes,1 Kg,Bannu,100.0
2025-06-01,2025-06,Tomatoes,1 Kg,Quetta,80.0
2025-06-01,2025-06,Tomatoes,1 Kg,Khuzdar,80.0
2025-07-01,2025-07,Pulse Masoor (Washed),1 Kg,National Average,295.99
2025-07-01,2025-07,Pulse Masoor (Washed),1 Kg,Islamabad,352.48
2025-07-01,2025-07,Pulse Masoor (Washed),1 Kg,Rawalpindi,349.8
2025-07-01,2025-07,Pulse Masoor (Washed),1 Kg,Gujranwala,270.0
2025-07-01,2025-07,Pulse Masoor (Washed),1 Kg,Sialkot,270.0
2025-07-01,2025-07,Pulse Masoor (Washed),1 Kg,Lahore,278.95
2025-07-01,2025-07,Pulse Masoor (Washed),1 Kg,Faisalabad,290.15
2025-07-01,2025-07,Pulse Masoor (Washed),1 Kg,Sargodha,276.63
2025-07-01,2025-07,Pulse Masoor (Washed),1 Kg,Multan,324.37
2025-07-01,2025-07,Pulse Masoor (Washed),1 Kg,Bahawalpur,266.62
2025-07-01,2025-07,Pulse Masoor (Washed),1 Kg,Karachi,301.11
2025-07-01,2025-07,Pulse Masoor (Washed),1 Kg,Hyderabad,299.78
2025-07-01,2025-07,Pulse Masoor (Washed),1 Kg,Sukkur,300.0
2025-07-01,2025-07,Pulse Masoor (Washed),1 Kg,Larkana,281.29
2025-07-01,2025-07,Pulse Masoor (Washed),1 Kg,Peshawar,297.08
2025-07-01,2025-07,Pulse Masoor (Washed),1 Kg,Bannu,275.96
2025-07-01,2025-07,Pulse Masoor (Washed),1 Kg,Quetta,329.94
2025-07-01,2025-07,Pulse Masoor (Washed),1 Kg,Khuzdar,286.51
2025-07-01,2025-07,Pulse Moong (Washed),1 Kg,National Average,398.37
2025-07-01,2025-07,Pulse Moong (Washed),1 Kg,Islamabad,439.71
2025-07-01,2025-07,Pulse Moong (Washed),1 Kg,Rawalpindi,409.03
2025-07-01,2025-07,Pulse Moong (Washed),1 Kg,Gujranwala,371.64
2025-07-01,2025-07,Pulse Moong (Washed),1 Kg,Sialkot,361.81
2025-07-01,2025-07,Pulse Moong (Washed),1 Kg,Lahore,385.06
2025-07-01,2025-07,Pulse Moong (Washed),1 Kg,Faisalabad,363.3
2025-07-01,2025-07,Pulse Moong (Washed),1 Kg,Sargodha,398.58
2025-07-01,2025-07,Pulse Moong (Washed),1 Kg,Multan,398.88
2025-07-01,2025-07,Pulse Moong (Washed),1 Kg,Bahawalpur,393.31
2025-07-01,2025-07,Pulse Moong (Washed),1 Kg,Karachi,385.58
2025-07-01,2025-07,Pulse Moong (Washed),1 Kg,Hyderabad,413.58
2025-07-01,2025-07,Pulse Moong (Washed),1 Kg,Sukkur,420.0
2025-07-01,2025-07,Pulse Moong (Washed),1 Kg,Larkana,395.13
2025-07-01,2025-07,Pulse Moong (Washed),1 Kg,Peshawar,389.37
2025-07-01,2025-07,Pulse Moong (Washed),1 Kg,Bannu,380.0
2025-07-01,2025-07,Pulse Moong (Washed),1 Kg,Quetta,449.95
2025-07-01,2025-07,Pulse Moong (Washed),1 Kg,Khuzdar,430.0
2025-07-01,2025-07,Pulse Mash (Washed),1 Kg,National Average,455.19
2025-07-01,2025-07,Pulse Mash (Washed),1 Kg,Islamabad,503.75
2025-07-01,2025-07,Pulse Mash (Washed),1 Kg,Rawalpindi,489.9
2025-07-01,2025-07,Pulse Mash (Washed),1 Kg,Gujranwala,413.94
2025-07-01,2025-07,Pulse Mash (Washed),1 Kg,Sialkot,420.0
2025-07-01,2025-07,Pulse Mash (Washed),1 Kg,Lahore,458.52
2025-07-01,2025-07,Pulse Mash (Washed),1 Kg,Faisalabad,471.29
2025-07-01,2025-07,Pulse Mash (Washed),1 Kg,Sargodha,480.0
2025-07-01,2025-07,Pulse Mash (Washed),1 Kg,Multan,471.03
2025-07-01,2025-07,Pulse Mash (Washed),1 Kg,Bahawalpur,436.64
2025-07-01,2025-07,Pulse Mash (Washed),1 Kg,Karachi,408.45
2025-07-01,2025-07,Pulse Mash (Washed),1 Kg,Hyderabad,421.63
2025-07-01,2025-07,Pulse Mash (Washed),1 Kg,Sukkur,440.0
2025-07-01,2025-07,Pulse Mash (Washed),1 Kg,Larkana,520.45
2025-07-01,2025-07,Pulse Mash (Washed),1 Kg,Peshawar,438.88
2025-07-01,2025-07,Pulse Mash (Washed),1 Kg,Bannu,460.0
2025-07-01,2025-07,Pulse Mash (Washed),1 Kg,Quetta,509.96
2025-07-01,2025-07,Pulse Mash (Washed),1 Kg,Khuzdar,416.02
2025-07-01,2025-07,Pulse Gram,1 Kg,National Average,313.38
2025-07-01,2025-07,Pulse Gram,1 Kg,Islamabad,364.63
2025-07-01,2025-07,Pulse Gram,1 Kg,Rawalpindi,358.46
2025-07-01,2025-07,Pulse Gram,1 Kg,Gujranwala,280.0
2025-07-01,2025-07,Pulse Gram,1 Kg,Sialkot,285.96
2025-07-01,2025-07,Pulse Gram,1 Kg,Lahore,274.72
2025-07-01,2025-07,Pulse Gram,1 Kg,Faisalabad,283.29
2025-07-01,2025-07,Pulse Gram,1 Kg,Sargodha,286.54
2025-07-01,2025-07,Pulse Gram,1 Kg,Multan,324.81
2025-07-01,2025-07,Pulse Gram,1 Kg,Bahawalpur,291.83
2025-07-01,2025-07,Pulse Gram,1 Kg,Karachi,318.95
2025-07-01,2025-07,Pulse Gram,1 Kg,Hyderabad,297.47
2025-07-01,2025-07,Pulse Gram,1 Kg,Sukkur,306.52
2025-07-01,2025-07,Pulse Gram,1 Kg,Larkana,320.0
2025-07-01,2025-07,Pulse Gram,1 Kg,Peshawar,336.19
2025-07-01,2025-07,Pulse Gram,1 Kg,Bannu,315.9
2025-07-01,2025-07,Pulse Gram,1 Kg,Quetta,357.92
2025-07-01,2025-07,Pulse Gram,1 Kg,Khuzdar,346.54
2025-07-01,2025-07,Potatoes,1 Kg,National Average,83.95
2025-07-01,2025-07,Potatoes,1 Kg,Islamabad,103.45
2025-07-01,2025-07,Potatoes,1 Kg,Rawalpindi,97.59
2025-07-01,2025-07,Potatoes,1 Kg,Gujranwala,93.14
2025-07-01,2025-07,Potatoes,1 Kg,Sialkot,94.54
2025-07-01,2025-07,Potatoes,1 Kg,Lahore,88.99
2025-07-01,2025-07,Potatoes,1 Kg,Faisalabad,96.01
2025-07-01,2025-07,Potatoes,1 Kg,Sargodha,89.38
2025-07-01,2025-07,Potatoes,1 Kg,Multan,93.23
2025-07-01,2025-07,Potatoes,1 Kg,Bahawalpur,100.0
2025-07-01,2025-07,Potatoes,1 Kg,Karachi,76.28
2025-07-01,2025-07,Potatoes,1 Kg,Hyderabad,73.68
2025-07-01,2025-07,Potatoes,1 Kg,Sukkur,60.0
2025-07-01,2025-07,Potatoes,1 Kg,Larkana,63.16
2025-07-01,2025-07,Potatoes,1 Kg,Peshawar,93.66
2025-07-01,2025-07,Potatoes,1 Kg,Bannu,68.39
2025-07-01,2025-07,Potatoes,1 Kg,Quetta,70.71
2025-07-01,2025-07,Potatoes,1 Kg,Khuzdar,83.65
2025-07-01,2025-07,Onions,1 Kg,National Average,55.97
2025-07-01,2025-07,Onions,1 Kg,Islamabad,73.98
2025-07-01,2025-07,Onions,1 Kg,Rawalpindi,65.1
2025-07-01,2025-07,Onions,1 Kg,Gujranwala,60.0
2025-07-01,2025-07,Onions,1 Kg,Sialkot,67.32
2025-07-01,2025-07,Onions,1 Kg,Lahore,60.45
2025-07-01,2025-07,Onions,1 Kg,Faisalabad,50.61
2025-07-01,2025-07,Onions,1 Kg,Sargodha,55.67
2025-07-01,2025-07,Onions,1 Kg,Multan,59.04
2025-07-01,2025-07,Onions,1 Kg,Bahawalpur,52.35
2025-07-01,2025-07,Onions,1 Kg,Karachi,58.04
2025-07-01,2025-07,Onions,1 Kg,Hyderabad,51.49
2025-07-01,2025-07,Onions,1 Kg,Sukkur,40.0
2025-07-01,2025-07,Onions,1 Kg,Larkana,52.35
2025-07-01,2025-07,Onions,1 Kg,Peshawar,67.32
2025-07-01,2025-07,Onions,1 Kg,Bannu,50.54
2025-07-01,2025-07,Onions,1 Kg,Quetta,49.11
2025-07-01,2025-07,Onions,1 Kg,Khuzdar,48.54
2025-07-01,2025-07,Tomatoes,1 Kg,National Average,85.63
2025-07-01,2025-07,Tomatoes,1 Kg,Islamabad,118.02
2025-07-01,2025-07,Tomatoes,1 Kg,Rawalpindi,103.01
2025-07-01,2025-07,Tomatoes,1 Kg,Gujranwala,105.22
2025-07-01,2025-07,Tomatoes,1 Kg,Sialkot,98.67
2025-07-01,2025-07,Tomatoes,1 Kg,Lahore,110.06
2025-07-01,2025-07,Tomatoes,1 Kg,Faisalabad,89.35
2025-07-01,2025-07,Tomatoes,1 Kg,Sargodha,86.35
2025-07-01,2025-07,Tomatoes,1 Kg,Multan,82.77
2025-07-01,2025-07,Tomatoes,1 Kg,Bahawalpur,102.87
2025-07-01,2025-07,Tomatoes,1 Kg,Karachi,98.82
2025-07-01,2025-07,Tomatoes,1 Kg,Hyderabad,86.43
2025-07-01,2025-07,Tomatoes,1 Kg,Sukkur,74.87
2025-07-01,2025-07,Tomatoes,1 Kg,Larkana,85.57
2025-07-01,2025-07,Tomatoes,1 Kg,Peshawar,82.26
2025-07-01,2025-07,Tomatoes,1 Kg,Bannu,64.47
2025-07-01,2025-07,Tomatoes,1 Kg,Quetta,44.82
2025-07-01,2025-07,Tomatoes,1 Kg,Khuzdar,60.31
2025-08-01,2025-08,Pulse Masoor (Washed),1 Kg,National Average,295.31
2025-08-01,2025-08,Pulse Masoor (Washed),1 Kg,Islamabad,339.13
2025-08-01,2025-08,Pulse Masoor (Washed),1 Kg,Rawalpindi,339.19
2025-08-01,2025-08,Pulse Masoor (Washed),1 Kg,Gujranwala,270.0
2025-08-01,2025-08,Pulse Masoor (Washed),1 Kg,Sialkot,270.0
2025-08-01,2025-08,Pulse Masoor (Washed),1 Kg,Lahore,276.15
2025-08-01,2025-08,Pulse Masoor (Washed),1 Kg,Faisalabad,283.13
2025-08-01,2025-08,Pulse Masoor (Washed),1 Kg,Sargodha,280.0
2025-08-01,2025-08,Pulse Masoor (Washed),1 Kg,Multan,322.16
2025-08-01,2025-08,Pulse Masoor (Washed),1 Kg,Bahawalpur,266.62
2025-08-01,2025-08,Pulse Masoor (Washed),1 Kg,Karachi,304.78
2025-08-01,2025-08,Pulse Masoor (Washed),1 Kg,Hyderabad,299.78
2025-08-01,2025-08,Pulse Masoor (Washed),1 Kg,Sukkur,300.0
2025-08-01,2025-08,Pulse Masoor (Washed),1 Kg,Larkana,280.0
2025-08-01,2025-08,Pulse Masoor (Washed),1 Kg,Peshawar,294.5
2025-08-01,2025-08,Pulse Masoor (Washed),1 Kg,Bannu,280.0
2025-08-01,2025-08,Pulse Masoor (Washed),1 Kg,Quetta,329.94
2025-08-01,2025-08,Pulse Masoor (Washed),1 Kg,Khuzdar,300.0
2025-08-01,2025-08,Pulse Moong (Washed),1 Kg,National Average,382.13
2025-08-01,2025-08,Pulse Moong (Washed),1 Kg,Islamabad,425.29
2025-08-01,2025-08,Pulse Moong (Washed),1 Kg,Rawalpindi,397.44
2025-08-01,2025-08,Pulse Moong (Washed),1 Kg,Gujranwala,325.75
2025-08-01,2025-08,Pulse Moong (Washed),1 Kg,Sialkot,327.47
2025-08-01,2025-08,Pulse Moong (Washed),1 Kg,Lahore,373.49
2025-08-01,2025-08,Pulse Moong (Washed),1 Kg,Faisalabad,360.82
2025-08-01,2025-08,Pulse Moong (Washed),1 Kg,Sargodha,368.03
2025-08-01,2025-08,Pulse Moong (Washed),1 Kg,Multan,398.88
2025-08-01,2025-08,Pulse Moong (Washed),1 Kg,Bahawalpur,393.31
2025-08-01,2025-08,Pulse Moong (Washed),1 Kg,Karachi,380.84
2025-08-01,2025-08,Pulse Moong (Washed),1 Kg,Hyderabad,410.32
2025-08-01,2025-08,Pulse Moong (Washed),1 Kg,Sukkur,417.45
2025-08-01,2025-08,Pulse Moong (Washed),1 Kg,Larkana,362.41
2025-08-01,2025-08,Pulse Moong (Washed),1 Kg,Peshawar,369.09
2025-08-01,2025-08,Pulse Moong (Washed),1 Kg,Bannu,344.66
2025-08-01,2025-08,Pulse Moong (Washed),1 Kg,Quetta,449.89
2025-08-01,2025-08,Pulse Moong (Washed),1 Kg,Khuzdar,416.18
2025-08-01,2025-08,Pulse Mash (Washed),1 Kg,National Average,447.58
2025-08-01,2025-08,Pulse Mash (Washed),1 Kg,Islamabad,503.75
2025-08-01,2025-08,Pulse Mash (Washed),1 Kg,Rawalpindi,489.9
2025-08-01,2025-08,Pulse Mash (Washed),1 Kg,Gujranwala,403.31
2025-08-01,2025-08,Pulse Mash (Washed),1 Kg,Sialkot,410.0
2025-08-01,2025-08,Pulse Mash (Washed),1 Kg,Lahore,447.65
2025-08-01,2025-08,Pulse Mash (Washed),1 Kg,Faisalabad,470.83
2025-08-01,2025-08,Pulse Mash (Washed),1 Kg,Sargodha,480.0
2025-08-01,2025-08,Pulse Mash (Washed),1 Kg,Multan,471.03
2025-08-01,2025-08,Pulse Mash (Washed),1 Kg,Bahawalpur,433.27
2025-08-01,2025-08,Pulse Mash (Washed),1 Kg,Karachi,404.02
2025-08-01,2025-08,Pulse Mash (Washed),1 Kg,Hyderabad,415.09
2025-08-01,2025-08,Pulse Mash (Washed),1 Kg,Sukkur,437.45
2025-08-01,2025-08,Pulse Mash (Washed),1 Kg,Larkana,488.8
2025-08-01,2025-08,Pulse Mash (Washed),1 Kg,Peshawar,434.96
2025-08-01,2025-08,Pulse Mash (Washed),1 Kg,Bannu,456.64
2025-08-01,2025-08,Pulse Mash (Washed),1 Kg,Quetta,489.96
2025-08-01,2025-08,Pulse Mash (Washed),1 Kg,Khuzdar,394.84
2025-08-01,2025-08,Pulse Gram,1 Kg,National Average,307.55
2025-08-01,2025-08,Pulse Gram,1 Kg,Islamabad,354.01
2025-08-01,2025-08,Pulse Gram,1 Kg,Rawalpindi,352.74
2025-08-01,2025-08,Pulse Gram,1 Kg,Gujranwala,280.0
2025-08-01,2025-08,Pulse Gram,1 Kg,Sialkot,280.0
2025-08-01,2025-08,Pulse Gram,1 Kg,Lahore,267.18
2025-08-01,2025-08,Pulse Gram,1 Kg,Faisalabad,288.31
2025-08-01,2025-08,Pulse Gram,1 Kg,Sargodha,280.0
2025-08-01,2025-08,Pulse Gram,1 Kg,Multan,303.65
2025-08-01,2025-08,Pulse Gram,1 Kg,Bahawalpur,293.18
2025-08-01,2025-08,Pulse Gram,1 Kg,Karachi,314.42
2025-08-01,2025-08,Pulse Gram,1 Kg,Hyderabad,294.9
2025-08-01,2025-08,Pulse Gram,1 Kg,Sukkur,306.52
2025-08-01,2025-08,Pulse Gram,1 Kg,Larkana,320.0
2025-08-01,2025-08,Pulse Gram,1 Kg,Peshawar,326.07
2025-08-01,2025-08,Pulse Gram,1 Kg,Bannu,303.24
2025-08-01,2025-08,Pulse Gram,1 Kg,Quetta,339.94
2025-08-01,2025-08,Pulse Gram,1 Kg,Khuzdar,342.94
2025-08-01,2025-08,Potatoes,1 Kg,National Average,81.92
2025-08-01,2025-08,Potatoes,1 Kg,Islamabad,103.95
2025-08-01,2025-08,Potatoes,1 Kg,Rawalpindi,98.4
2025-08-01,2025-08,Potatoes,1 Kg,Gujranwala,90.79
2025-08-01,2025-08,Potatoes,1 Kg,Sialkot,86.53
2025-08-01,2025-08,Potatoes,1 Kg,Lahore,76.93
2025-08-01,2025-08,Potatoes,1 Kg,Faisalabad,91.95
2025-08-01,2025-08,Potatoes,1 Kg,Sargodha,91.58
2025-08-01,2025-08,Potatoes,1 Kg,Multan,99.42
2025-08-01,2025-08,Potatoes,1 Kg,Bahawalpur,100.0
2025-08-01,2025-08,Potatoes,1 Kg,Karachi,76.26
2025-08-01,2025-08,Potatoes,1 Kg,Hyderabad,65.39
2025-08-01,2025-08,Potatoes,1 Kg,Sukkur,60.0
2025-08-01,2025-08,Potatoes,1 Kg,Larkana,56.84
2025-08-01,2025-08,Potatoes,1 Kg,Peshawar,91.37
2025-08-01,2025-08,Potatoes,1 Kg,Bannu,67.35
2025-08-01,2025-08,Potatoes,1 Kg,Quetta,72.15
2025-08-01,2025-08,Potatoes,1 Kg,Khuzdar,86.18
2025-08-01,2025-08,Onions,1 Kg,National Average,69.73
2025-08-01,2025-08,Onions,1 Kg,Islamabad,97.64
2025-08-01,2025-08,Onions,1 Kg,Rawalpindi,84.19
2025-08-01,2025-08,Onions,1 Kg,Gujranwala,80.0
2025-08-01,2025-08,Onions,1 Kg,Sialkot,77.66
2025-08-01,2025-08,Onions,1 Kg,Lahore,77.01
2025-08-01,2025-08,Onions,1 Kg,Faisalabad,64.28
2025-08-01,2025-08,Onions,1 Kg,Sargodha,67.01
2025-08-01,2025-08,Onions,1 Kg,Multan,76.67
2025-08-01,2025-08,Onions,1 Kg,Bahawalpur,74.83
2025-08-01,2025-08,Onions,1 Kg,Karachi,65.03
2025-08-01,2025-08,Onions,1 Kg,Hyderabad,62.85
2025-08-01,2025-08,Onions,1 Kg,Sukkur,54.77
2025-08-01,2025-08,Onions,1 Kg,Larkana,69.76
2025-08-01,2025-08,Onions,1 Kg,Peshawar,87.66
2025-08-01,2025-08,Onions,1 Kg,Bannu,70.4
2025-08-01,2025-08,Onions,1 Kg,Quetta,46.57
2025-08-01,2025-08,Onions,1 Kg,Khuzdar,50.0
2025-08-01,2025-08,Tomatoes,1 Kg,National Average,112.16
2025-08-01,2025-08,Tomatoes,1 Kg,Islamabad,138.79
2025-08-01,2025-08,Tomatoes,1 Kg,Rawalpindi,125.15
2025-08-01,2025-08,Tomatoes,1 Kg,Gujranwala,134.8
2025-08-01,2025-08,Tomatoes,1 Kg,Sialkot,119.92
2025-08-01,2025-08,Tomatoes,1 Kg,Lahore,135.63
2025-08-01,2025-08,Tomatoes,1 Kg,Faisalabad,101.85
2025-08-01,2025-08,Tomatoes,1 Kg,Sargodha,114.51
2025-08-01,2025-08,Tomatoes,1 Kg,Multan,118.29
2025-08-01,2025-08,Tomatoes,1 Kg,Bahawalpur,132.49
2025-08-01,2025-08,Tomatoes,1 Kg,Karachi,113.78
2025-08-01,2025-08,Tomatoes,1 Kg,Hyderabad,107.68
2025-08-01,2025-08,Tomatoes,1 Kg,Sukkur,115.7
2025-08-01,2025-08,Tomatoes,1 Kg,Larkana,102.39
2025-08-01,2025-08,Tomatoes,1 Kg,Peshawar,107.0
2025-08-01,2025-08,Tomatoes,1 Kg,Bannu,107.48
2025-08-01,2025-08,Tomatoes,1 Kg,Quetta,66.17
2025-08-01,2025-08,Tomatoes,1 Kg,Khuzdar,91.48
2025-09-01,2025-09,Pulse Masoor (Washed),1 Kg,National Average,295.39
2025-09-01,2025-09,Pulse Masoor (Washed),1 Kg,Islamabad,329.21
2025-09-01,2025-09,Pulse Masoor (Washed),1 Kg,Rawalpindi,331.65
2025-09-01,2025-09,Pulse Masoor (Washed),1 Kg,Gujranwala,264.95
2025-09-01,2025-09,Pulse Masoor (Washed),1 Kg,Sialkot,267.46
2025-09-01,2025-09,Pulse Masoor (Washed),1 Kg,Lahore,276.15
2025-09-01,2025-09,Pulse Masoor (Washed),1 Kg,Faisalabad,300.0
2025-09-01,2025-09,Pulse Masoor (Washed),1 Kg,Sargodha,280.0
2025-09-01,2025-09,Pulse Masoor (Washed),1 Kg,Multan,322.16
2025-09-01,2025-09,Pulse Masoor (Washed),1 Kg,Bahawalpur,266.62
2025-09-01,2025-09,Pulse Masoor (Washed),1 Kg,Karachi,307.47
2025-09-01,2025-09,Pulse Masoor (Washed),1 Kg,Hyderabad,299.78
2025-09-01,2025-09,Pulse Masoor (Washed),1 Kg,Sukkur,300.0
2025-09-01,2025-09,Pulse Masoor (Washed),1 Kg,Larkana,280.0
2025-09-01,2025-09,Pulse Masoor (Washed),1 Kg,Peshawar,284.54
2025-09-01,2025-09,Pulse Masoor (Washed),1 Kg,Bannu,274.86
2025-09-01,2025-09,Pulse Masoor (Washed),1 Kg,Quetta,329.94
2025-09-01,2025-09,Pulse Masoor (Washed),1 Kg,Khuzdar,322.23
2025-09-01,2025-09,Pulse Moong (Washed),1 Kg,National Average,387.18
2025-09-01,2025-09,Pulse Moong (Washed),1 Kg,Islamabad,419.95
2025-09-01,2025-09,Pulse Moong (Washed),1 Kg,Rawalpindi,399.08
2025-09-01,2025-09,Pulse Moong (Washed),1 Kg,Gujranwala,337.47
2025-09-01,2025-09,Pulse Moong (Washed),1 Kg,Sialkot,337.47
2025-09-01,2025-09,Pulse Moong (Washed),1 Kg,Lahore,368.52
2025-09-01,2025-09,Pulse Moong (Washed),1 Kg,Faisalabad,370.0
2025-09-01,2025-09,Pulse Moong (Washed),1 Kg,Sargodha,391.56
2025-09-01,2025-09,Pulse Moong (Washed),1 Kg,Multan,407.15
2025-09-01,2025-09,Pulse Moong (Washed),1 Kg,Bahawalpur,388.21
2025-09-01,2025-09,Pulse Moong (Washed),1 Kg,Karachi,381.12
2025-09-01,2025-09,Pulse Moong (Washed),1 Kg,Hyderabad,404.65
2025-09-01,2025-09,Pulse Moong (Washed),1 Kg,Sukkur,409.88
2025-09-01,2025-09,Pulse Moong (Washed),1 Kg,Larkana,364.17
2025-09-01,2025-09,Pulse Moong (Washed),1 Kg,Peshawar,367.53
2025-09-01,2025-09,Pulse Moong (Washed),1 Kg,Bannu,371.18
2025-09-01,2025-09,Pulse Moong (Washed),1 Kg,Quetta,469.85
2025-09-01,2025-09,Pulse Moong (Washed),1 Kg,Khuzdar,415.46
2025-09-01,2025-09,Pulse Mash (Washed),1 Kg,National Average,448.35
2025-09-01,2025-09,Pulse Mash (Washed),1 Kg,Islamabad,503.75
2025-09-01,2025-09,Pulse Mash (Washed),1 Kg,Rawalpindi,489.9
2025-09-01,2025-09,Pulse Mash (Washed),1 Kg,Gujranwala,401.65
2025-09-01,2025-09,Pulse Mash (Washed),1 Kg,Sialkot,402.41
2025-09-01,2025-09,Pulse Mash (Washed),1 Kg,Lahore,437.04
2025-09-01,2025-09,Pulse Mash (Washed),1 Kg,Faisalabad,480.0
2025-09-01,2025-09,Pulse Mash (Washed),1 Kg,Sargodha,480.0
2025-09-01,2025-09,Pulse Mash (Washed),1 Kg,Multan,471.03
2025-09-01,2025-09,Pulse Mash (Washed),1 Kg,Bahawalpur,419.06
2025-09-01,2025-09,Pulse Mash (Washed),1 Kg,Karachi,402.41
2025-09-01,2025-09,Pulse Mash (Washed),1 Kg,Hyderabad,404.69
2025-09-01,2025-09,Pulse Mash (Washed),1 Kg,Sukkur,429.88
2025-09-01,2025-09,Pulse Mash (Washed),1 Kg,Larkana,481.64
2025-09-01,2025-09,Pulse Mash (Washed),1 Kg,Peshawar,429.72
2025-09-01,2025-09,Pulse Mash (Washed),1 Kg,Bannu,456.64
2025-09-01,2025-09,Pulse Mash (Washed),1 Kg,Quetta,489.96
2025-09-01,2025-09,Pulse Mash (Washed),1 Kg,Khuzdar,465.04
2025-09-01,2025-09,Pulse Gram,1 Kg,National Average,308.8
2025-09-01,2025-09,Pulse Gram,1 Kg,Islamabad,342.86
2025-09-01,2025-09,Pulse Gram,1 Kg,Rawalpindi,345.79
2025-09-01,2025-09,Pulse Gram,1 Kg,Gujranwala,276.62
2025-09-01,2025-09,Pulse Gram,1 Kg,Sialkot,277.47
2025-09-01,2025-09,Pulse Gram,1 Kg,Lahore,274.72
2025-09-01,2025-09,Pulse Gram,1 Kg,Faisalabad,300.0
2025-09-01,2025-09,Pulse Gram,1 Kg,Sargodha,294.1
2025-09-01,2025-09,Pulse Gram,1 Kg,Multan,313.23
2025-09-01,2025-09,Pulse Gram,1 Kg,Bahawalpur,288.08
2025-09-01,2025-09,Pulse Gram,1 Kg,Karachi,312.46
2025-09-01,2025-09,Pulse Gram,1 Kg,Hyderabad,294.9
2025-09-01,2025-09,Pulse Gram,1 Kg,Sukkur,306.52
2025-09-01,2025-09,Pulse Gram,1 Kg,Larkana,320.0
2025-09-01,2025-09,Pulse Gram,1 Kg,Peshawar,322.47
2025-09-01,2025-09,Pulse Gram,1 Kg,Bannu,294.9
2025-09-01,2025-09,Pulse Gram,1 Kg,Quetta,349.94
2025-09-01,2025-09,Pulse Gram,1 Kg,Khuzdar,352.61
2025-09-01,2025-09,Potatoes,1 Kg,National Average,84.86
2025-09-01,2025-09,Potatoes,1 Kg,Islamabad,110.97
2025-09-01,2025-09,Potatoes,1 Kg,Rawalpindi,101.58
2025-09-01,2025-09,Potatoes,1 Kg,Gujranwala,90.0
2025-09-01,2025-09,Potatoes,1 Kg,Sialkot,87.12
2025-09-01,2025-09,Potatoes,1 Kg,Lahore,81.94
2025-09-01,2025-09,Potatoes,1 Kg,Faisalabad,91.58
2025-09-01,2025-09,Potatoes,1 Kg,Sargodha,98.65
2025-09-01,2025-09,Potatoes,1 Kg,Multan,90.62
2025-09-01,2025-09,Potatoes,1 Kg,Bahawalpur,108.15
2025-09-01,2025-09,Potatoes,1 Kg,Karachi,76.63
2025-09-01,2025-09,Potatoes,1 Kg,Hyderabad,69.7
2025-09-01,2025-09,Potatoes,1 Kg,Sukkur,60.0
2025-09-01,2025-09,Potatoes,1 Kg,Larkana,63.22
2025-09-01,2025-09,Potatoes,1 Kg,Peshawar,92.0
2025-09-01,2025-09,Potatoes,1 Kg,Bannu,70.66
2025-09-01,2025-09,Potatoes,1 Kg,Quetta,77.14
2025-09-01,2025-09,Potatoes,1 Kg,Khuzdar,94.25
2025-09-01,2025-09,Onions,1 Kg,National Average,86.43
2025-09-01,2025-09,Onions,1 Kg,Islamabad,127.81
2025-09-01,2025-09,Onions,1 Kg,Rawalpindi,118.19
2025-09-01,2025-09,Onions,1 Kg,Gujranwala,100.0
2025-09-01,2025-09,Onions,1 Kg,Sialkot,97.4
2025-09-01,2025-09,Onions,1 Kg,Lahore,87.67
2025-09-01,2025-09,Onions,1 Kg,Faisalabad,82.39
2025-09-01,2025-09,Onions,1 Kg,Sargodha,76.52
2025-09-01,2025-09,Onions,1 Kg,Multan,86.58
2025-09-01,2025-09,Onions,1 Kg,Bahawalpur,100.0
2025-09-01,2025-09,Onions,1 Kg,Karachi,80.25
2025-09-01,2025-09,Onions,1 Kg,Hyderabad,74.95
2025-09-01,2025-09,Onions,1 Kg,Sukkur,72.0
2025-09-01,2025-09,Onions,1 Kg,Larkana,84.45
2025-09-01,2025-09,Onions,1 Kg,Peshawar,105.47
2025-09-01,2025-09,Onions,1 Kg,Bannu,77.27
2025-09-01,2025-09,Onions,1 Kg,Quetta,62.4
2025-09-01,2025-09,Onions,1 Kg,Khuzdar,64.02
2025-09-01,2025-09,Tomatoes,1 Kg,National Average,198.04
2025-09-01,2025-09,Tomatoes,1 Kg,Islamabad,245.66
2025-09-01,2025-09,Tomatoes,1 Kg,Rawalpindi,233.27
2025-09-01,2025-09,Tomatoes,1 Kg,Gujranwala,246.57
2025-09-01,2025-09,Tomatoes,1 Kg,Sialkot,240.76
2025-09-01,2025-09,Tomatoes,1 Kg,Lahore,216.67
2025-09-01,2025-09,Tomatoes,1 Kg,Faisalabad,232.84
2025-09-01,2025-09,Tomatoes,1 Kg,Sargodha,209.2
2025-09-01,2025-09,Tomatoes,1 Kg,Multan,220.99
2025-09-01,2025-09,Tomatoes,1 Kg,Bahawalpur,238.02
2025-09-01,2025-09,Tomatoes,1 Kg,Karachi,171.41
2025-09-01,2025-09,Tomatoes,1 Kg,Hyderabad,172.18
2025-09-01,2025-09,Tomatoes,1 Kg,Sukkur,170.85
2025-09-01,2025-09,Tomatoes,1 Kg,Larkana,201.02
2025-09-01,2025-09,Tomatoes,1 Kg,Peshawar,187.17
2025-09-01,2025-09,Tomatoes,1 Kg,Bannu,141.81
2025-09-01,2025-09,Tomatoes,1 Kg,Quetta,130.48
2025-09-01,2025-09,Tomatoes,1 Kg,Khuzdar,167.23
2025-10-01,2025-10,Pulse Masoor (Washed),1 Kg,National Average,294.32
2025-10-01,2025-10,Pulse Masoor (Washed),1 Kg,Islamabad,322.99
2025-10-01,2025-10,Pulse Masoor (Washed),1 Kg,Rawalpindi,323.2
2025-10-01,2025-10,Pulse Masoor (Washed),1 Kg,Gujranwala,257.97
2025-10-01,2025-10,Pulse Masoor (Washed),1 Kg,Sialkot,260.0
2025-10-01,2025-10,Pulse Masoor (Washed),1 Kg,Lahore,276.15
2025-10-01,2025-10,Pulse Masoor (Washed),1 Kg,Faisalabad,303.9
2025-10-01,2025-10,Pulse Masoor (Washed),1 Kg,Sargodha,280.0
2025-10-01,2025-10,Pulse Masoor (Washed),1 Kg,Multan,322.16
2025-10-01,2025-10,Pulse Masoor (Washed),1 Kg,Bahawalpur,262.55
2025-10-01,2025-10,Pulse Masoor (Washed),1 Kg,Karachi,307.84
2025-10-01,2025-10,Pulse Masoor (Washed),1 Kg,Hyderabad,293.77
2025-10-01,2025-10,Pulse Masoor (Washed),1 Kg,Sukkur,300.0
2025-10-01,2025-10,Pulse Masoor (Washed),1 Kg,Larkana,280.0
2025-10-01,2025-10,Pulse Masoor (Washed),1 Kg,Peshawar,285.29
2025-10-01,2025-10,Pulse Masoor (Washed),1 Kg,Bannu,275.88
2025-10-01,2025-10,Pulse Masoor (Washed),1 Kg,Quetta,339.88
2025-10-01,2025-10,Pulse Masoor (Washed),1 Kg,Khuzdar,330.0
2025-10-01,2025-10,Pulse Moong (Washed),1 Kg,National Average,383.58
2025-10-01,2025-10,Pulse Moong (Washed),1 Kg,Islamabad,416.22
2025-10-01,2025-10,Pulse Moong (Washed),1 Kg,Rawalpindi,397.07
2025-10-01,2025-10,Pulse Moong (Washed),1 Kg,Gujranwala,340.0
2025-10-01,2025-10,Pulse Moong (Washed),1 Kg,Sialkot,323.96
2025-10-01,2025-10,Pulse Moong (Washed),1 Kg,Lahore,364.29
2025-10-01,2025-10,Pulse Moong (Washed),1 Kg,Faisalabad,351.7
2025-10-01,2025-10,Pulse Moong (Washed),1 Kg,Sargodha,396.64
2025-10-01,2025-10,Pulse Moong (Washed),1 Kg,Multan,395.56
2025-10-01,2025-10,Pulse Moong (Washed),1 Kg,Bahawalpur,367.88
2025-10-01,2025-10,Pulse Moong (Washed),1 Kg,Karachi,385.58
2025-10-01,2025-10,Pulse Moong (Washed),1 Kg,Hyderabad,395.27
2025-10-01,2025-10,Pulse Moong (Washed),1 Kg,Sukkur,409.88
2025-10-01,2025-10,Pulse Moong (Washed),1 Kg,Larkana,365.93
2025-10-01,2025-10,Pulse Moong (Washed),1 Kg,Peshawar,367.3
2025-10-01,2025-10,Pulse Moong (Washed),1 Kg,Bannu,364.43
2025-10-01,2025-10,Pulse Moong (Washed),1 Kg,Quetta,485.89
2025-10-01,2025-10,Pulse Moong (Washed),1 Kg,Khuzdar,421.03
2025-10-01,2025-10,Pulse Mash (Washed),1 Kg,National Average,448.06
2025-10-01,2025-10,Pulse Mash (Washed),1 Kg,Islamabad,503.75
2025-10-01,2025-10,Pulse Mash (Washed),1 Kg,Rawalpindi,489.9
2025-10-01,2025-10,Pulse Mash (Washed),1 Kg,Gujranwala,400.0
2025-10-01,2025-10,Pulse Mash (Washed),1 Kg,Sialkot,390.0
2025-10-01,2025-10,Pulse Mash (Washed),1 Kg,Lahore,437.04
2025-10-01,2025-10,Pulse Mash (Washed),1 Kg,Faisalabad,480.0
2025-10-01,2025-10,Pulse Mash (Washed),1 Kg,Sargodha,480.0
2025-10-01,2025-10,Pulse Mash (Washed),1 Kg,Multan,471.03
2025-10-01,2025-10,Pulse Mash (Washed),1 Kg,Bahawalpur,399.8
2025-10-01,2025-10,Pulse Mash (Washed),1 Kg,Karachi,403.58
2025-10-01,2025-10,Pulse Mash (Washed),1 Kg,Hyderabad,398.29
2025-10-01,2025-10,Pulse Mash (Washed),1 Kg,Sukkur,429.88
2025-10-01,2025-10,Pulse Mash (Washed),1 Kg,Larkana,480.0
2025-10-01,2025-10,Pulse Mash (Washed),1 Kg,Peshawar,435.53
2025-10-01,2025-10,Pulse Mash (Washed),1 Kg,Bannu,454.64
2025-10-01,2025-10,Pulse Mash (Washed),1 Kg,Quetta,499.88
2025-10-01,2025-10,Pulse Mash (Washed),1 Kg,Khuzdar,493.24
2025-10-01,2025-10,Pulse Gram,1 Kg,National Average,299.69
2025-10-01,2025-10,Pulse Gram,1 Kg,Islamabad,337.91
2025-10-01,2025-10,Pulse Gram,1 Kg,Rawalpindi,332.33
2025-10-01,2025-10,Pulse Gram,1 Kg,Gujranwala,251.23
2025-10-01,2025-10,Pulse Gram,1 Kg,Sialkot,267.97
2025-10-01,2025-10,Pulse Gram,1 Kg,Lahore,269.78
2025-10-01,2025-10,Pulse Gram,1 Kg,Faisalabad,281.62
2025-10-01,2025-10,Pulse Gram,1 Kg,Sargodha,286.54
2025-10-01,2025-10,Pulse Gram,1 Kg,Multan,298.84
2025-10-01,2025-10,Pulse Gram,1 Kg,Bahawalpur,259.14
2025-10-01,2025-10,Pulse Gram,1 Kg,Karachi,311.72
2025-10-01,2025-10,Pulse Gram,1 Kg,Hyderabad,290.2
2025-10-01,2025-10,Pulse Gram,1 Kg,Sukkur,300.0
2025-10-01,2025-10,Pulse Gram,1 Kg,Larkana,320.0
2025-10-01,2025-10,Pulse Gram,1 Kg,Peshawar,320.32
2025-10-01,2025-10,Pulse Gram,1 Kg,Bannu,294.56
2025-10-01,2025-10,Pulse Gram,1 Kg,Quetta,337.92
2025-10-01,2025-10,Pulse Gram,1 Kg,Khuzdar,359.63
2025-10-01,2025-10,Potatoes,1 Kg,National Average,83.38
2025-10-01,2025-10,Potatoes,1 Kg,Islamabad,117.61
2025-10-01,2025-10,Potatoes,1 Kg,Rawalpindi,104.68
2025-10-01,2025-10,Potatoes,1 Kg,Gujranwala,90.0
2025-10-01,2025-10,Potatoes,1 Kg,Sialkot,82.55
2025-10-01,2025-10,Potatoes,1 Kg,Lahore,76.99
2025-10-01,2025-10,Potatoes,1 Kg,Faisalabad,83.2
2025-10-01,2025-10,Potatoes,1 Kg,Sargodha,91.58
2025-10-01,2025-10,Potatoes,1 Kg,Multan,98.52
2025-10-01,2025-10,Potatoes,1 Kg,Bahawalpur,113.95
2025-10-01,2025-10,Potatoes,1 Kg,Karachi,77.08
2025-10-01,2025-10,Potatoes,1 Kg,Hyderabad,69.05
2025-10-01,2025-10,Potatoes,1 Kg,Sukkur,60.0
2025-10-01,2025-10,Potatoes,1 Kg,Larkana,61.29
2025-10-01,2025-10,Potatoes,1 Kg,Peshawar,92.51
2025-10-01,2025-10,Potatoes,1 Kg,Bannu,62.16
2025-10-01,2025-10,Potatoes,1 Kg,Quetta,72.34
2025-10-01,2025-10,Potatoes,1 Kg,Khuzdar,92.83
2025-10-01,2025-10,Onions,1 Kg,National Average,110.52
2025-10-01,2025-10,Onions,1 Kg,Islamabad,150.54
2025-10-01,2025-10,Onions,1 Kg,Rawalpindi,142.25
2025-10-01,2025-10,Onions,1 Kg,Gujranwala,124.2
2025-10-01,2025-10,Onions,1 Kg,Sialkot,120.36
2025-10-01,2025-10,Onions,1 Kg,Lahore,111.96
2025-10-01,2025-10,Onions,1 Kg,Faisalabad,104.67
2025-10-01,2025-10,Onions,1 Kg,Sargodha,105.05
2025-10-01,2025-10,Onions,1 Kg,Multan,116.89
2025-10-01,2025-10,Onions,1 Kg,Bahawalpur,121.42
2025-10-01,2025-10,Onions,1 Kg,Karachi,113.82
2025-10-01,2025-10,Onions,1 Kg,Hyderabad,109.3
2025-10-01,2025-10,Onions,1 Kg,Sukkur,94.96
2025-10-01,2025-10,Onions,1 Kg,Larkana,86.8
2025-10-01,2025-10,Onions,1 Kg,Peshawar,140.27
2025-10-01,2025-10,Onions,1 Kg,Bannu,110.91
2025-10-01,2025-10,Onions,1 Kg,Quetta,71.89
2025-10-01,2025-10,Onions,1 Kg,Khuzdar,85.44
2025-10-01,2025-10,Tomatoes,1 Kg,National Average,264.57
2025-10-01,2025-10,Tomatoes,1 Kg,Islamabad,323.7
2025-10-01,2025-10,Tomatoes,1 Kg,Rawalpindi,314.74
2025-10-01,2025-10,Tomatoes,1 Kg,Gujranwala,304.2
2025-10-01,2025-10,Tomatoes,1 Kg,Sialkot,330.31
2025-10-01,2025-10,Tomatoes,1 Kg,Lahore,298.44
2025-10-01,2025-10,Tomatoes,1 Kg,Faisalabad,291.13
2025-10-01,2025-10,Tomatoes,1 Kg,Sargodha,296.28
2025-10-01,2025-10,Tomatoes,1 Kg,Multan,289.57
2025-10-01,2025-10,Tomatoes,1 Kg,Bahawalpur,286.03
2025-10-01,2025-10,Tomatoes,1 Kg,Karachi,237.78
2025-10-01,2025-10,Tomatoes,1 Kg,Hyderabad,217.17
2025-10-01,2025-10,Tomatoes,1 Kg,Sukkur,230.11
2025-10-01,2025-10,Tomatoes,1 Kg,Larkana,225.03
2025-10-01,2025-10,Tomatoes,1 Kg,Peshawar,275.49
2025-10-01,2025-10,Tomatoes,1 Kg,Bannu,237.15
2025-10-01,2025-10,Tomatoes,1 Kg,Quetta,182.53
2025-10-01,2025-10,Tomatoes,1 Kg,Khuzdar,219.09
2025-11-01,2025-11,Pulse Masoor (Washed),1 Kg,National Average,290.25
2025-11-01,2025-11,Pulse Masoor (Washed),1 Kg,Islamabad,321.23
2025-11-01,2025-11,Pulse Masoor (Washed),1 Kg,Rawalpindi,323.2
2025-11-01,2025-11,Pulse Masoor (Washed),1 Kg,Gujranwala,258.24
2025-11-01,2025-11,Pulse Masoor (Washed),1 Kg,Sialkot,260.0
2025-11-01,2025-11,Pulse Masoor (Washed),1 Kg,Lahore,275.43
2025-11-01,2025-11,Pulse Masoor (Washed),1 Kg,Faisalabad,306.52
2025-11-01,2025-11,Pulse Masoor (Washed),1 Kg,Sargodha,280.0
2025-11-01,2025-11,Pulse Masoor (Washed),1 Kg,Multan,322.16
2025-11-01,2025-11,Pulse Masoor (Washed),1 Kg,Bahawalpur,262.36
2025-11-01,2025-11,Pulse Masoor (Washed),1 Kg,Karachi,299.19
2025-11-01,2025-11,Pulse Masoor (Washed),1 Kg,Hyderabad,289.83
2025-11-01,2025-11,Pulse Masoor (Washed),1 Kg,Sukkur,280.0
2025-11-01,2025-11,Pulse Masoor (Washed),1 Kg,Larkana,280.0
2025-11-01,2025-11,Pulse Masoor (Washed),1 Kg,Peshawar,284.12
2025-11-01,2025-11,Pulse Masoor (Washed),1 Kg,Bannu,269.81
2025-11-01,2025-11,Pulse Masoor (Washed),1 Kg,Quetta,317.4
2025-11-01,2025-11,Pulse Masoor (Washed),1 Kg,Khuzdar,319.68
2025-11-01,2025-11,Pulse Moong (Washed),1 Kg,National Average,377.9
2025-11-01,2025-11,Pulse Moong (Washed),1 Kg,Islamabad,413.61
2025-11-01,2025-11,Pulse Moong (Washed),1 Kg,Rawalpindi,397.07
2025-11-01,2025-11,Pulse Moong (Washed),1 Kg,Gujranwala,344.96
2025-11-01,2025-11,Pulse Moong (Washed),1 Kg,Sialkot,320.0
2025-11-01,2025-11,Pulse Moong (Washed),1 Kg,Lahore,357.68
2025-11-01,2025-11,Pulse Moong (Washed),1 Kg,Faisalabad,340.0
2025-11-01,2025-11,Pulse Moong (Washed),1 Kg,Sargodha,396.64
2025-11-01,2025-11,Pulse Moong (Washed),1 Kg,Multan,379.94
2025-11-01,2025-11,Pulse Moong (Washed),1 Kg,Bahawalpur,353.3
2025-11-01,2025-11,Pulse Moong (Washed),1 Kg,Karachi,385.93
2025-11-01,2025-11,Pulse Moong (Washed),1 Kg,Hyderabad,391.36
2025-11-01,2025-11,Pulse Moong (Washed),1 Kg,Sukkur,409.88
2025-11-01,2025-11,Pulse Moong (Washed),1 Kg,Larkana,365.93
2025-11-01,2025-11,Pulse Moong (Washed),1 Kg,Peshawar,364.69
2025-11-01,2025-11,Pulse Moong (Washed),1 Kg,Bannu,329.54
2025-11-01,2025-11,Pulse Moong (Washed),1 Kg,Quetta,479.96
2025-11-01,2025-11,Pulse Moong (Washed),1 Kg,Khuzdar,426.17
2025-11-01,2025-11,Pulse Mash (Washed),1 Kg,National Average,443.56
2025-11-01,2025-11,Pulse Mash (Washed),1 Kg,Islamabad,498.76
2025-11-01,2025-11,Pulse Mash (Washed),1 Kg,Rawalpindi,481.87
2025-11-01,2025-11,Pulse Mash (Washed),1 Kg,Gujranwala,384.9
2025-11-01,2025-11,Pulse Mash (Washed),1 Kg,Sialkot,390.0
2025-11-01,2025-11,Pulse Mash (Washed),1 Kg,Lahore,438.05
2025-11-01,2025-11,Pulse Mash (Washed),1 Kg,Faisalabad,480.0
2025-11-01,2025-11,Pulse Mash (Washed),1 Kg,Sargodha,480.0
2025-11-01,2025-11,Pulse Mash (Washed),1 Kg,Multan,471.03
2025-11-01,2025-11,Pulse Mash (Washed),1 Kg,Bahawalpur,380.0
2025-11-01,2025-11,Pulse Mash (Washed),1 Kg,Karachi,405.35
2025-11-01,2025-11,Pulse Mash (Washed),1 Kg,Hyderabad,397.88
2025-11-01,2025-11,Pulse Mash (Washed),1 Kg,Sukkur,429.88
2025-11-01,2025-11,Pulse Mash (Washed),1 Kg,Larkana,480.0
2025-11-01,2025-11,Pulse Mash (Washed),1 Kg,Peshawar,426.86
2025-11-01,2025-11,Pulse Mash (Washed),1 Kg,Bannu,447.31
2025-11-01,2025-11,Pulse Mash (Washed),1 Kg,Quetta,487.44
2025-11-01,2025-11,Pulse Mash (Washed),1 Kg,Khuzdar,493.24
2025-11-01,2025-11,Pulse Gram,1 Kg,National Average,281.01
2025-11-01,2025-11,Pulse Gram,1 Kg,Islamabad,316.82
2025-11-01,2025-11,Pulse Gram,1 Kg,Rawalpindi,310.72
2025-11-01,2025-11,Pulse Gram,1 Kg,Gujranwala,240.0
2025-11-01,2025-11,Pulse Gram,1 Kg,Sialkot,252.46
2025-11-01,2025-11,Pulse Gram,1 Kg,Lahore,249.62
2025-11-01,2025-11,Pulse Gram,1 Kg,Faisalabad,270.0
2025-11-01,2025-11,Pulse Gram,1 Kg,Sargodha,263.04
2025-11-01,2025-11,Pulse Gram,1 Kg,Multan,277.96
2025-11-01,2025-11,Pulse Gram,1 Kg,Bahawalpur,240.82
2025-11-01,2025-11,Pulse Gram,1 Kg,Karachi,285.84
2025-11-01,2025-11,Pulse Gram,1 Kg,Hyderabad,274.72
2025-11-01,2025-11,Pulse Gram,1 Kg,Sukkur,280.0
2025-11-01,2025-11,Pulse Gram,1 Kg,Larkana,312.96
2025-11-01,2025-11,Pulse Gram,1 Kg,Peshawar,298.51
2025-11-01,2025-11,Pulse Gram,1 Kg,Bannu,254.47
2025-11-01,2025-11,Pulse Gram,1 Kg,Quetta,322.33
2025-11-01,2025-11,Pulse Gram,1 Kg,Khuzdar,356.33
2025-11-01,2025-11,Potatoes,1 Kg,National Average,80.4
2025-11-01,2025-11,Potatoes,1 Kg,Islamabad,107.18
2025-11-01,2025-11,Potatoes,1 Kg,Rawalpindi,93.54
2025-11-01,2025-11,Potatoes,1 Kg,Gujranwala,84.49
2025-11-01,2025-11,Potatoes,1 Kg,Sialkot,76.58
2025-11-01,2025-11,Potatoes,1 Kg,Lahore,87.04
2025-11-01,2025-11,Potatoes,1 Kg,Faisalabad,70.65
2025-11-01,2025-11,Potatoes,1 Kg,Sargodha,83.89
2025-11-01,2025-11,Potatoes,1 Kg,Multan,85.15
2025-11-01,2025-11,Potatoes,1 Kg,Bahawalpur,111.87
2025-11-01,2025-11,Potatoes,1 Kg,Karachi,78.08
2025-11-01,2025-11,Potatoes,1 Kg,Hyderabad,65.06
2025-11-01,2025-11,Potatoes,1 Kg,Sukkur,70.0
2025-11-01,2025-11,Potatoes,1 Kg,Larkana,65.39
2025-11-01,2025-11,Potatoes,1 Kg,Peshawar,89.1
2025-11-01,2025-11,Potatoes,1 Kg,Bannu,57.33
2025-11-01,2025-11,Potatoes,1 Kg,Quetta,69.69
2025-11-01,2025-11,Potatoes,1 Kg,Khuzdar,92.83
2025-11-01,2025-11,Onions,1 Kg,National Average,143.35
2025-11-01,2025-11,Onions,1 Kg,Islamabad,185.48
2025-11-01,2025-11,Onions,1 Kg,Rawalpindi,179.1
2025-11-01,2025-11,Onions,1 Kg,Gujranwala,160.52
2025-11-01,2025-11,Onions,1 Kg,Sialkot,156.24
2025-11-01,2025-11,Onions,1 Kg,Lahore,155.76
2025-11-01,2025-11,Onions,1 Kg,Faisalabad,132.27
2025-11-01,2025-11,Onions,1 Kg,Sargodha,139.09
2025-11-01,2025-11,Onions,1 Kg,Multan,144.89
2025-11-01,2025-11,Onions,1 Kg,Bahawalpur,140.83
2025-11-01,2025-11,Onions,1 Kg,Karachi,137.82
2025-11-01,2025-11,Onions,1 Kg,Hyderabad,135.0
2025-11-01,2025-11,Onions,1 Kg,Sukkur,129.61
2025-11-01,2025-11,Onions,1 Kg,Larkana,121.36
2025-11-01,2025-11,Onions,1 Kg,Peshawar,174.61
2025-11-01,2025-11,Onions,1 Kg,Bannu,148.31
2025-11-01,2025-11,Onions,1 Kg,Quetta,121.61
2025-11-01,2025-11,Onions,1 Kg,Khuzdar,101.53
2025-11-01,2025-11,Tomatoes,1 Kg,National Average,135.99
2025-11-01,2025-11,Tomatoes,1 Kg,Islamabad,207.52
2025-11-01,2025-11,Tomatoes,1 Kg,Rawalpindi,185.0
2025-11-01,2025-11,Tomatoes,1 Kg,Gujranwala,155.1
2025-11-01,2025-11,Tomatoes,1 Kg,Sialkot,148.12
2025-11-01,2025-11,Tomatoes,1 Kg,Lahore,151.68
2025-11-01,2025-11,Tomatoes,1 Kg,Faisalabad,129.32
2025-11-01,2025-11,Tomatoes,1 Kg,Sargodha,130.27
2025-11-01,2025-11,Tomatoes,1 Kg,Multan,121.19
2025-11-01,2025-11,Tomatoes,1 Kg,Bahawalpur,152.16
2025-11-01,2025-11,Tomatoes,1 Kg,Karachi,121.48
2025-11-01,2025-11,Tomatoes,1 Kg,Hyderabad,105.48
2025-11-01,2025-11,Tomatoes,1 Kg,Sukkur,107.67
2025-11-01,2025-11,Tomatoes,1 Kg,Larkana,118.69
2025-11-01,2025-11,Tomatoes,1 Kg,Peshawar,163.34
2025-11-01,2025-11,Tomatoes,1 Kg,Bannu,129.51
2025-11-01,2025-11,Tomatoes,1 Kg,Quetta,116.44
2025-11-01,2025-11,Tomatoes,1 Kg,Khuzdar,111.03
2025-12-01,2025-12,Pulse Masoor (Washed),1 Kg,National Average,283.53
2025-12-01,2025-12,Pulse Masoor (Washed),1 Kg,Islamabad,316.07
2025-12-01,2025-12,Pulse Masoor (Washed),1 Kg,Rawalpindi,313.96
2025-12-01,2025-12,Pulse Masoor (Washed),1 Kg,Gujranwala,240.0
2025-12-01,2025-12,Pulse Masoor (Washed),1 Kg,Sialkot,249.8
2025-12-01,2025-12,Pulse Masoor (Washed),1 Kg,Lahore,275.19
2025-12-01,2025-12,Pulse Masoor (Washed),1 Kg,Faisalabad,316.58
2025-12-01,2025-12,Pulse Masoor (Washed),1 Kg,Sargodha,267.37
2025-12-01,2025-12,Pulse Masoor (Washed),1 Kg,Multan,322.16
2025-12-01,2025-12,Pulse Masoor (Washed),1 Kg,Bahawalpur,264.08
2025-12-01,2025-12,Pulse Masoor (Washed),1 Kg,Karachi,289.47
2025-12-01,2025-12,Pulse Masoor (Washed),1 Kg,Hyderabad,271.93
2025-12-01,2025-12,Pulse Masoor (Washed),1 Kg,Sukkur,280.0
2025-12-01,2025-12,Pulse Masoor (Washed),1 Kg,Larkana,284.87
2025-12-01,2025-12,Pulse Masoor (Washed),1 Kg,Peshawar,283.29
2025-12-01,2025-12,Pulse Masoor (Washed),1 Kg,Bannu,260.0
2025-12-01,2025-12,Pulse Masoor (Washed),1 Kg,Quetta,302.4
2025-12-01,2025-12,Pulse Masoor (Washed),1 Kg,Khuzdar,300.0
2025-12-01,2025-12,Pulse Moong (Washed),1 Kg,National Average,381.49
2025-12-01,2025-12,Pulse Moong (Washed),1 Kg,Islamabad,413.61
2025-12-01,2025-12,Pulse Moong (Washed),1 Kg,Rawalpindi,397.07
2025-12-01,2025-12,Pulse Moong (Washed),1 Kg,Gujranwala,357.47
2025-12-01,2025-12,Pulse Moong (Washed),1 Kg,Sialkot,344.61
2025-12-01,2025-12,Pulse Moong (Washed),1 Kg,Lahore,357.57
2025-12-01,2025-12,Pulse Moong (Washed),1 Kg,Faisalabad,340.0
2025-12-01,2025-12,Pulse Moong (Washed),1 Kg,Sargodha,399.16
2025-12-01,2025-12,Pulse Moong (Washed),1 Kg,Multan,379.94
2025-12-01,2025-12,Pulse Moong (Washed),1 Kg,Bahawalpur,353.3
2025-12-01,2025-12,Pulse Moong (Washed),1 Kg,Karachi,381.7
2025-12-01,2025-12,Pulse Moong (Washed),1 Kg,Hyderabad,384.49
2025-12-01,2025-12,Pulse Moong (Washed),1 Kg,Sukkur,409.88
2025-12-01,2025-12,Pulse Moong (Washed),1 Kg,Larkana,381.29
2025-12-01,2025-12,Pulse Moong (Washed),1 Kg,Peshawar,364.41
2025-12-01,2025-12,Pulse Moong (Washed),1 Kg,Bannu,369.86
2025-12-01,2025-12,Pulse Moong (Washed),1 Kg,Quetta,459.95
2025-12-01,2025-12,Pulse Moong (Washed),1 Kg,Khuzdar,409.76
2025-12-01,2025-12,Pulse Mash (Washed),1 Kg,National Average,437.48
2025-12-01,2025-12,Pulse Mash (Washed),1 Kg,Islamabad,497.11
2025-12-01,2025-12,Pulse Mash (Washed),1 Kg,Rawalpindi,479.22
2025-12-01,2025-12,Pulse Mash (Washed),1 Kg,Gujranwala,380.0
2025-12-01,2025-12,Pulse Mash (Washed),1 Kg,Sialkot,384.97
2025-12-01,2025-12,Pulse Mash (Washed),1 Kg,Lahore,438.39
2025-12-01,2025-12,Pulse Mash (Washed),1 Kg,Faisalabad,480.0
2025-12-01,2025-12,Pulse Mash (Washed),1 Kg,Sargodha,458.23
2025-12-01,2025-12,Pulse Mash (Washed),1 Kg,Multan,471.03
2025-12-01,2025-12,Pulse Mash (Washed),1 Kg,Bahawalpur,380.0
2025-12-01,2025-12,Pulse Mash (Washed),1 Kg,Karachi,396.97
2025-12-01,2025-12,Pulse Mash (Washed),1 Kg,Hyderabad,381.71
2025-12-01,2025-12,Pulse Mash (Washed),1 Kg,Sukkur,429.88
2025-12-01,2025-12,Pulse Mash (Washed),1 Kg,Larkana,463.74
2025-12-01,2025-12,Pulse Mash (Washed),1 Kg,Peshawar,424.36
2025-12-01,2025-12,Pulse Mash (Washed),1 Kg,Bannu,440.0
2025-12-01,2025-12,Pulse Mash (Washed),1 Kg,Quetta,487.44
2025-12-01,2025-12,Pulse Mash (Washed),1 Kg,Khuzdar,476.22
2025-12-01,2025-12,Pulse Gram,1 Kg,National Average,268.04
2025-12-01,2025-12,Pulse Gram,1 Kg,Islamabad,308.1
2025-12-01,2025-12,Pulse Gram,1 Kg,Rawalpindi,299.46
2025-12-01,2025-12,Pulse Gram,1 Kg,Gujranwala,230.0
2025-12-01,2025-12,Pulse Gram,1 Kg,Sialkot,237.14
2025-12-01,2025-12,Pulse Gram,1 Kg,Lahore,247.32
2025-12-01,2025-12,Pulse Gram,1 Kg,Faisalabad,260.78
2025-12-01,2025-12,Pulse Gram,1 Kg,Sargodha,243.29
2025-12-01,2025-12,Pulse Gram,1 Kg,Multan,276.59
2025-12-01,2025-12,Pulse Gram,1 Kg,Bahawalpur,237.46
2025-12-01,2025-12,Pulse Gram,1 Kg,Karachi,271.59
2025-12-01,2025-12,Pulse Gram,1 Kg,Hyderabad,254.51
2025-12-01,2025-12,Pulse Gram,1 Kg,Sukkur,280.0
2025-12-01,2025-12,Pulse Gram,1 Kg,Larkana,283.24
2025-12-01,2025-12,Pulse Gram,1 Kg,Peshawar,294.32
2025-12-01,2025-12,Pulse Gram,1 Kg,Bannu,240.0
2025-12-01,2025-12,Pulse Gram,1 Kg,Quetta,299.93
2025-12-01,2025-12,Pulse Gram,1 Kg,Khuzdar,315.82
2025-12-01,2025-12,Potatoes,1 Kg,National Average,64.68
2025-12-01,2025-12,Potatoes,1 Kg,Islamabad,89.21
2025-12-01,2025-12,Potatoes,1 Kg,Rawalpindi,82.22
2025-12-01,2025-12,Potatoes,1 Kg,Gujranwala,64.76
2025-12-01,2025-12,Potatoes,1 Kg,Sialkot,73.15
2025-12-01,2025-12,Potatoes,1 Kg,Lahore,66.6
2025-12-01,2025-12,Potatoes,1 Kg,Faisalabad,56.46
2025-12-01,2025-12,Potatoes,1 Kg,Sargodha,42.34
2025-12-01,2025-12,Potatoes,1 Kg,Multan,77.93
2025-12-01,2025-12,Potatoes,1 Kg,Bahawalpur,88.64
2025-12-01,2025-12,Potatoes,1 Kg,Karachi,73.34
2025-12-01,2025-12,Potatoes,1 Kg,Hyderabad,52.56
2025-12-01,2025-12,Potatoes,1 Kg,Sukkur,58.68
2025-12-01,2025-12,Potatoes,1 Kg,Larkana,55.85
2025-12-01,2025-12,Potatoes,1 Kg,Peshawar,66.4
2025-12-01,2025-12,Potatoes,1 Kg,Bannu,44.72
2025-12-01,2025-12,Potatoes,1 Kg,Quetta,47.3
2025-12-01,2025-12,Potatoes,1 Kg,Khuzdar,89.44
2025-12-01,2025-12,Onions,1 Kg,National Average,99.62
2025-12-01,2025-12,Onions,1 Kg,Islamabad,139.12
2025-12-01,2025-12,Onions,1 Kg,Rawalpindi,140.21
2025-12-01,2025-12,Onions,1 Kg,Gujranwala,111.3
2025-12-01,2025-12,Onions,1 Kg,Sialkot,104.66
2025-12-01,2025-12,Onions,1 Kg,Lahore,104.26
2025-12-01,2025-12,Onions,1 Kg,Faisalabad,95.46
2025-12-01,2025-12,Onions,1 Kg,Sargodha,94.57
2025-12-01,2025-12,Onions,1 Kg,Multan,98.45
2025-12-01,2025-12,Onions,1 Kg,Bahawalpur,96.64
2025-12-01,2025-12,Onions,1 Kg,Karachi,94.74
2025-12-01,2025-12,Onions,1 Kg,Hyderabad,78.15
2025-12-01,2025-12,Onions,1 Kg,Sukkur,80.63
2025-12-01,2025-12,Onions,1 Kg,Larkana,75.67
2025-12-01,2025-12,Onions,1 Kg,Peshawar,127.3
2025-12-01,2025-12,Onions,1 Kg,Bannu,100.0
2025-12-01,2025-12,Onions,1 Kg,Quetta,87.85
2025-12-01,2025-12,Onions,1 Kg,Khuzdar,91.12
2025-12-01,2025-12,Tomatoes,1 Kg,National Average,76.69
2025-12-01,2025-12,Tomatoes,1 Kg,Islamabad,124.48
2025-12-01,2025-12,Tomatoes,1 Kg,Rawalpindi,100.97
2025-12-01,2025-12,Tomatoes,1 Kg,Gujranwala,97.49
2025-12-01,2025-12,Tomatoes,1 Kg,Sialkot,104.66
2025-12-01,2025-12,Tomatoes,1 Kg,Lahore,85.53
2025-12-01,2025-12,Tomatoes,1 Kg,Faisalabad,84.59
2025-12-01,2025-12,Tomatoes,1 Kg,Sargodha,82.73
2025-12-01,2025-12,Tomatoes,1 Kg,Multan,76.61
2025-12-01,2025-12,Tomatoes,1 Kg,Bahawalpur,77.88
2025-12-01,2025-12,Tomatoes,1 Kg,Karachi,62.08
2025-12-01,2025-12,Tomatoes,1 Kg,Hyderabad,43.58
2025-12-01,2025-12,Tomatoes,1 Kg,Sukkur,46.81
2025-12-01,2025-12,Tomatoes,1 Kg,Larkana,59.66
2025-12-01,2025-12,Tomatoes,1 Kg,Peshawar,88.11
2025-12-01,2025-12,Tomatoes,1 Kg,Bannu,61.17
2025-12-01,2025-12,Tomatoes,1 Kg,Quetta,69.18
2025-12-01,2025-12,Tomatoes,1 Kg,Khuzdar,85.06
2026-01-01,2026-01,Pulse Masoor (Washed),1 Kg,National Average,273.43
2026-01-01,2026-01,Pulse Masoor (Washed),1 Kg,Islamabad,306.26
2026-01-01,2026-01,Pulse Masoor (Washed),1 Kg,Rawalpindi,303.36
2026-01-01,2026-01,Pulse Masoor (Washed),1 Kg,Gujranwala,230.0
2026-01-01,2026-01,Pulse Masoor (Washed),1 Kg,Sialkot,240.0
2026-01-01,2026-01,Pulse Masoor (Washed),1 Kg,Lahore,275.19
2026-01-01,2026-01,Pulse Masoor (Washed),1 Kg,Faisalabad,289.5
2026-01-01,2026-01,Pulse Masoor (Washed),1 Kg,Sargodha,253.29
2026-01-01,2026-01,Pulse Masoor (Washed),1 Kg,Multan,310.66
2026-01-01,2026-01,Pulse Masoor (Washed),1 Kg,Bahawalpur,247.96
2026-01-01,2026-01,Pulse Masoor (Washed),1 Kg,Karachi,273.83
2026-01-01,2026-01,Pulse Masoor (Washed),1 Kg,Hyderabad,251.5
2026-01-01,2026-01,Pulse Masoor (Washed),1 Kg,Sukkur,280.0
2026-01-01,2026-01,Pulse Masoor (Washed),1 Kg,Larkana,286.51
2026-01-01,2026-01,Pulse Masoor (Washed),1 Kg,Peshawar,282.63
2026-01-01,2026-01,Pulse Masoor (Washed),1 Kg,Bannu,251.81
2026-01-01,2026-01,Pulse Masoor (Washed),1 Kg,Quetta,287.83
2026-01-01,2026-01,Pulse Masoor (Washed),1 Kg,Khuzdar,295.89
2026-01-01,2026-01,Pulse Moong (Washed),1 Kg,National Average,386.05
2026-01-01,2026-01,Pulse Moong (Washed),1 Kg,Islamabad,413.61
2026-01-01,2026-01,Pulse Moong (Washed),1 Kg,Rawalpindi,397.07
2026-01-01,2026-01,Pulse Moong (Washed),1 Kg,Gujranwala,360.0
2026-01-01,2026-01,Pulse Moong (Washed),1 Kg,Sialkot,371.98
2026-01-01,2026-01,Pulse Moong (Washed),1 Kg,Lahore,367.46
2026-01-01,2026-01,Pulse Moong (Washed),1 Kg,Faisalabad,340.33
2026-01-01,2026-01,Pulse Moong (Washed),1 Kg,Sargodha,400.0
2026-01-01,2026-01,Pulse Moong (Washed),1 Kg,Multan,379.94
2026-01-01,2026-01,Pulse Moong (Washed),1 Kg,Bahawalpur,358.77
2026-01-01,2026-01,Pulse Moong (Washed),1 Kg,Karachi,373.74
2026-01-01,2026-01,Pulse Moong (Washed),1 Kg,Hyderabad,386.54
2026-01-01,2026-01,Pulse Moong (Washed),1 Kg,Sukkur,409.88
2026-01-01,2026-01,Pulse Moong (Washed),1 Kg,Larkana,402.09
2026-01-01,2026-01,Pulse Moong (Washed),1 Kg,Peshawar,364.41
2026-01-01,2026-01,Pulse Moong (Washed),1 Kg,Bannu,380.0
2026-01-01,2026-01,Pulse Moong (Washed),1 Kg,Quetta,463.84
2026-01-01,2026-01,Pulse Moong (Washed),1 Kg,Khuzdar,409.76
2026-01-01,2026-01,Pulse Mash (Washed),1 Kg,National Average,429.76
2026-01-01,2026-01,Pulse Mash (Washed),1 Kg,Islamabad,498.93
2026-01-01,2026-01,Pulse Mash (Washed),1 Kg,Rawalpindi,480.29
2026-01-01,2026-01,Pulse Mash (Washed),1 Kg,Gujranwala,408.84
2026-01-01,2026-01,Pulse Mash (Washed),1 Kg,Sialkot,387.88
2026-01-01,2026-01,Pulse Mash (Washed),1 Kg,Lahore,438.39
2026-01-01,2026-01,Pulse Mash (Washed),1 Kg,Faisalabad,420.8
2026-01-01,2026-01,Pulse Mash (Washed),1 Kg,Sargodha,443.31
2026-01-01,2026-01,Pulse Mash (Washed),1 Kg,Multan,458.96
2026-01-01,2026-01,Pulse Mash (Washed),1 Kg,Bahawalpur,377.53
2026-01-01,2026-01,Pulse Mash (Washed),1 Kg,Karachi,385.05
2026-01-01,2026-01,Pulse Mash (Washed),1 Kg,Hyderabad,373.97
2026-01-01,2026-01,Pulse Mash (Washed),1 Kg,Sukkur,429.88
2026-01-01,2026-01,Pulse Mash (Washed),1 Kg,Larkana,433.74
2026-01-01,2026-01,Pulse Mash (Washed),1 Kg,Peshawar,424.36
2026-01-01,2026-01,Pulse Mash (Washed),1 Kg,Bannu,423.93
2026-01-01,2026-01,Pulse Mash (Washed),1 Kg,Quetta,469.87
2026-01-01,2026-01,Pulse Mash (Washed),1 Kg,Khuzdar,476.22
2026-01-01,2026-01,Pulse Gram,1 Kg,National Average,253.66
2026-01-01,2026-01,Pulse Gram,1 Kg,Islamabad,296.75
2026-01-01,2026-01,Pulse Gram,1 Kg,Rawalpindi,283.56
2026-01-01,2026-01,Pulse Gram,1 Kg,Gujranwala,219.23
2026-01-01,2026-01,Pulse Gram,1 Kg,Sialkot,220.0
2026-01-01,2026-01,Pulse Gram,1 Kg,Lahore,247.32
2026-01-01,2026-01,Pulse Gram,1 Kg,Faisalabad,215.21
2026-01-01,2026-01,Pulse Gram,1 Kg,Sargodha,243.29
2026-01-01,2026-01,Pulse Gram,1 Kg,Multan,247.1
2026-01-01,2026-01,Pulse Gram,1 Kg,Bahawalpur,242.53
2026-01-01,2026-01,Pulse Gram,1 Kg,Karachi,254.57
2026-01-01,2026-01,Pulse Gram,1 Kg,Hyderabad,244.52
2026-01-01,2026-01,Pulse Gram,1 Kg,Sukkur,280.0
2026-01-01,2026-01,Pulse Gram,1 Kg,Larkana,247.89
2026-01-01,2026-01,Pulse Gram,1 Kg,Peshawar,292.1
2026-01-01,2026-01,Pulse Gram,1 Kg,Bannu,220.0
2026-01-01,2026-01,Pulse Gram,1 Kg,Quetta,281.56
2026-01-01,2026-01,Pulse Gram,1 Kg,Khuzdar,302.59
2026-01-01,2026-01,Potatoes,1 Kg,National Average,45.03
2026-01-01,2026-01,Potatoes,1 Kg,Islamabad,66.94
2026-01-01,2026-01,Potatoes,1 Kg,Rawalpindi,60.57
2026-01-01,2026-01,Potatoes,1 Kg,Gujranwala,46.53
2026-01-01,2026-01,Potatoes,1 Kg,Sialkot,40.51
2026-01-01,2026-01,Potatoes,1 Kg,Lahore,44.21
2026-01-01,2026-01,Potatoes,1 Kg,Faisalabad,38.9
2026-01-01,2026-01,Potatoes,1 Kg,Sargodha,34.4
2026-01-01,2026-01,Potatoes,1 Kg,Multan,45.89
2026-01-01,2026-01,Potatoes,1 Kg,Bahawalpur,38.74
2026-01-01,2026-01,Potatoes,1 Kg,Karachi,55.82
2026-01-01,2026-01,Potatoes,1 Kg,Hyderabad,37.86
2026-01-01,2026-01,Potatoes,1 Kg,Sukkur,36.34
2026-01-01,2026-01,Potatoes,1 Kg,Larkana,38.97
2026-01-01,2026-01,Potatoes,1 Kg,Peshawar,52.89
2026-01-01,2026-01,Potatoes,1 Kg,Bannu,38.49
2026-01-01,2026-01,Potatoes,1 Kg,Quetta,45.3
2026-01-01,2026-01,Potatoes,1 Kg,Khuzdar,58.06
2026-01-01,2026-01,Onions,1 Kg,National Average,74.0
2026-01-01,2026-01,Onions,1 Kg,Islamabad,104.76
2026-01-01,2026-01,Onions,1 Kg,Rawalpindi,101.62
2026-01-01,2026-01,Onions,1 Kg,Gujranwala,78.51
2026-01-01,2026-01,Onions,1 Kg,Sialkot,83.23
2026-01-01,2026-01,Onions,1 Kg,Lahore,75.78
2026-01-01,2026-01,Onions,1 Kg,Faisalabad,70.14
2026-01-01,2026-01,Onions,1 Kg,Sargodha,70.44
2026-01-01,2026-01,Onions,1 Kg,Multan,70.3
2026-01-01,2026-01,Onions,1 Kg,Bahawalpur,62.75
2026-01-01,2026-01,Onions,1 Kg,Karachi,68.42
2026-01-01,2026-01,Onions,1 Kg,Hyderabad,58.96
2026-01-01,2026-01,Onions,1 Kg,Sukkur,52.06
2026-01-01,2026-01,Onions,1 Kg,Larkana,74.22
2026-01-01,2026-01,Onions,1 Kg,Peshawar,93.45
2026-01-01,2026-01,Onions,1 Kg,Bannu,76.99
2026-01-01,2026-01,Onions,1 Kg,Quetta,64.84
2026-01-01,2026-01,Onions,1 Kg,Khuzdar,71.54
2026-01-01,2026-01,Tomatoes,1 Kg,National Average,79.38
2026-01-01,2026-01,Tomatoes,1 Kg,Islamabad,120.65
2026-01-01,2026-01,Tomatoes,1 Kg,Rawalpindi,108.31
2026-01-01,2026-01,Tomatoes,1 Kg,Gujranwala,105.35
2026-01-01,2026-01,Tomatoes,1 Kg,Sialkot,101.41
2026-01-01,2026-01,Tomatoes,1 Kg,Lahore,94.7
2026-01-01,2026-01,Tomatoes,1 Kg,Faisalabad,84.96
2026-01-01,2026-01,Tomatoes,1 Kg,Sargodha,91.54
2026-01-01,2026-01,Tomatoes,1 Kg,Multan,73.92
2026-01-01,2026-01,Tomatoes,1 Kg,Bahawalpur,71.7
2026-01-01,2026-01,Tomatoes,1 Kg,Karachi,56.96
2026-01-01,2026-01,Tomatoes,1 Kg,Hyderabad,52.53
2026-01-01,2026-01,Tomatoes,1 Kg,Sukkur,48.91
2026-01-01,2026-01,Tomatoes,1 Kg,Larkana,68.64
2026-01-01,2026-01,Tomatoes,1 Kg,Peshawar,97.56
2026-01-01,2026-01,Tomatoes,1 Kg,Bannu,72.54
2026-01-01,2026-01,Tomatoes,1 Kg,Quetta,64.3
2026-01-01,2026-01,Tomatoes,1 Kg,Khuzdar,79.28
2026-02-01,2026-02,Pulse Masoor (Washed),1 Kg,National Average,264.58
2026-02-01,2026-02,Pulse Masoor (Washed),1 Kg,Islamabad,293.87
2026-02-01,2026-02,Pulse Masoor (Washed),1 Kg,Rawalpindi,293.87
2026-02-01,2026-02,Pulse Masoor (Washed),1 Kg,Gujranwala,227.46
2026-02-01,2026-02,Pulse Masoor (Washed),1 Kg,Sialkot,242.49
2026-02-01,2026-02,Pulse Masoor (Washed),1 Kg,Lahore,260.05
2026-02-01,2026-02,Pulse Masoor (Washed),1 Kg,Faisalabad,259.4
2026-02-01,2026-02,Pulse Masoor (Washed),1 Kg,Sargodha,253.29
2026-02-01,2026-02,Pulse Masoor (Washed),1 Kg,Multan,303.22
2026-02-01,2026-02,Pulse Masoor (Washed),1 Kg,Bahawalpur,263.29
2026-02-01,2026-02,Pulse Masoor (Washed),1 Kg,Karachi,260.5
2026-02-01,2026-02,Pulse Masoor (Washed),1 Kg,Hyderabad,248.74
2026-02-01,2026-02,Pulse Masoor (Washed),1 Kg,Sukkur,264.58
2026-02-01,2026-02,Pulse Masoor (Washed),1 Kg,Larkana,261.32
2026-02-01,2026-02,Pulse Masoor (Washed),1 Kg,Peshawar,256.09
2026-02-01,2026-02,Pulse Masoor (Washed),1 Kg,Bannu,249.43
2026-02-01,2026-02,Pulse Masoor (Washed),1 Kg,Quetta,279.84
2026-02-01,2026-02,Pulse Masoor (Washed),1 Kg,Khuzdar,293.18
2026-02-01,2026-02,Pulse Moong (Washed),1 Kg,National Average,391.61
2026-02-01,2026-02,Pulse Moong (Washed),1 Kg,Islamabad,413.61
2026-02-01,2026-02,Pulse Moong (Washed),1 Kg,Rawalpindi,397.07
2026-02-01,2026-02,Pulse Moong (Washed),1 Kg,Gujranwala,360.0
2026-02-01,2026-02,Pulse Moong (Washed),1 Kg,Sialkot,404.66
2026-02-01,2026-02,Pulse Moong (Washed),1 Kg,Lahore,377.57
2026-02-01,2026-02,Pulse Moong (Washed),1 Kg,Faisalabad,341.65
2026-02-01,2026-02,Pulse Moong (Washed),1 Kg,Sargodha,400.0
2026-02-01,2026-02,Pulse Moong (Washed),1 Kg,Multan,379.94
2026-02-01,2026-02,Pulse Moong (Washed),1 Kg,Bahawalpur,389.75
2026-02-01,2026-02,Pulse Moong (Washed),1 Kg,Karachi,382.02
2026-02-01,2026-02,Pulse Moong (Washed),1 Kg,Hyderabad,391.54
2026-02-01,2026-02,Pulse Moong (Washed),1 Kg,Sukkur,414.91
2026-02-01,2026-02,Pulse Moong (Washed),1 Kg,Larkana,405.91
2026-02-01,2026-02,Pulse Moong (Washed),1 Kg,Peshawar,368.59
2026-02-01,2026-02,Pulse Moong (Washed),1 Kg,Bannu,372.48
2026-02-01,2026-02,Pulse Moong (Washed),1 Kg,Quetta,462.43
2026-02-01,2026-02,Pulse Moong (Washed),1 Kg,Khuzdar,409.76
2026-02-01,2026-02,Pulse Mash (Washed),1 Kg,National Average,455.64
2026-02-01,2026-02,Pulse Mash (Washed),1 Kg,Islamabad,511.31
2026-02-01,2026-02,Pulse Mash (Washed),1 Kg,Rawalpindi,490.88
2026-02-01,2026-02,Pulse Mash (Washed),1 Kg,Gujranwala,472.32
2026-02-01,2026-02,Pulse Mash (Washed),1 Kg,Sialkot,467.21
2026-02-01,2026-02,Pulse Mash (Washed),1 Kg,Lahore,469.5
2026-02-01,2026-02,Pulse Mash (Washed),1 Kg,Faisalabad,422.95
2026-02-01,2026-02,Pulse Mash (Washed),1 Kg,Sargodha,446.64
2026-02-01,2026-02,Pulse Mash (Washed),1 Kg,Multan,451.08
2026-02-01,2026-02,Pulse Mash (Washed),1 Kg,Bahawalpur,423.31
2026-02-01,2026-02,Pulse Mash (Washed),1 Kg,Karachi,438.98
2026-02-01,2026-02,Pulse Mash (Washed),1 Kg,Hyderabad,428.05
2026-02-01,2026-02,Pulse Mash (Washed),1 Kg,Sukkur,437.45
2026-02-01,2026-02,Pulse Mash (Washed),1 Kg,Larkana,439.62
2026-02-01,2026-02,Pulse Mash (Washed),1 Kg,Peshawar,453.27
2026-02-01,2026-02,Pulse Mash (Washed),1 Kg,Bannu,464.7
2026-02-01,2026-02,Pulse Mash (Washed),1 Kg,Quetta,462.43
2026-02-01,2026-02,Pulse Mash (Washed),1 Kg,Khuzdar,476.22
2026-02-01,2026-02,Pulse Gram,1 Kg,National Average,252.58
2026-02-01,2026-02,Pulse Gram,1 Kg,Islamabad,308.38
2026-02-01,2026-02,Pulse Gram,1 Kg,Rawalpindi,290.28
2026-02-01,2026-02,Pulse Gram,1 Kg,Gujranwala,229.89
2026-02-01,2026-02,Pulse Gram,1 Kg,Sialkot,224.94
2026-02-01,2026-02,Pulse Gram,1 Kg,Lahore,247.32
2026-02-01,2026-02,Pulse Gram,1 Kg,Faisalabad,213.21
2026-02-01,2026-02,Pulse Gram,1 Kg,Sargodha,243.29
2026-02-01,2026-02,Pulse Gram,1 Kg,Multan,235.36
2026-02-01,2026-02,Pulse Gram,1 Kg,Bahawalpur,256.62
2026-02-01,2026-02,Pulse Gram,1 Kg,Karachi,256.14
2026-02-01,2026-02,Pulse Gram,1 Kg,Hyderabad,245.92
2026-02-01,2026-02,Pulse Gram,1 Kg,Sukkur,264.58
2026-02-01,2026-02,Pulse Gram,1 Kg,Larkana,228.9
2026-02-01,2026-02,Pulse Gram,1 Kg,Peshawar,263.04
2026-02-01,2026-02,Pulse Gram,1 Kg,Bannu,240.0
2026-02-01,2026-02,Pulse Gram,1 Kg,Quetta,267.38
2026-02-01,2026-02,Pulse Gram,1 Kg,Khuzdar,300.0
2026-02-01,2026-02,Potatoes,1 Kg,National Average,36.33
2026-02-01,2026-02,Potatoes,1 Kg,Islamabad,60.77
2026-02-01,2026-02,Potatoes,1 Kg,Rawalpindi,51.75
2026-02-01,2026-02,Potatoes,1 Kg,Gujranwala,35.48
2026-02-01,2026-02,Potatoes,1 Kg,Sialkot,27.11
2026-02-01,2026-02,Potatoes,1 Kg,Lahore,35.97
2026-02-01,2026-02,Potatoes,1 Kg,Faisalabad,29.42
2026-02-01,2026-02,Potatoes,1 Kg,Sargodha,28.23
2026-02-01,2026-02,Potatoes,1 Kg,Multan,33.16
2026-02-01,2026-02,Potatoes,1 Kg,Bahawalpur,28.04
2026-02-01,2026-02,Potatoes,1 Kg,Karachi,48.26
2026-02-01,2026-02,Potatoes,1 Kg,Hyderabad,34.63
2026-02-01,2026-02,Potatoes,1 Kg,Sukkur,30.0
2026-02-01,2026-02,Potatoes,1 Kg,Larkana,30.25
2026-02-01,2026-02,Potatoes,1 Kg,Peshawar,50.0
2026-02-01,2026-02,Potatoes,1 Kg,Bannu,37.22
2026-02-01,2026-02,Potatoes,1 Kg,Quetta,35.12
2026-02-01,2026-02,Potatoes,1 Kg,Khuzdar,40.15
2026-02-01,2026-02,Onions,1 Kg,National Average,68.89
2026-02-01,2026-02,Onions,1 Kg,Islamabad,93.52
2026-02-01,2026-02,Onions,1 Kg,Rawalpindi,89.25
2026-02-01,2026-02,Onions,1 Kg,Gujranwala,80.79
2026-02-01,2026-02,Onions,1 Kg,Sialkot,68.87
2026-02-01,2026-02,Onions,1 Kg,Lahore,74.57
2026-02-01,2026-02,Onions,1 Kg,Faisalabad,60.98
2026-02-01,2026-02,Onions,1 Kg,Sargodha,64.81
2026-02-01,2026-02,Onions,1 Kg,Multan,65.44
2026-02-01,2026-02,Onions,1 Kg,Bahawalpur,69.76
2026-02-01,2026-02,Onions,1 Kg,Karachi,63.39
2026-02-01,2026-02,Onions,1 Kg,Hyderabad,55.26
2026-02-01,2026-02,Onions,1 Kg,Sukkur,60.0
2026-02-01,2026-02,Onions,1 Kg,Larkana,55.61
2026-02-01,2026-02,Onions,1 Kg,Peshawar,89.14
2026-02-01,2026-02,Onions,1 Kg,Bannu,72.0
2026-02-01,2026-02,Onions,1 Kg,Quetta,53.25
2026-02-01,2026-02,Onions,1 Kg,Khuzdar,70.99
2026-02-01,2026-02,Tomatoes,1 Kg,National Average,93.8
2026-02-01,2026-02,Tomatoes,1 Kg,Islamabad,123.85
2026-02-01,2026-02,Tomatoes,1 Kg,Rawalpindi,120.79
2026-02-01,2026-02,Tomatoes,1 Kg,Gujranwala,109.16
2026-02-01,2026-02,Tomatoes,1 Kg,Sialkot,103.07
2026-02-01,2026-02,Tomatoes,1 Kg,Lahore,100.57
2026-02-01,2026-02,Tomatoes,1 Kg,Faisalabad,97.66
2026-02-01,2026-02,Tomatoes,1 Kg,Sargodha,92.12
2026-02-01,2026-02,Tomatoes,1 Kg,Multan,98.15
2026-02-01,2026-02,Tomatoes,1 Kg,Bahawalpur,95.51
2026-02-01,2026-02,Tomatoes,1 Kg,Karachi,76.97
2026-02-01,2026-02,Tomatoes,1 Kg,Hyderabad,71.81
2026-02-01,2026-02,Tomatoes,1 Kg,Sukkur,69.28
2026-02-01,2026-02,Tomatoes,1 Kg,Larkana,79.45
2026-02-01,2026-02,Tomatoes,1 Kg,Peshawar,105.27
2026-02-01,2026-02,Tomatoes,1 Kg,Bannu,80.74
2026-02-01,2026-02,Tomatoes,1 Kg,Quetta,77.35
2026-02-01,2026-02,Tomatoes,1 Kg,Khuzdar,118.01
2026-03-01,2026-03,Pulse Masoor (Washed),1 Kg,National Average,260.97
2026-03-01,2026-03,Pulse Masoor (Washed),1 Kg,Islamabad,293.87
2026-03-01,2026-03,Pulse Masoor (Washed),1 Kg,Rawalpindi,293.87
2026-03-01,2026-03,Pulse Masoor (Washed),1 Kg,Gujranwala,221.64
2026-03-01,2026-03,Pulse Masoor (Washed),1 Kg,Sialkot,240.0
2026-03-01,2026-03,Pulse Masoor (Washed),1 Kg,Lahore,255.19
2026-03-01,2026-03,Pulse Masoor (Washed),1 Kg,Faisalabad,247.26
2026-03-01,2026-03,Pulse Masoor (Washed),1 Kg,Sargodha,253.29
2026-03-01,2026-03,Pulse Masoor (Washed),1 Kg,Multan,303.22
2026-03-01,2026-03,Pulse Masoor (Washed),1 Kg,Bahawalpur,263.29
2026-03-01,2026-03,Pulse Masoor (Washed),1 Kg,Karachi,260.02
2026-03-01,2026-03,Pulse Masoor (Washed),1 Kg,Hyderabad,248.95
2026-03-01,2026-03,Pulse Masoor (Washed),1 Kg,Sukkur,242.14
2026-03-01,2026-03,Pulse Masoor (Washed),1 Kg,Larkana,256.3
2026-03-01,2026-03,Pulse Masoor (Washed),1 Kg,Peshawar,250.1
2026-03-01,2026-03,Pulse Masoor (Washed),1 Kg,Bannu,267.18
2026-03-01,2026-03,Pulse Masoor (Washed),1 Kg,Quetta,269.92
2026-03-01,2026-03,Pulse Masoor (Washed),1 Kg,Khuzdar,284.4
2026-03-01,2026-03,Pulse Moong (Washed),1 Kg,National Average,388.49
2026-03-01,2026-03,Pulse Moong (Washed),1 Kg,Islamabad,413.61
2026-03-01,2026-03,Pulse Moong (Washed),1 Kg,Rawalpindi,397.07
2026-03-01,2026-03,Pulse Moong (Washed),1 Kg,Gujranwala,360.0
2026-03-01,2026-03,Pulse Moong (Washed),1 Kg,Sialkot,354.96
2026-03-01,2026-03,Pulse Moong (Washed),1 Kg,Lahore,377.57
2026-03-01,2026-03,Pulse Moong (Washed),1 Kg,Faisalabad,341.65
2026-03-01,2026-03,Pulse Moong (Washed),1 Kg,Sargodha,400.0
2026-03-01,2026-03,Pulse Moong (Washed),1 Kg,Multan,379.94
2026-03-01,2026-03,Pulse Moong (Washed),1 Kg,Bahawalpur,382.02
2026-03-01,2026-03,Pulse Moong (Washed),1 Kg,Karachi,388.04
2026-03-01,2026-03,Pulse Moong (Washed),1 Kg,Hyderabad,391.54
2026-03-01,2026-03,Pulse Moong (Washed),1 Kg,Sukkur,420.0
2026-03-01,2026-03,Pulse Moong (Washed),1 Kg,Larkana,405.91
2026-03-01,2026-03,Pulse Moong (Washed),1 Kg,Peshawar,370.0
2026-03-01,2026-03,Pulse Moong (Washed),1 Kg,Bannu,372.48
2026-03-01,2026-03,Pulse Moong (Washed),1 Kg,Quetta,454.92
2026-03-01,2026-03,Pulse Moong (Washed),1 Kg,Khuzdar,409.76
2026-03-01,2026-03,Pulse Mash (Washed),1 Kg,National Average,465.34
2026-03-01,2026-03,Pulse Mash (Washed),1 Kg,Islamabad,512.99
2026-03-01,2026-03,Pulse Mash (Washed),1 Kg,Rawalpindi,493.88
2026-03-01,2026-03,Pulse Mash (Washed),1 Kg,Gujranwala,487.33
2026-03-01,2026-03,Pulse Mash (Washed),1 Kg,Sialkot,480.0
2026-03-01,2026-03,Pulse Mash (Washed),1 Kg,Lahore,497.02
2026-03-01,2026-03,Pulse Mash (Washed),1 Kg,Faisalabad,422.95
2026-03-01,2026-03,Pulse Mash (Washed),1 Kg,Sargodha,453.29
2026-03-01,2026-03,Pulse Mash (Washed),1 Kg,Multan,465.14
2026-03-01,2026-03,Pulse Mash (Washed),1 Kg,Bahawalpur,426.56
2026-03-01,2026-03,Pulse Mash (Washed),1 Kg,Karachi,452.85
2026-03-01,2026-03,Pulse Mash (Washed),1 Kg,Hyderabad,436.64
2026-03-01,2026-03,Pulse Mash (Washed),1 Kg,Sukkur,450.0
2026-03-01,2026-03,Pulse Mash (Washed),1 Kg,Larkana,480.0
2026-03-01,2026-03,Pulse Mash (Washed),1 Kg,Peshawar,456.64
2026-03-01,2026-03,Pulse Mash (Washed),1 Kg,Bannu,460.0
2026-03-01,2026-03,Pulse Mash (Washed),1 Kg,Quetta,469.9
2026-03-01,2026-03,Pulse Mash (Washed),1 Kg,Khuzdar,476.22
2026-03-01,2026-03,Pulse Gram,1 Kg,National Average,249.55
2026-03-01,2026-03,Pulse Gram,1 Kg,Islamabad,297.14
2026-03-01,2026-03,Pulse Gram,1 Kg,Rawalpindi,286.99
2026-03-01,2026-03,Pulse Gram,1 Kg,Gujranwala,222.46
2026-03-01,2026-03,Pulse Gram,1 Kg,Sialkot,214.94
2026-03-01,2026-03,Pulse Gram,1 Kg,Lahore,247.32
2026-03-01,2026-03,Pulse Gram,1 Kg,Faisalabad,216.47
2026-03-01,2026-03,Pulse Gram,1 Kg,Sargodha,243.29
2026-03-01,2026-03,Pulse Gram,1 Kg,Multan,235.36
2026-03-01,2026-03,Pulse Gram,1 Kg,Bahawalpur,256.62
2026-03-01,2026-03,Pulse Gram,1 Kg,Karachi,254.92
2026-03-01,2026-03,Pulse Gram,1 Kg,Hyderabad,246.56
2026-03-01,2026-03,Pulse Gram,1 Kg,Sukkur,250.0
2026-03-01,2026-03,Pulse Gram,1 Kg,Larkana,229.78
2026-03-01,2026-03,Pulse Gram,1 Kg,Peshawar,256.82
2026-03-01,2026-03,Pulse Gram,1 Kg,Bannu,236.58
2026-03-01,2026-03,Pulse Gram,1 Kg,Quetta,267.38
2026-03-01,2026-03,Pulse Gram,1 Kg,Khuzdar,300.0
2026-03-01,2026-03,Potatoes,1 Kg,National Average,31.12
2026-03-01,2026-03,Potatoes,1 Kg,Islamabad,52.37
2026-03-01,2026-03,Potatoes,1 Kg,Rawalpindi,43.75
2026-03-01,2026-03,Potatoes,1 Kg,Gujranwala,30.73
2026-03-01,2026-03,Potatoes,1 Kg,Sialkot,21.15
2026-03-01,2026-03,Potatoes,1 Kg,Lahore,32.25
2026-03-01,2026-03,Potatoes,1 Kg,Faisalabad,22.13
2026-03-01,2026-03,Potatoes,1 Kg,Sargodha,21.8
2026-03-01,2026-03,Potatoes,1 Kg,Multan,24.4
2026-03-01,2026-03,Potatoes,1 Kg,Bahawalpur,20.0
2026-03-01,2026-03,Potatoes,1 Kg,Karachi,47.13
2026-03-01,2026-03,Potatoes,1 Kg,Hyderabad,33.41
2026-03-01,2026-03,Potatoes,1 Kg,Sukkur,30.0
2026-03-01,2026-03,Potatoes,1 Kg,Larkana,22.36
2026-03-01,2026-03,Potatoes,1 Kg,Peshawar,48.75
2026-03-01,2026-03,Potatoes,1 Kg,Bannu,26.2
2026-03-01,2026-03,Potatoes,1 Kg,Quetta,38.31
2026-03-01,2026-03,Potatoes,1 Kg,Khuzdar,41.21
2026-03-01,2026-03,Onions,1 Kg,National Average,68.13
2026-03-01,2026-03,Onions,1 Kg,Islamabad,103.03
2026-03-01,2026-03,Onions,1 Kg,Rawalpindi,96.99
2026-03-01,2026-03,Onions,1 Kg,Gujranwala,86.59
2026-03-01,2026-03,Onions,1 Kg,Sialkot,67.01
2026-03-01,2026-03,Onions,1 Kg,Lahore,78.54
2026-03-01,2026-03,Onions,1 Kg,Faisalabad,60.49
2026-03-01,2026-03,Onions,1 Kg,Sargodha,61.48
2026-03-01,2026-03,Onions,1 Kg,Multan,68.3
2026-03-01,2026-03,Onions,1 Kg,Bahawalpur,63.31
2026-03-01,2026-03,Onions,1 Kg,Karachi,64.65
2026-03-01,2026-03,Onions,1 Kg,Hyderabad,55.17
2026-03-01,2026-03,Onions,1 Kg,Sukkur,52.22
2026-03-01,2026-03,Onions,1 Kg,Larkana,46.26
2026-03-01,2026-03,Onions,1 Kg,Peshawar,89.37
2026-03-01,2026-03,Onions,1 Kg,Bannu,74.01
2026-03-01,2026-03,Onions,1 Kg,Quetta,54.56
2026-03-01,2026-03,Onions,1 Kg,Khuzdar,64.43
2026-03-01,2026-03,Tomatoes,1 Kg,National Average,71.38
2026-03-01,2026-03,Tomatoes,1 Kg,Islamabad,108.74
2026-03-01,2026-03,Tomatoes,1 Kg,Rawalpindi,102.87
2026-03-01,2026-03,Tomatoes,1 Kg,Gujranwala,98.63
2026-03-01,2026-03,Tomatoes,1 Kg,Sialkot,91.6
2026-03-01,2026-03,Tomatoes,1 Kg,Lahore,78.64
2026-03-01,2026-03,Tomatoes,1 Kg,Faisalabad,79.47
2026-03-01,2026-03,Tomatoes,1 Kg,Sargodha,76.58
2026-03-01,2026-03,Tomatoes,1 Kg,Multan,79.94
2026-03-01,2026-03,Tomatoes,1 Kg,Bahawalpur,74.5
2026-03-01,2026-03,Tomatoes,1 Kg,Karachi,53.35
2026-03-01,2026-03,Tomatoes,1 Kg,Hyderabad,46.95
2026-03-01,2026-03,Tomatoes,1 Kg,Sukkur,48.01
2026-03-01,2026-03,Tomatoes,1 Kg,Larkana,48.3
2026-03-01,2026-03,Tomatoes,1 Kg,Peshawar,89.98
2026-03-01,2026-03,Tomatoes,1 Kg,Bannu,60.74
2026-03-01,2026-03,Tomatoes,1 Kg,Quetta,55.04
2026-03-01,2026-03,Tomatoes,1 Kg,Khuzdar,64.43
2026-04-01,2026-04,Pulse Masoor (Washed),1 Kg,National Average,260.69
2026-04-01,2026-04,Pulse Masoor (Washed),1 Kg,Islamabad,293.87
2026-04-01,2026-04,Pulse Masoor (Washed),1 Kg,Rawalpindi,293.87
2026-04-01,2026-04,Pulse Masoor (Washed),1 Kg,Gujranwala,222.18
2026-04-01,2026-04,Pulse Masoor (Washed),1 Kg,Sialkot,240.0
2026-04-01,2026-04,Pulse Masoor (Washed),1 Kg,Lahore,250.14
2026-04-01,2026-04,Pulse Masoor (Washed),1 Kg,Faisalabad,247.57
2026-04-01,2026-04,Pulse Masoor (Washed),1 Kg,Sargodha,253.29
2026-04-01,2026-04,Pulse Masoor (Washed),1 Kg,Multan,314.37
2026-04-01,2026-04,Pulse Masoor (Washed),1 Kg,Bahawalpur,263.29
2026-04-01,2026-04,Pulse Masoor (Washed),1 Kg,Karachi,261.96
2026-04-01,2026-04,Pulse Masoor (Washed),1 Kg,Hyderabad,248.41
2026-04-01,2026-04,Pulse Masoor (Washed),1 Kg,Sukkur,220.0
2026-04-01,2026-04,Pulse Masoor (Washed),1 Kg,Larkana,280.0
2026-04-01,2026-04,Pulse Masoor (Washed),1 Kg,Peshawar,246.53
2026-04-01,2026-04,Pulse Masoor (Washed),1 Kg,Bannu,260.0
2026-04-01,2026-04,Pulse Masoor (Washed),1 Kg,Quetta,279.87
2026-04-01,2026-04,Pulse Masoor (Washed),1 Kg,Khuzdar,275.89
2026-04-01,2026-04,Pulse Moong (Washed),1 Kg,National Average,389.88
2026-04-01,2026-04,Pulse Moong (Washed),1 Kg,Islamabad,413.61
2026-04-01,2026-04,Pulse Moong (Washed),1 Kg,Rawalpindi,397.07
2026-04-01,2026-04,Pulse Moong (Washed),1 Kg,Gujranwala,360.0
2026-04-01,2026-04,Pulse Moong (Washed),1 Kg,Sialkot,364.83
2026-04-01,2026-04,Pulse Moong (Washed),1 Kg,Lahore,377.57
2026-04-01,2026-04,Pulse Moong (Washed),1 Kg,Faisalabad,342.46
2026-04-01,2026-04,Pulse Moong (Washed),1 Kg,Sargodha,400.0
2026-04-01,2026-04,Pulse Moong (Washed),1 Kg,Multan,391.01
2026-04-01,2026-04,Pulse Moong (Washed),1 Kg,Bahawalpur,365.34
2026-04-01,2026-04,Pulse Moong (Washed),1 Kg,Karachi,390.05
2026-04-01,2026-04,Pulse Moong (Washed),1 Kg,Hyderabad,392.94
2026-04-01,2026-04,Pulse Moong (Washed),1 Kg,Sukkur,420.0
2026-04-01,2026-04,Pulse Moong (Washed),1 Kg,Larkana,405.91
2026-04-01,2026-04,Pulse Moong (Washed),1 Kg,Peshawar,370.0
2026-04-01,2026-04,Pulse Moong (Washed),1 Kg,Bannu,380.0
2026-04-01,2026-04,Pulse Moong (Washed),1 Kg,Quetta,463.26
2026-04-01,2026-04,Pulse Moong (Washed),1 Kg,Khuzdar,409.76
2026-04-01,2026-04,Pulse Mash (Washed),1 Kg,National Average,473.46
2026-04-01,2026-04,Pulse Mash (Washed),1 Kg,Islamabad,512.99
2026-04-01,2026-04,Pulse Mash (Washed),1 Kg,Rawalpindi,493.88
2026-04-01,2026-04,Pulse Mash (Washed),1 Kg,Gujranwala,469.72
2026-04-01,2026-04,Pulse Mash (Washed),1 Kg,Sialkot,464.76
2026-04-01,2026-04,Pulse Mash (Washed),1 Kg,Lahore,532.48
2026-04-01,2026-04,Pulse Mash (Washed),1 Kg,Faisalabad,422.4
2026-04-01,2026-04,Pulse Mash (Washed),1 Kg,Sargodha,470.25
2026-04-01,2026-04,Pulse Mash (Washed),1 Kg,Multan,483.26
2026-04-01,2026-04,Pulse Mash (Washed),1 Kg,Bahawalpur,416.56
2026-04-01,2026-04,Pulse Mash (Washed),1 Kg,Karachi,457.56
2026-04-01,2026-04,Pulse Mash (Washed),1 Kg,Hyderabad,439.1
2026-04-01,2026-04,Pulse Mash (Washed),1 Kg,Sukkur,470.0
2026-04-01,2026-04,Pulse Mash (Washed),1 Kg,Larkana,499.6
2026-04-01,2026-04,Pulse Mash (Washed),1 Kg,Peshawar,470.49
2026-04-01,2026-04,Pulse Mash (Washed),1 Kg,Bannu,500.0
2026-04-01,2026-04,Pulse Mash (Washed),1 Kg,Quetta,484.93
2026-04-01,2026-04,Pulse Mash (Washed),1 Kg,Khuzdar,476.22
2026-04-01,2026-04,Pulse Gram,1 Kg,National Average,250.12
2026-04-01,2026-04,Pulse Gram,1 Kg,Islamabad,284.8
2026-04-01,2026-04,Pulse Gram,1 Kg,Rawalpindi,281.11
2026-04-01,2026-04,Pulse Gram,1 Kg,Gujranwala,220.0
2026-04-01,2026-04,Pulse Gram,1 Kg,Sialkot,216.61
2026-04-01,2026-04,Pulse Gram,1 Kg,Lahore,245.33
2026-04-01,2026-04,Pulse Gram,1 Kg,Faisalabad,216.47
2026-04-01,2026-04,Pulse Gram,1 Kg,Sargodha,243.29
2026-04-01,2026-04,Pulse Gram,1 Kg,Multan,249.17
2026-04-01,2026-04,Pulse Gram,1 Kg,Bahawalpur,256.62
2026-04-01,2026-04,Pulse Gram,1 Kg,Karachi,253.24
2026-04-01,2026-04,Pulse Gram,1 Kg,Hyderabad,246.56
2026-04-01,2026-04,Pulse Gram,1 Kg,Sukkur,250.0
2026-04-01,2026-04,Pulse Gram,1 Kg,Larkana,246.06
2026-04-01,2026-04,Pulse Gram,1 Kg,Peshawar,257.47
2026-04-01,2026-04,Pulse Gram,1 Kg,Bannu,240.0
2026-04-01,2026-04,Pulse Gram,1 Kg,Quetta,261.56
2026-04-01,2026-04,Pulse Gram,1 Kg,Khuzdar,300.0
2026-04-01,2026-04,Potatoes,1 Kg,National Average,33.9
2026-04-01,2026-04,Potatoes,1 Kg,Islamabad,56.68
2026-04-01,2026-04,Potatoes,1 Kg,Rawalpindi,48.53
2026-04-01,2026-04,Potatoes,1 Kg,Gujranwala,30.0
2026-04-01,2026-04,Potatoes,1 Kg,Sialkot,36.34
2026-04-01,2026-04,Potatoes,1 Kg,Lahore,33.47
2026-04-01,2026-04,Potatoes,1 Kg,Faisalabad,23.41
2026-04-01,2026-04,Potatoes,1 Kg,Sargodha,24.47
2026-04-01,2026-04,Potatoes,1 Kg,Multan,28.07
2026-04-01,2026-04,Potatoes,1 Kg,Bahawalpur,22.71
2026-04-01,2026-04,Potatoes,1 Kg,Karachi,49.73
2026-04-01,2026-04,Potatoes,1 Kg,Hyderabad,33.16
2026-04-01,2026-04,Potatoes,1 Kg,Sukkur,27.39
2026-04-01,2026-04,Potatoes,1 Kg,Larkana,23.21
2026-04-01,2026-04,Potatoes,1 Kg,Peshawar,49.65
2026-04-01,2026-04,Potatoes,1 Kg,Bannu,30.0
2026-04-01,2026-04,Potatoes,1 Kg,Quetta,43.72
2026-04-01,2026-04,Potatoes,1 Kg,Khuzdar,41.21
2026-04-01,2026-04,Onions,1 Kg,National Average,74.43
2026-04-01,2026-04,Onions,1 Kg,Islamabad,122.48
2026-04-01,2026-04,Onions,1 Kg,Rawalpindi,110.82
2026-04-01,2026-04,Onions,1 Kg,Gujranwala,88.46
2026-04-01,2026-04,Onions,1 Kg,Sialkot,83.2
2026-04-01,2026-04,Onions,1 Kg,Lahore,82.55
2026-04-01,2026-04,Onions,1 Kg,Faisalabad,70.12
2026-04-01,2026-04,Onions,1 Kg,Sargodha,69.13
2026-04-01,2026-04,Onions,1 Kg,Multan,70.96
2026-04-01,2026-04,Onions,1 Kg,Bahawalpur,69.06
2026-04-01,2026-04,Onions,1 Kg,Karachi,68.43
2026-04-01,2026-04,Onions,1 Kg,Hyderabad,55.93
2026-04-01,2026-04,Onions,1 Kg,Sukkur,56.46
2026-04-01,2026-04,Onions,1 Kg,Larkana,44.2
2026-04-01,2026-04,Onions,1 Kg,Peshawar,98.49
2026-04-01,2026-04,Onions,1 Kg,Bannu,76.52
2026-04-01,2026-04,Onions,1 Kg,Quetta,73.49
2026-04-01,2026-04,Onions,1 Kg,Khuzdar,63.74
2026-04-01,2026-04,Tomatoes,1 Kg,National Average,78.51
2026-04-01,2026-04,Tomatoes,1 Kg,Islamabad,124.34
2026-04-01,2026-04,Tomatoes,1 Kg,Rawalpindi,115.4
2026-04-01,2026-04,Tomatoes,1 Kg,Gujranwala,97.92
2026-04-01,2026-04,Tomatoes,1 Kg,Sialkot,106.39
2026-04-01,2026-04,Tomatoes,1 Kg,Lahore,88.07
2026-04-01,2026-04,Tomatoes,1 Kg,Faisalabad,89.39
2026-04-01,2026-04,Tomatoes,1 Kg,Sargodha,86.54
2026-04-01,2026-04,Tomatoes,1 Kg,Multan,69.5
2026-04-01,2026-04,Tomatoes,1 Kg,Bahawalpur,66.26
2026-04-01,2026-04,Tomatoes,1 Kg,Karachi,79.44
2026-04-01,2026-04,Tomatoes,1 Kg,Hyderabad,58.35
2026-04-01,2026-04,Tomatoes,1 Kg,Sukkur,44.24
2026-04-01,2026-04,Tomatoes,1 Kg,Larkana,50.84
2026-04-01,2026-04,Tomatoes,1 Kg,Peshawar,105.37
2026-04-01,2026-04,Tomatoes,1 Kg,Bannu,77.08
2026-04-01,2026-04,Tomatoes,1 Kg,Quetta,59.88
2026-04-01,2026-04,Tomatoes,1 Kg,Khuzdar,68.74
2026-05-01,2026-05,Pulse Masoor (Washed),1 Kg,National Average,258.88
2026-05-01,2026-05,Pulse Masoor (Washed),1 Kg,Islamabad,293.87
2026-05-01,2026-05,Pulse Masoor (Washed),1 Kg,Rawalpindi,293.87
2026-05-01,2026-05,Pulse Masoor (Washed),1 Kg,Gujranwala,220.0
2026-05-01,2026-05,Pulse Masoor (Washed),1 Kg,Sialkot,240.0
2026-05-01,2026-05,Pulse Masoor (Washed),1 Kg,Lahore,245.19
2026-05-01,2026-05,Pulse Masoor (Washed),1 Kg,Faisalabad,249.1
2026-05-01,2026-05,Pulse Masoor (Washed),1 Kg,Sargodha,253.29
2026-05-01,2026-05,Pulse Masoor (Washed),1 Kg,Multan,314.37
2026-05-01,2026-05,Pulse Masoor (Washed),1 Kg,Bahawalpur,254.27
2026-05-01,2026-05,Pulse Masoor (Washed),1 Kg,Karachi,265.99
2026-05-01,2026-05,Pulse Masoor (Washed),1 Kg,Hyderabad,248.14
2026-05-01,2026-05,Pulse Masoor (Washed),1 Kg,Sukkur,220.0
2026-05-01,2026-05,Pulse Masoor (Washed),1 Kg,Larkana,260.0
2026-05-01,2026-05,Pulse Masoor (Washed),1 Kg,Peshawar,246.53
2026-05-01,2026-05,Pulse Masoor (Washed),1 Kg,Bannu,260.0
2026-05-01,2026-05,Pulse Masoor (Washed),1 Kg,Quetta,279.93
2026-05-01,2026-05,Pulse Masoor (Washed),1 Kg,Khuzdar,275.89
2026-05-01,2026-05,Pulse Moong (Washed),1 Kg,National Average,389.73
2026-05-01,2026-05,Pulse Moong (Washed),1 Kg,Islamabad,413.61
2026-05-01,2026-05,Pulse Moong (Washed),1 Kg,Rawalpindi,397.07
2026-05-01,2026-05,Pulse Moong (Washed),1 Kg,Gujranwala,355.36
2026-05-01,2026-05,Pulse Moong (Washed),1 Kg,Sialkot,390.0
2026-05-01,2026-05,Pulse Moong (Washed),1 Kg,Lahore,370.87
2026-05-01,2026-05,Pulse Moong (Washed),1 Kg,Faisalabad,346.54
2026-05-01,2026-05,Pulse Moong (Washed),1 Kg,Sargodha,400.0
2026-05-01,2026-05,Pulse Moong (Washed),1 Kg,Multan,391.01
2026-05-01,2026-05,Pulse Moong (Washed),1 Kg,Bahawalpur,364.1
2026-05-01,2026-05,Pulse Moong (Washed),1 Kg,Karachi,391.82
2026-05-01,2026-05,Pulse Moong (Washed),1 Kg,Hyderabad,396.59
2026-05-01,2026-05,Pulse Moong (Washed),1 Kg,Sukkur,420.0
2026-05-01,2026-05,Pulse Moong (Washed),1 Kg,Larkana,405.91
2026-05-01,2026-05,Pulse Moong (Washed),1 Kg,Peshawar,370.0
2026-05-01,2026-05,Pulse Moong (Washed),1 Kg,Bannu,373.21
2026-05-01,2026-05,Pulse Moong (Washed),1 Kg,Quetta,459.95
2026-05-01,2026-05,Pulse Moong (Washed),1 Kg,Khuzdar,393.84
2026-05-01,2026-05,Pulse Mash (Washed),1 Kg,National Average,466.54
2026-05-01,2026-05,Pulse Mash (Washed),1 Kg,Islamabad,512.99
2026-05-01,2026-05,Pulse Mash (Washed),1 Kg,Rawalpindi,493.88
2026-05-01,2026-05,Pulse Mash (Washed),1 Kg,Gujranwala,420.0
2026-05-01,2026-05,Pulse Mash (Washed),1 Kg,Sialkot,450.0
2026-05-01,2026-05,Pulse Mash (Washed),1 Kg,Lahore,512.8
2026-05-01,2026-05,Pulse Mash (Washed),1 Kg,Faisalabad,419.68
2026-05-01,2026-05,Pulse Mash (Washed),1 Kg,Sargodha,473.31
2026-05-01,2026-05,Pulse Mash (Washed),1 Kg,Multan,488.7
2026-05-01,2026-05,Pulse Mash (Washed),1 Kg,Bahawalpur,400.85
2026-05-01,2026-05,Pulse Mash (Washed),1 Kg,Karachi,464.09
2026-05-01,2026-05,Pulse Mash (Washed),1 Kg,Hyderabad,441.58
2026-05-01,2026-05,Pulse Mash (Washed),1 Kg,Sukkur,470.0
2026-05-01,2026-05,Pulse Mash (Washed),1 Kg,Larkana,480.0
2026-05-01,2026-05,Pulse Mash (Washed),1 Kg,Peshawar,472.16
2026-05-01,2026-05,Pulse Mash (Washed),1 Kg,Bannu,500.0
2026-05-01,2026-05,Pulse Mash (Washed),1 Kg,Quetta,473.27
2026-05-01,2026-05,Pulse Mash (Washed),1 Kg,Khuzdar,476.22
2026-05-01,2026-05,Pulse Gram,1 Kg,National Average,247.57
2026-05-01,2026-05,Pulse Gram,1 Kg,Islamabad,282.78
2026-05-01,2026-05,Pulse Gram,1 Kg,Rawalpindi,279.81
2026-05-01,2026-05,Pulse Gram,1 Kg,Gujranwala,220.0
2026-05-01,2026-05,Pulse Gram,1 Kg,Sialkot,220.0
2026-05-01,2026-05,Pulse Gram,1 Kg,Lahore,236.13
2026-05-01,2026-05,Pulse Gram,1 Kg,Faisalabad,216.47
2026-05-01,2026-05,Pulse Gram,1 Kg,Sargodha,243.29
2026-05-01,2026-05,Pulse Gram,1 Kg,Multan,245.51
2026-05-01,2026-05,Pulse Gram,1 Kg,Bahawalpur,231.59
2026-05-01,2026-05,Pulse Gram,1 Kg,Karachi,255.5
2026-05-01,2026-05,Pulse Gram,1 Kg,Hyderabad,246.56
2026-05-01,2026-05,Pulse Gram,1 Kg,Sukkur,250.0
2026-05-01,2026-05,Pulse Gram,1 Kg,Larkana,244.39
2026-05-01,2026-05,Pulse Gram,1 Kg,Peshawar,256.12
2026-05-01,2026-05,Pulse Gram,1 Kg,Bannu,240.0
2026-05-01,2026-05,Pulse Gram,1 Kg,Quetta,256.54
2026-05-01,2026-05,Pulse Gram,1 Kg,Khuzdar,300.0
2026-05-01,2026-05,Potatoes,1 Kg,National Average,35.54
2026-05-01,2026-05,Potatoes,1 Kg,Islamabad,53.02
2026-05-01,2026-05,Potatoes,1 Kg,Rawalpindi,46.99
2026-05-01,2026-05,Potatoes,1 Kg,Gujranwala,30.0
2026-05-01,2026-05,Potatoes,1 Kg,Sialkot,40.0
2026-05-01,2026-05,Potatoes,1 Kg,Lahore,38.44
2026-05-01,2026-05,Potatoes,1 Kg,Faisalabad,30.0
2026-05-01,2026-05,Potatoes,1 Kg,Sargodha,26.04
2026-05-01,2026-05,Potatoes,1 Kg,Multan,32.32
2026-05-01,2026-05,Potatoes,1 Kg,Bahawalpur,27.11
2026-05-01,2026-05,Potatoes,1 Kg,Karachi,48.36
2026-05-01,2026-05,Potatoes,1 Kg,Hyderabad,34.07
2026-05-01,2026-05,Potatoes,1 Kg,Sukkur,30.0
2026-05-01,2026-05,Potatoes,1 Kg,Larkana,24.28
2026-05-01,2026-05,Potatoes,1 Kg,Peshawar,48.78
2026-05-01,2026-05,Potatoes,1 Kg,Bannu,30.0
2026-05-01,2026-05,Potatoes,1 Kg,Quetta,40.37
2026-05-01,2026-05,Potatoes,1 Kg,Khuzdar,41.21
2026-05-01,2026-05,Onions,1 Kg,National Average,70.08
2026-05-01,2026-05,Onions,1 Kg,Islamabad,101.58
2026-05-01,2026-05,Onions,1 Kg,Rawalpindi,90.52
2026-05-01,2026-05,Onions,1 Kg,Gujranwala,80.0
2026-05-01,2026-05,Onions,1 Kg,Sialkot,100.0
2026-05-01,2026-05,Onions,1 Kg,Lahore,80.97
2026-05-01,2026-05,Onions,1 Kg,Faisalabad,62.09
2026-05-01,2026-05,Onions,1 Kg,Sargodha,64.25
2026-05-01,2026-05,Onions,1 Kg,Multan,71.08
2026-05-01,2026-05,Onions,1 Kg,Bahawalpur,55.33
2026-05-01,2026-05,Onions,1 Kg,Karachi,73.41
2026-05-01,2026-05,Onions,1 Kg,Hyderabad,58.52
2026-05-01,2026-05,Onions,1 Kg,Sukkur,55.93
2026-05-01,2026-05,Onions,1 Kg,Larkana,43.86
2026-05-01,2026-05,Onions,1 Kg,Peshawar,83.05
2026-05-01,2026-05,Onions,1 Kg,Bannu,76.52
2026-05-01,2026-05,Onions,1 Kg,Quetta,57.92
2026-05-01,2026-05,Onions,1 Kg,Khuzdar,65.42
2026-05-01,2026-05,Tomatoes,1 Kg,National Average,60.91
2026-05-01,2026-05,Tomatoes,1 Kg,Islamabad,98.22
2026-05-01,2026-05,Tomatoes,1 Kg,Rawalpindi,87.83
2026-05-01,2026-05,Tomatoes,1 Kg,Gujranwala,61.04
2026-05-01,2026-05,Tomatoes,1 Kg,Sialkot,71.23
2026-05-01,2026-05,Tomatoes,1 Kg,Lahore,48.78
2026-05-01,2026-05,Tomatoes,1 Kg,Faisalabad,51.02
2026-05-01,2026-05,Tomatoes,1 Kg,Sargodha,62.25
2026-05-01,2026-05,Tomatoes,1 Kg,Multan,48.83
2026-05-01,2026-05,Tomatoes,1 Kg,Bahawalpur,41.25
2026-05-01,2026-05,Tomatoes,1 Kg,Karachi,79.03
2026-05-01,2026-05,Tomatoes,1 Kg,Hyderabad,63.19
2026-05-01,2026-05,Tomatoes,1 Kg,Sukkur,35.57
2026-05-01,2026-05,Tomatoes,1 Kg,Larkana,54.37
2026-05-01,2026-05,Tomatoes,1 Kg,Peshawar,75.87
2026-05-01,2026-05,Tomatoes,1 Kg,Bannu,59.44
2026-05-01,2026-05,Tomatoes,1 Kg,Quetta,55.43
2026-05-01,2026-05,Tomatoes,1 Kg,Khuzdar,77.29
2026-06-01,2026-06,Pulse Masoor (Washed),1 Kg,National Average,258.81
2026-06-01,2026-06,Pulse Masoor (Washed),1 Kg,Islamabad,293.87
2026-06-01,2026-06,Pulse Masoor (Washed),1 Kg,Rawalpindi,293.87
2026-06-01,2026-06,Pulse Masoor (Washed),1 Kg,Gujranwala,220.0
2026-06-01,2026-06,Pulse Masoor (Washed),1 Kg,Sialkot,240.0
2026-06-01,2026-06,Pulse Masoor (Washed),1 Kg,Lahore,245.19
2026-06-01,2026-06,Pulse Masoor (Washed),1 Kg,Faisalabad,249.1
2026-06-01,2026-06,Pulse Masoor (Washed),1 Kg,Sargodha,253.29
2026-06-01,2026-06,Pulse Masoor (Washed),1 Kg,Multan,314.37
2026-06-01,2026-06,Pulse Masoor (Washed),1 Kg,Bahawalpur,246.62
2026-06-01,2026-06,Pulse Masoor (Washed),1 Kg,Karachi,261.19
2026-06-01,2026-06,Pulse Masoor (Washed),1 Kg,Hyderabad,250.32
2026-06-01,2026-06,Pulse Masoor (Washed),1 Kg,Sukkur,220.0
2026-06-01,2026-06,Pulse Masoor (Washed),1 Kg,Larkana,260.0
2026-06-01,2026-06,Pulse Masoor (Washed),1 Kg,Peshawar,246.53
2026-06-01,2026-06,Pulse Masoor (Washed),1 Kg,Bannu,260.0
2026-06-01,2026-06,Pulse Masoor (Washed),1 Kg,Quetta,289.93
2026-06-01,2026-06,Pulse Masoor (Washed),1 Kg,Khuzdar,275.89
2026-06-01,2026-06,Pulse Moong (Washed),1 Kg,National Average,384.47
2026-06-01,2026-06,Pulse Moong (Washed),1 Kg,Islamabad,413.61
2026-06-01,2026-06,Pulse Moong (Washed),1 Kg,Rawalpindi,397.07
2026-06-01,2026-06,Pulse Moong (Washed),1 Kg,Gujranwala,326.63
2026-06-01,2026-06,Pulse Moong (Washed),1 Kg,Sialkot,390.0
2026-06-01,2026-06,Pulse Moong (Washed),1 Kg,Lahore,364.37
2026-06-01,2026-06,Pulse Moong (Washed),1 Kg,Faisalabad,346.54
2026-06-01,2026-06,Pulse Moong (Washed),1 Kg,Sargodha,393.79
2026-06-01,2026-06,Pulse Moong (Washed),1 Kg,Multan,391.01
2026-06-01,2026-06,Pulse Moong (Washed),1 Kg,Bahawalpur,353.21
2026-06-01,2026-06,Pulse Moong (Washed),1 Kg,Karachi,382.4
2026-06-01,2026-06,Pulse Moong (Washed),1 Kg,Hyderabad,398.29
2026-06-01,2026-06,Pulse Moong (Washed),1 Kg,Sukkur,420.0
2026-06-01,2026-06,Pulse Moong (Washed),1 Kg,Larkana,405.91
2026-06-01,2026-06,Pulse Moong (Washed),1 Kg,Peshawar,370.0
2026-06-01,2026-06,Pulse Moong (Washed),1 Kg,Bannu,360.0
2026-06-01,2026-06,Pulse Moong (Washed),1 Kg,Quetta,449.95
2026-06-01,2026-06,Pulse Moong (Washed),1 Kg,Khuzdar,391.92
2026-06-01,2026-06,Pulse Mash (Washed),1 Kg,National Average,461.62
2026-06-01,2026-06,Pulse Mash (Washed),1 Kg,Islamabad,512.99
2026-06-01,2026-06,Pulse Mash (Washed),1 Kg,Rawalpindi,493.88
2026-06-01,2026-06,Pulse Mash (Washed),1 Kg,Gujranwala,420.0
2026-06-01,2026-06,Pulse Mash (Washed),1 Kg,Sialkot,450.0
2026-06-01,2026-06,Pulse Mash (Washed),1 Kg,Lahore,498.8
2026-06-01,2026-06,Pulse Mash (Washed),1 Kg,Faisalabad,421.86
2026-06-01,2026-06,Pulse Mash (Washed),1 Kg,Sargodha,473.31
2026-06-01,2026-06,Pulse Mash (Washed),1 Kg,Multan,488.7
2026-06-01,2026-06,Pulse Mash (Washed),1 Kg,Bahawalpur,379.73
2026-06-01,2026-06,Pulse Mash (Washed),1 Kg,Karachi,454.47
2026-06-01,2026-06,Pulse Mash (Washed),1 Kg,Hyderabad,420.38
2026-06-01,2026-06,Pulse Mash (Washed),1 Kg,Sukkur,470.0
2026-06-01,2026-06,Pulse Mash (Washed),1 Kg,Larkana,463.87
2026-06-01,2026-06,Pulse Mash (Washed),1 Kg,Peshawar,469.14
2026-06-01,2026-06,Pulse Mash (Washed),1 Kg,Bannu,500.0
2026-06-01,2026-06,Pulse Mash (Washed),1 Kg,Quetta,476.6
2026-06-01,2026-06,Pulse Mash (Washed),1 Kg,Khuzdar,476.22
2026-06-01,2026-06,Pulse Gram,1 Kg,National Average,245.61
2026-06-01,2026-06,Pulse Gram,1 Kg,Islamabad,282.78
2026-06-01,2026-06,Pulse Gram,1 Kg,Rawalpindi,279.81
2026-06-01,2026-06,Pulse Gram,1 Kg,Gujranwala,211.09
2026-06-01,2026-06,Pulse Gram,1 Kg,Sialkot,216.61
2026-06-01,2026-06,Pulse Gram,1 Kg,Lahore,233.53
2026-06-01,2026-06,Pulse Gram,1 Kg,Faisalabad,216.47
2026-06-01,2026-06,Pulse Gram,1 Kg,Sargodha,243.29
2026-06-01,2026-06,Pulse Gram,1 Kg,Multan,245.51
2026-06-01,2026-06,Pulse Gram,1 Kg,Bahawalpur,213.12
2026-06-01,2026-06,Pulse Gram,1 Kg,Karachi,254.07
2026-06-01,2026-06,Pulse Gram,1 Kg,Hyderabad,246.56
2026-06-01,2026-06,Pulse Gram,1 Kg,Sukkur,250.0
2026-06-01,2026-06,Pulse Gram,1 Kg,Larkana,252.14
2026-06-01,2026-06,Pulse Gram,1 Kg,Peshawar,254.22
2026-06-01,2026-06,Pulse Gram,1 Kg,Bannu,240.0
2026-06-01,2026-06,Pulse Gram,1 Kg,Quetta,259.92
2026-06-01,2026-06,Pulse Gram,1 Kg,Khuzdar,295.44
2026-06-01,2026-06,Potatoes,1 Kg,National Average,45.06
2026-06-01,2026-06,Potatoes,1 Kg,Islamabad,79.69
2026-06-01,2026-06,Potatoes,1 Kg,Rawalpindi,65.26
2026-06-01,2026-06,Potatoes,1 Kg,Gujranwala,35.83
2026-06-01,2026-06,Potatoes,1 Kg,Sialkot,40.0
2026-06-01,2026-06,Potatoes,1 Kg,Lahore,43.11
2026-06-01,2026-06,Potatoes,1 Kg,Faisalabad,35.2
2026-06-01,2026-06,Potatoes,1 Kg,Sargodha,38.83
2026-06-01,2026-06,Potatoes,1 Kg,Multan,46.84
2026-06-01,2026-06,Potatoes,1 Kg,Bahawalpur,28.23
2026-06-01,2026-06,Potatoes,1 Kg,Karachi,55.5
2026-06-01,2026-06,Potatoes,1 Kg,Hyderabad,46.13
2026-06-01,2026-06,Potatoes,1 Kg,Sukkur,40.0
2026-06-01,2026-06,Potatoes,1 Kg,Larkana,42.59
2026-06-01,2026-06,Potatoes,1 Kg,Peshawar,50.87
2026-06-01,2026-06,Potatoes,1 Kg,Bannu,31.98
2026-06-01,2026-06,Potatoes,1 Kg,Quetta,42.23
2026-06-01,2026-06,Potatoes,1 Kg,Khuzdar,74.91
2026-06-01,2026-06,Onions,1 Kg,National Average,90.5
2026-06-01,2026-06,Onions,1 Kg,Islamabad,120.08
2026-06-01,2026-06,Onions,1 Kg,Rawalpindi,108.51
2026-06-01,2026-06,Onions,1 Kg,Gujranwala,106.27
2026-06-01,2026-06,Onions,1 Kg,Sialkot,100.0
2026-06-01,2026-06,Onions,1 Kg,Lahore,96.99
2026-06-01,2026-06,Onions,1 Kg,Faisalabad,89.63
2026-06-01,2026-06,Onions,1 Kg,Sargodha,83.2
2026-06-01,2026-06,Onions,1 Kg,Multan,95.02
2026-06-01,2026-06,Onions,1 Kg,Bahawalpur,82.83
2026-06-01,2026-06,Onions,1 Kg,Karachi,85.97
2026-06-01,2026-06,Onions,1 Kg,Hyderabad,88.81
2026-06-01,2026-06,Onions,1 Kg,Sukkur,80.0
2026-06-01,2026-06,Onions,1 Kg,Larkana,72.85
2026-06-01,2026-06,Onions,1 Kg,Peshawar,97.65
2026-06-01,2026-06,Onions,1 Kg,Bannu,80.0
2026-06-01,2026-06,Onions,1 Kg,Quetta,84.02
2026-06-01,2026-06,Onions,1 Kg,Khuzdar,79.61
2026-06-01,2026-06,Tomatoes,1 Kg,National Average,96.24
2026-06-01,2026-06,Tomatoes,1 Kg,Islamabad,121.03
2026-06-01,2026-06,Tomatoes,1 Kg,Rawalpindi,116.19
2026-06-01,2026-06,Tomatoes,1 Kg,Gujranwala,96.55
2026-06-01,2026-06,Tomatoes,1 Kg,Sialkot,83.2
2026-06-01,2026-06,Tomatoes,1 Kg,Lahore,89.12
2026-06-01,2026-06,Tomatoes,1 Kg,Faisalabad,87.83
2026-06-01,2026-06,Tomatoes,1 Kg,Sargodha,112.12
2026-06-01,2026-06,Tomatoes,1 Kg,Multan,107.27
2026-06-01,2026-06,Tomatoes,1 Kg,Bahawalpur,98.08
2026-06-01,2026-06,Tomatoes,1 Kg,Karachi,109.0
2026-06-01,2026-06,Tomatoes,1 Kg,Hyderabad,104.28
2026-06-01,2026-06,Tomatoes,1 Kg,Sukkur,86.18
2026-06-01,2026-06,Tomatoes,1 Kg,Larkana,85.37
2026-06-01,2026-06,Tomatoes,1 Kg,Peshawar,83.11
2026-06-01,2026-06,Tomatoes,1 Kg,Bannu,72.68
2026-06-01,2026-06,Tomatoes,1 Kg,Quetta,120.62
2026-06-01,2026-06,Tomatoes,1 Kg,Khuzdar,82.01
2026-07-01,2026-07,Pulse Masoor (Washed),1 Kg,National Average,257.64
2026-07-01,2026-07,Pulse Masoor (Washed),1 Kg,Islamabad,293.87
2026-07-01,2026-07,Pulse Masoor (Washed),1 Kg,Rawalpindi,293.87
2026-07-01,2026-07,Pulse Masoor (Washed),1 Kg,Gujranwala,221.96
2026-07-01,2026-07,Pulse Masoor (Washed),1 Kg,Sialkot,240.0
2026-07-01,2026-07,Pulse Masoor (Washed),1 Kg,Lahore,239.14
2026-07-01,2026-07,Pulse Masoor (Washed),1 Kg,Faisalabad,249.1
2026-07-01,2026-07,Pulse Masoor (Washed),1 Kg,Sargodha,253.29
2026-07-01,2026-07,Pulse Masoor (Washed),1 Kg,Multan,314.37
2026-07-01,2026-07,Pulse Masoor (Washed),1 Kg,Bahawalpur,235.66
2026-07-01,2026-07,Pulse Masoor (Washed),1 Kg,Karachi,260.77
2026-07-01,2026-07,Pulse Masoor (Washed),1 Kg,Hyderabad,245.93
2026-07-01,2026-07,Pulse Masoor (Washed),1 Kg,Sukkur,223.86
2026-07-01,2026-07,Pulse Masoor (Washed),1 Kg,Larkana,280.0
2026-07-01,2026-07,Pulse Masoor (Washed),1 Kg,Peshawar,246.53
2026-07-01,2026-07,Pulse Masoor (Washed),1 Kg,Bannu,240.0
2026-07-01,2026-07,Pulse Masoor (Washed),1 Kg,Quetta,287.69
2026-07-01,2026-07,Pulse Masoor (Washed),1 Kg,Khuzdar,275.89
2026-07-01,2026-07,Pulse Moong (Washed),1 Kg,National Average,368.16
2026-07-01,2026-07,Pulse Moong (Washed),1 Kg,Islamabad,403.46
2026-07-01,2026-07,Pulse Moong (Washed),1 Kg,Rawalpindi,386.41
2026-07-01,2026-07,Pulse Moong (Washed),1 Kg,Gujranwala,283.89
2026-07-01,2026-07,Pulse Moong (Washed),1 Kg,Sialkot,381.87
2026-07-01,2026-07,Pulse Moong (Washed),1 Kg,Lahore,351.72
2026-07-01,2026-07,Pulse Moong (Washed),1 Kg,Faisalabad,346.54
2026-07-01,2026-07,Pulse Moong (Washed),1 Kg,Sargodha,328.36
2026-07-01,2026-07,Pulse Moong (Washed),1 Kg,Multan,391.01
2026-07-01,2026-07,Pulse Moong (Washed),1 Kg,Bahawalpur,307.17
2026-07-01,2026-07,Pulse Moong (Washed),1 Kg,Karachi,380.02
2026-07-01,2026-07,Pulse Moong (Washed),1 Kg,Hyderabad,399.49
2026-07-01,2026-07,Pulse Moong (Washed),1 Kg,Sukkur,415.92
2026-07-01,2026-07,Pulse Moong (Washed),1 Kg,Larkana,407.76
2026-07-01,2026-07,Pulse Moong (Washed),1 Kg,Peshawar,355.62
2026-07-01,2026-07,Pulse Moong (Washed),1 Kg,Bannu,327.85
2026-07-01,2026-07,Pulse Moong (Washed),1 Kg,Quetta,433.83
2026-07-01,2026-07,Pulse Moong (Washed),1 Kg,Khuzdar,396.42
2026-07-01,2026-07,Pulse Mash (Washed),1 Kg,National Average,453.55
2026-07-01,2026-07,Pulse Mash (Washed),1 Kg,Islamabad,512.99
2026-07-01,2026-07,Pulse Mash (Washed),1 Kg,Rawalpindi,493.88
2026-07-01,2026-07,Pulse Mash (Washed),1 Kg,Gujranwala,425.26
2026-07-01,2026-07,Pulse Mash (Washed),1 Kg,Sialkot,450.0
2026-07-01,2026-07,Pulse Mash (Washed),1 Kg,Lahore,477.69
2026-07-01,2026-07,Pulse Mash (Washed),1 Kg,Faisalabad,426.24
2026-07-01,2026-07,Pulse Mash (Washed),1 Kg,Sargodha,473.31
2026-07-01,2026-07,Pulse Mash (Washed),1 Kg,Multan,488.7
2026-07-01,2026-07,Pulse Mash (Washed),1 Kg,Bahawalpur,379.73
2026-07-01,2026-07,Pulse Mash (Washed),1 Kg,Karachi,445.49
2026-07-01,2026-07,Pulse Mash (Washed),1 Kg,Hyderabad,406.4
2026-07-01,2026-07,Pulse Mash (Washed),1 Kg,Sukkur,457.98
2026-07-01,2026-07,Pulse Mash (Washed),1 Kg,Larkana,464.14
2026-07-01,2026-07,Pulse Mash (Washed),1 Kg,Peshawar,463.43
2026-07-01,2026-07,Pulse Mash (Washed),1 Kg,Bannu,440.0
2026-07-01,2026-07,Pulse Mash (Washed),1 Kg,Quetta,455.88
2026-07-01,2026-07,Pulse Mash (Washed),1 Kg,Khuzdar,468.8
2026-07-01,2026-07,Pulse Gram,1 Kg,National Average,246.04
2026-07-01,2026-07,Pulse Gram,1 Kg,Islamabad,284.26
2026-07-01,2026-07,Pulse Gram,1 Kg,Rawalpindi,281.01
2026-07-01,2026-07,Pulse Gram,1 Kg,Gujranwala,217.09
2026-07-01,2026-07,Pulse Gram,1 Kg,Sialkot,220.0
2026-07-01,2026-07,Pulse Gram,1 Kg,Lahore,235.13
2026-07-01,2026-07,Pulse Gram,1 Kg,Faisalabad,216.47
2026-07-01,2026-07,Pulse Gram,1 Kg,Sargodha,243.29
2026-07-01,2026-07,Pulse Gram,1 Kg,Multan,245.51
2026-07-01,2026-07,Pulse Gram,1 Kg,Bahawalpur,213.12
2026-07-01,2026-07,Pulse Gram,1 Kg,Karachi,254.32
2026-07-01,2026-07,Pulse Gram,1 Kg,Hyderabad,242.26
2026-07-01,2026-07,Pulse Gram,1 Kg,Sukkur,250.0
2026-07-01,2026-07,Pulse Gram,1 Kg,Larkana,270.48
2026-07-01,2026-07,Pulse Gram,1 Kg,Peshawar,255.81
2026-07-01,2026-07,Pulse Gram,1 Kg,Bannu,230.0
2026-07-01,2026-07,Pulse Gram,1 Kg,Quetta,249.84
2026-07-01,2026-07,Pulse Gram,1 Kg,Khuzdar,293.18
2026-07-01,2026-07,Potatoes,1 Kg,National Average,54.98
2026-07-01,2026-07,Potatoes,1 Kg,Islamabad,79.69
2026-07-01,2026-07,Potatoes,1 Kg,Rawalpindi,65.03
2026-07-01,2026-07,Potatoes,1 Kg,Gujranwala,60.0
2026-07-01,2026-07,Potatoes,1 Kg,Sialkot,60.63
2026-07-01,2026-07,Potatoes,1 Kg,Lahore,54.84
2026-07-01,2026-07,Potatoes,1 Kg,Faisalabad,57.15
2026-07-01,2026-07,Potatoes,1 Kg,Sargodha,55.69
2026-07-01,2026-07,Potatoes,1 Kg,Multan,61.74
2026-07-01,2026-07,Potatoes,1 Kg,Bahawalpur,52.11
2026-07-01,2026-07,Potatoes,1 Kg,Karachi,57.55
2026-07-01,2026-07,Potatoes,1 Kg,Hyderabad,49.03
2026-07-01,2026-07,Potatoes,1 Kg,Sukkur,40.0
2026-07-01,2026-07,Potatoes,1 Kg,Larkana,43.09
2026-07-01,2026-07,Potatoes,1 Kg,Peshawar,57.39
2026-07-01,2026-07,Potatoes,1 Kg,Bannu,33.02
2026-07-01,2026-07,Potatoes,1 Kg,Quetta,49.52
2026-07-01,2026-07,Potatoes,1 Kg,Khuzdar,79.29
2026-07-01,2026-07,Onions,1 Kg,National Average,101.81
2026-07-01,2026-07,Onions,1 Kg,Islamabad,130.89
2026-07-01,2026-07,Onions,1 Kg,Rawalpindi,128.87
2026-07-01,2026-07,Onions,1 Kg,Gujranwala,118.11
2026-07-01,2026-07,Onions,1 Kg,Sialkot,102.58
2026-07-01,2026-07,Onions,1 Kg,Lahore,117.08
2026-07-01,2026-07,Onions,1 Kg,Faisalabad,100.0
2026-07-01,2026-07,Onions,1 Kg,Sargodha,95.2
2026-07-01,2026-07,Onions,1 Kg,Multan,102.53
2026-07-01,2026-07,Onions,1 Kg,Bahawalpur,102.24
2026-07-01,2026-07,Onions,1 Kg,Karachi,95.2
2026-07-01,2026-07,Onions,1 Kg,Hyderabad,104.22
2026-07-01,2026-07,Onions,1 Kg,Sukkur,83.65
2026-07-01,2026-07,Onions,1 Kg,Larkana,76.38
2026-07-01,2026-07,Onions,1 Kg,Peshawar,119.19
2026-07-01,2026-07,Onions,1 Kg,Bannu,95.64
2026-07-01,2026-07,Onions,1 Kg,Quetta,89.88
2026-07-01,2026-07,Onions,1 Kg,Khuzdar,87.47
2026-07-01,2026-07,Tomatoes,1 Kg,National Average,264.13
2026-07-01,2026-07,Tomatoes,1 Kg,Islamabad,319.17
2026-07-01,2026-07,Tomatoes,1 Kg,Rawalpindi,313.36
2026-07-01,2026-07,Tomatoes,1 Kg,Gujranwala,299.73
2026-07-01,2026-07,Tomatoes,1 Kg,Sialkot,299.26
2026-07-01,2026-07,Tomatoes,1 Kg,Lahore,281.86
2026-07-01,2026-07,Tomatoes,1 Kg,Faisalabad,278.85
2026-07-01,2026-07,Tomatoes,1 Kg,Sargodha,277.0
2026-07-01,2026-07,Tomatoes,1 Kg,Multan,266.58
2026-07-01,2026-07,Tomatoes,1 Kg,Bahawalpur,278.42
2026-07-01,2026-07,Tomatoes,1 Kg,Karachi,265.84
2026-07-01,2026-07,Tomatoes,1 Kg,Hyderabad,266.74
2026-07-01,2026-07,Tomatoes,1 Kg,Sukkur,230.31
2026-07-01,2026-07,Tomatoes,1 Kg,Larkana,218.75
2026-07-01,2026-07,Tomatoes,1 Kg,Peshawar,287.03
2026-07-01,2026-07,Tomatoes,1 Kg,Bannu,249.28
2026-07-01,2026-07,Tomatoes,1 Kg,Quetta,201.6
2026-07-01,2026-07,Tomatoes,1 Kg,Khuzdar,198.45
