Year_Month,Date,S_No,Commodity_Raw,Commodity,Target_Commodity,Category,Unit,National_Average_Price,Source_File,Islamabad,Rawalpindi,Gujranwala,Sialkot,Lahore,Faisalabad,Sargodha,Multan,Bahawalpur,Karachi,Hyderabad,Sukkur,Larkana,Peshawar,Bannu,Quetta,Khuzdar
2023-03,2023-03-01,1,Wheat Flour Bag 20 Kg,Wheat Flour Bag,,Cereals & Grains,20 Kg,2064.43,2023-03_Annexure1.pdf,1772.83,1758.99,1925.38,1633.74,1634.02,1633.74,1633.74,1999.39,1732.22,2842.15,2457.85,2367.36,2467.15,2259.05,2095.65,2783.35,2820.74
2023-03,2023-03-01,2,Rice Basmati Broken (Average Quality)1 Kg,Rice Basmati Broken (Average Quality),,Cereals & Grains,1 Kg,184.51,2023-03_Annexure1.pdf,200.6,202.35,170.0,155.92,200.57,204.37,176.6,178.8,163.93,216.76,194.46,191.36,179.31,189.25,157.7,214.87,157.22
2023-03,2023-03-01,3,Rice IRRI-6/9 (Sindh/Punjab) 1 Kg,Rice IRRI-6/9 (Sindh/Punjab),,Cereals & Grains,1 Kg,75.58,2023-03_Annexure1.pdf,131.36,118.27,81.87,133.91,163.86,147.72,166.6,139.61,171.53,100.0,135.91,146.59,160.0,128.84,136.58,135.21,127.55
2023-03,2023-03-01,4,Bread plain (Small Size) Each,Bread plain (Small Size),,Bakery & Confectionery,Each,101.11,2023-03_Annexure1.pdf,100.0,100.0,100.0,100.0,100.0,100.0,100.0,100.0,100.0,110.0,110.0,100.0,96.55,103.23,100.0,100.0,100.0
2023-03,2023-03-01,5,Beef with Bone (Average Quality) 1 Kg,Beef with Bone (Average Quality),,Meat & Poultry,1 Kg,710.4,2023-03_Annexure1.pdf,831.12,800.79,700.0,688.29,744.15,766.31,668.87,728.47,632.89,817.54,678.72,700.0,779.61,604.03,600.0,689.95,700.0
2023-03,2023-03-01,6,Mutton (Average Quality) 1 Kg,Mutton (Average Quality),,Meat & Poultry,1 Kg,1489.14,2023-03_Annexure1.pdf,1708.34,1662.47,1600.0,1558.29,1770.77,1532.62,1332.76,1634.77,1396.61,1637.36,1540.88,1400.0,1306.63,1321.92,1119.31,1568.97,1389.85
2023-03,2023-03-01,7,Chicken Farm Broiler (Live) 1 Kg,Chicken Farm Broiler (Live),,Meat & Poultry,1 Kg,395.45,2023-03_Annexure1.pdf,391.37,379.65,370.7,379.98,365.27,385.19,359.51,383.52,355.45,428.83,418.89,405.22,389.86,381.79,385.1,445.02,527.72
2023-03,2023-03-01,8,Milk fresh (Un-boiled) 1 Ltr,Milk fresh (Un-boiled),,Dairy & Eggs,1 Ltr,159.55,2023-03_Annexure1.pdf,190.28,186.39,151.95,120.0,141.06,150.0,126.58,141.73,120.0,207.78,162.58,160.0,200.0,187.39,149.78,191.27,164.59
2023-03,2023-03-01,9,Curd (Dahi) Loose 1 Kg,Curd (Dahi) Loose,,Dairy & Eggs,1 Kg,185.21,2023-03_Annexure1.pdf,204.6,204.41,171.95,140.0,165.94,170.0,160.0,161.73,146.59,299.26,239.27,170.0,215.85,198.53,160.0,208.94,189.07
2023-03,2023-03-01,10,Powdered Milk NIDO 390 gm PolybagEach,Powdered Milk NIDO 390 gm Polybag,,Dairy & Eggs,Each,681.7,2023-03_Annexure1.pdf,689.93,680.0,680.0,680.0,680.0,680.0,647.93,680.0,680.0,676.82,697.3,680.0,680.0,719.1,680.0,680.0,680.0
2023-03,2023-03-01,11,Eggs Hen (Farm) 1 Dozen,Eggs Hen (Farm),,Dairy & Eggs,1 Dozen,245.1,2023-03_Annexure1.pdf,250.54,245.16,242.26,243.87,237.98,250.9,237.79,228.56,233.8,251.85,233.21,247.72,237.61,245.48,255.23,258.84,269.3
2023-03,2023-03-01,12,Mustard Oil (Average Quality) 1 Kg,Mustard Oil (Average Quality),,Oils & Fats,1 Kg,589.72,2023-03_Annexure1.pdf,697.21,674.55,600.0,560.0,586.1,640.0,583.96,607.21,553.31,626.09,532.85,458.86,555.78,656.2,554.56,577.75,606.59
2023-03,2023-03-01,13,"Cooking Oil DALDA or Other Similar Brand (SN), 5 Litre TinEach","Cooking Oil DALDA or Other Similar Brand (SN), 5 Litre Tin",,Oils & Fats,Each,3313.57,2023-03_Annexure1.pdf,3329.64,3329.64,3290.16,3169.44,3349.64,3441.85,3510.0,3399.4,3359.98,3366.63,3373.03,3090.15,3175.0,3388.51,3116.58,3274.1,3400.0
2023-03,2023-03-01,14,Vegetable Ghee DALDA/HABIB 2.5 kg TinEach,Vegetable Ghee DALDA/HABIB 2.5 kg Tin,,Oils & Fats,Each,1549.22,2023-03_Annexure1.pdf,1569.81,1569.81,1547.5,1442.65,1579.81,1589.87,1620.91,1590.08,1587.3,1584.79,1579.81,1573.35,1457.74,1565.73,1384.95,1543.53,1570.0
2023-03,2023-03-01,15,Vegetable Ghee DALDA/HABIB or Other superior Quality 1 kg PouchEach,Vegetable Ghee DALDA/HABIB or Other superior Quality 1 kg Pouch,,Oils & Fats,Each,614.95,2023-03_Annexure1.pdf,615.64,612.92,618.38,612.92,623.6,629.26,618.38,625.18,620.95,614.41,620.12,614.67,586.82,632.05,570.0,616.92,625.0
2023-03,2023-03-01,16,Bananas (Kela) Local 1 Dozen,Bananas (Kela) Local,,Fruits,1 Dozen,200.92,2023-03_Annexure1.pdf,339.31,315.49,170.51,193.6,206.56,189.73,168.84,291.93,252.32,173.9,156.28,168.29,133.28,207.42,253.79,174.19,147.22
2023-03,2023-03-01,17,Pulse Masoor (Washed) 1 Kg,Pulse Masoor (Washed),Pulse Masoor (Washed),Pulses & Legumes,1 Kg,279.9,2023-03_Annexure1.pdf,299.81,292.67,261.97,251.97,259.0,283.76,306.63,272.15,277.18,295.15,286.54,271.82,275.83,271.66,250.65,314.97,296.63
2023-03,2023-03-01,18,Pulse Moong (Washed) 1 Kg,Pulse Moong (Washed),Pulse Moong (Washed),Pulses & Legumes,1 Kg,282.91,2023-03_Annexure1.pdf,298.06,273.81,267.82,253.88,263.7,252.96,296.63,279.96,273.17,298.72,284.87,315.96,283.89,269.32,258.52,340.94,313.19
2023-03,2023-03-01,19,Pulse Mash (Washed) 1 Kg,Pulse Mash (Washed),Pulse Mash (Washed),Pulses & Legumes,1 Kg,419.23,2023-03_Annexure1.pdf,455.66,446.63,429.28,429.0,422.35,419.87,433.31,442.51,424.59,439.6,433.92,420.0,372.36,435.96,425.79,454.98,280.0
2023-03,2023-03-01,20,Pulse Gram 1 Kg,Pulse Gram,Pulse Gram,Pulses & Legumes,1 Kg,255.62,2023-03_Annexure1.pdf,281.98,261.87,223.95,223.95,246.76,243.95,240.0,263.48,258.43,277.89,251.33,260.0,243.9,264.42,236.62,307.9,273.29
2023-03,2023-03-01,21,Potatoes 1 Kg,Potatoes,Potatoes,Vegetables,1 Kg,52.48,2023-03_Annexure1.pdf,74.82,63.77,52.06,49.32,57.05,49.43,50.2,51.23,55.78,48.43,44.21,43.73,42.74,65.31,51.44,50.24,51.86
2023-03,2023-03-01,22,Onions 1 Kg,Onions,Onions,Vegetables,1 Kg,134.16,2023-03_Annexure1.pdf,180.53,163.56,134.29,137.41,139.46,124.54,121.66,131.36,134.02,122.59,117.02,102.87,116.94,151.58,138.18,143.5,140.57
2023-03,2023-03-01,23,Tomatoes 1 Kg,Tomatoes,Tomatoes,Vegetables,1 Kg,64.76,2023-03_Annexure1.pdf,99.42,86.33,84.21,74.17,76.13,74.47,67.6,65.91,74.16,45.54,38.0,52.1,48.05,76.77,60.23,55.7,55.29
2023-03,2023-03-01,24,Sugar Refined 1 Kg,Sugar Refined,,Sugar & Sweeteners,1 Kg,104.21,2023-03_Annexure1.pdf,106.56,106.8,104.53,106.92,104.92,103.48,102.78,101.72,104.48,106.97,102.25,102.11,99.94,106.33,101.92,106.33,103.94
2023-03,2023-03-01,25,Gur (Average Quality) 1 Kg,Gur (Average Quality),,Sugar & Sweeteners,1 Kg,145.55,2023-03_Annexure1.pdf,159.8,159.19,137.19,160.0,146.13,143.92,140.5,128.93,133.25,162.12,160.81,141.94,124.45,140.0,129.74,169.8,146.59
2023-03,2023-03-01,26,Salt Powdered (NATIONAL/SHAN) 800 gm PacketEach,Salt Powdered (NATIONAL/SHAN) 800 gm Packet,,Condiments & Spices,Each,51.05,2023-03_Annexure1.pdf,57.15,57.15,50.0,60.0,50.0,53.78,56.46,60.0,50.0,48.6,50.0,40.0,40.0,50.0,50.0,50.0,50.0
2023-03,2023-03-01,27,Chilies Powder NATIONAL 200 gm PacketEach,Chilies Powder NATIONAL 200 gm Packet,,Condiments & Spices,Each,218.04,2023-03_Annexure1.pdf,215.0,215.0,215.0,229.67,215.0,215.0,215.0,229.67,215.0,229.67,215.0,215.0,215.0,223.88,215.0,215.0,215.0
2023-03,2023-03-01,28,Garlic (Lehsun) 1 Kg,Garlic (Lehsun),,Vegetables,1 Kg,394.95,2023-03_Annexure1.pdf,453.22,454.93,353.97,355.24,339.92,355.8,352.62,376.26,423.54,372.57,299.5,371.29,388.49,427.17,400.0,476.15,600.0
2023-03,2023-03-01,29,Tea Lipton Yellow Label 190 gm PacketEach,Tea Lipton Yellow Label 190 gm Packet,,Beverages,Each,464.81,2023-03_Annexure1.pdf,495.41,495.41,466.45,495.41,526.16,495.41,466.45,558.82,495.41,439.2,413.53,413.52,466.46,466.46,413.52,413.53,413.52
2023-03,2023-03-01,30,Cooked Beef at Average Hotel Per Plate,Cooked Beef at Average Hotel,,Food Away from Home,Per Plate,234.65,2023-03_Annexure1.pdf,223.63,233.04,300.0,218.67,202.76,300.0,243.29,259.62,220.0,275.88,266.5,200.0,240.0,158.41,150.0,278.93,293.18
2023-03,2023-03-01,31,Cooked Daal at Average Hotel Per Plate,Cooked Daal at Average Hotel,,Food Away from Home,Per Plate,121.4,2023-03_Annexure1.pdf,165.41,160.81,100.0,100.0,113.24,140.0,120.0,117.59,112.92,139.05,137.79,100.0,112.92,102.55,100.0,129.74,139.76
2023-03,2023-03-01,32,Tea Prepared Ordinary Per Cup,Tea Prepared Ordinary,,Food Away from Home,Per Cup,47.13,2023-03_Annexure1.pdf,50.0,47.82,49.26,40.0,42.18,50.0,50.0,50.0,40.0,58.04,62.2,50.0,46.42,33.02,46.42,43.73,50.0
2023-03,2023-03-01,33,Cigarettes Capstan 20'S Packet Each,Cigarettes Capstan 20'S Packet,,Tobacco,Each,221.92,2023-03_Annexure1.pdf,220.0,220.0,220.0,220.0,220.0,220.0,220.0,220.0,220.0,231.0,220.0,220.0,220.0,225.5,230.0,220.0,226.62
2023-03,2023-03-01,34,"Long Cloth 57"" Gul Ahmed/Al Karam 1 mtr","Long Cloth 57"" Gul Ahmed/Al Karam",,Textiles & Apparel,1 mtr,489.72,2023-03_Annexure1.pdf,503.1,479.6,571.0,450.0,511.25,438.43,565.31,570.0,400.67,437.02,493.24,500.0,400.0,642.0,460.0,586.57,400.0
2023-03,2023-03-01,35,Shirting (Average Quality) 1 mtr,Shirting (Average Quality),,Textiles & Apparel,1 mtr,327.02,2023-03_Annexure1.pdf,507.04,475.46,300.0,353.91,305.03,450.0,303.17,300.0,373.93,372.22,301.11,215.44,282.31,427.71,400.0,200.78,200.0
2023-03,2023-03-01,36,Lawn Printed Gul Ahmed/Al Karam 1 mtr,Lawn Printed Gul Ahmed/Al Karam,,Textiles & Apparel,1 mtr,496.5,2023-03_Annexure1.pdf,417.34,374.99,533.88,353.91,544.07,495.5,603.7,540.0,506.66,520.85,449.9,550.0,500.0,702.0,600.0,536.25,353.3
2023-03,2023-03-01,37,Georgette (Average Quality) 1 mtr,Georgette (Average Quality),,Textiles & Apparel,1 mtr,222.27,2023-03_Annexure1.pdf,303.47,292.12,200.0,283.89,286.28,171.23,313.19,188.63,175.68,269.3,194.51,206.46,250.0,189.84,160.0,187.57,200.0
2023-03,2023-03-01,38,Gents Sandal Bata Pair,Gents Sandal Bata,,Footwear,Pair,1499.0,2023-03_Annexure1.pdf,1499.0,1499.0,1499.0,1499.0,1499.0,1499.0,1499.0,1499.0,1499.0,1499.0,1499.0,1499.0,1499.0,1499.0,1499.0,1499.0,1499.0
2023-03,2023-03-01,39,Gents Sponge Chappal Bata Pair,Gents Sponge Chappal Bata,,Footwear,Pair,379.0,2023-03_Annexure1.pdf,379.0,379.0,379.0,379.0,379.0,379.0,379.0,379.0,379.0,379.0,379.0,379.0,379.0,379.0,379.0,379.0,379.0
2023-03,2023-03-01,40,Ladies Sandal Bata Pair,Ladies Sandal Bata,,Footwear,Pair,699.0,2023-03_Annexure1.pdf,699.0,699.0,699.0,699.0,699.0,699.0,699.0,699.0,699.0,699.0,699.0,699.0,699.0,699.0,699.0,699.0,699.0
2023-03,2023-03-01,41,Electricity Charges upto 50 Units Per Unit,Electricity Charges upto 50 Units,,Energy & Utilities,Per Unit,6.47,2023-03_Annexure1.pdf,6.47,6.47,6.47,6.47,6.47,6.47,6.47,6.47,6.47,6.47,6.47,6.47,6.47,6.47,6.47,6.47,6.47
2023-03,2023-03-01,42,Gas Charges upto,Gas Charges upto 3.3719 MMBTU,,Energy & Utilities,MMBTU,295.0,2023-03_Annexure1.pdf,3.3719,295.0,295.0,295.0,295.0,295.0,295.0,295.0,295.0,295.0,295.0,295.0,295.0,295.0,295.0,295.0,295.0
2023-03,2023-03-01,43,Firewood Whole 40 Kg,Firewood Whole,,Energy & Utilities,40 Kg,1091.64,2023-03_Annexure1.pdf,1643.17,1365.2,1232.45,1000.0,1336.09,1400.0,800.0,1208.19,1200.0,959.57,1000.0,700.0,816.33,1288.87,700.0,1449.43,1032.28
2023-03,2023-03-01,44,Energy Saver Philips 14 Watt Each,Energy Saver Philips 14 Watt,,Household Goods,Each,285.27,2023-03_Annexure1.pdf,256.62,241.54,400.0,400.0,210.0,350.0,343.3,400.0,200.0,280.0,261.66,212.13,280.0,240.0,250.0,350.0,300.0
2023-03,2023-03-01,45,Sufi Washing Soap 250 gm Cake Each,Sufi Washing Soap 250 gm Cake,,Personal & Household Care,Each,117.6,2023-03_Annexure1.pdf,127.94,127.4,120.0,110.0,120.98,121.48,120.0,115.0,130.0,113.35,113.9,116.84,108.75,122.98,125.0,110.0,100.0
2023-03,2023-03-01,46,Match Box Each,Match Box,,Household Goods,Each,5.06,2023-03_Annexure1.pdf,5.0,5.0,5.0,4.0,5.5,5.58,5.0,5.0,5.58,5.67,5.01,5.0,5.0,5.0,5.0,5.0,5.0
2023-03,2023-03-01,47,Petrol Super Per Litre,Petrol Super,,Fuel & Transport,Per Litre,270.91,2023-03_Annexure1.pdf,270.76,270.71,270.79,270.92,270.79,270.75,271.01,270.74,271.22,270.76,271.88,270.74,271.09,270.74,271.22,270.62,270.75
2023-03,2023-03-01,48,Hi-Speed Diesel Per Litre,Hi-Speed Diesel,,Fuel & Transport,Per Litre,288.62,2023-03_Annexure1.pdf,288.49,288.45,288.53,288.92,288.51,288.43,288.74,288.38,288.89,288.49,289.49,288.49,288.83,288.47,288.51,288.43,288.49
2023-03,2023-03-01,49,LPG,LPG 11.67 kg Cylinder,,Energy & Utilities,Each,3430.29,2023-03_Annexure1.pdf,11.67,3628.3,3646.94,3430.32,3500.22,3253.74,3239.82,3219.75,3292.25,3210.94,3289.83,3264.8,3383.44,3341.78,3501.0,3229.91,3654.3
2023-03,2023-03-01,50,Telephone Call Charges Per Minute,Telephone Call Charges,,Communication,Per Minute,1.79,2023-03_Annexure1.pdf,1.79,1.79,1.79,1.79,1.79,1.79,1.79,1.79,1.79,1.79,1.79,1.79,1.79,1.79,1.79,1.79,1.79
2023-03,2023-03-01,51,Toilet Soap LIFEBUOY 115 gm Each,Toilet Soap LIFEBUOY 115 gm,,Personal & Household Care,Each,89.74,2023-03_Annexure1.pdf,85.35,85.35,98.83,85.35,93.87,85.0,111.47,93.87,94.0,80.0,80.0,95.0,85.0,96.0,80.0,93.87,88.3
2023-04,2023-04-01,1,Wheat Flour Bag 20 Kg,Wheat Flour Bag,,Cereals & Grains,20 Kg,2658.97,2023-04_Annexure1.pdf,2945.03,2955.44,2663.46,2398.39,2316.0,2315.0,2774.99,2605.87,2470.12,2760.01,2786.64,2440.0,2472.13,2916.01,2890.44,2834.98,2812.42
2023-04,2023-04-01,2,Rice Basmati Broken (Average Quality)1 Kg,Rice Basmati Broken (Average Quality),,Cereals & Grains,1 Kg,193.59,2023-04_Annexure1.pdf,200.6,202.35,174.93,169.71,208.61,243.29,176.6,178.8,170.71,221.54,196.87,220.0,180.0,196.61,170.0,247.33,160.0
2023-04,2023-04-01,3,Rice IRRI-6/9 (Sindh/Punjab) 1 Kg,Rice IRRI-6/9 (Sindh/Punjab),,Cereals & Grains,1 Kg,76.98,2023-04_Annexure1.pdf,131.36,118.27,81.87,140.0,206.49,147.72,169.9,143.72,174.93,102.41,136.58,161.52,160.0,139.85,136.58,140.27,135.21
2023-04,2023-04-01,4,Bread plain (Small Size) Each,Bread plain (Small Size),,Bakery & Confectionery,Each,102.64,2023-04_Annexure1.pdf,108.77,108.0,100.0,100.0,104.88,102.41,100.0,100.0,102.41,110.0,110.0,100.0,96.55,103.23,100.0,100.0,100.0
2023-04,2023-04-01,5,Beef with Bone (Average Quality) 1 Kg,Beef with Bone (Average Quality),,Meat & Poultry,1 Kg,732.87,2023-04_Annexure1.pdf,862.88,820.44,700.0,750.0,792.21,766.31,750.0,750.0,632.89,827.83,678.72,700.0,782.97,630.36,637.12,729.81,700.0
2023-04,2023-04-01,6,Mutton (Average Quality) 1 Kg,Mutton (Average Quality),,Meat & Poultry,1 Kg,1541.71,2023-04_Annexure1.pdf,1772.16,1722.7,1600.0,1650.0,1825.89,1557.04,1400.0,1699.75,1400.0,1658.23,1540.88,1400.0,1524.4,1361.43,1200.0,1649.49,1400.0
2023-04,2023-04-01,7,Chicken Farm Broiler (Live) 1 Kg,Chicken Farm Broiler (Live),,Meat & Poultry,1 Kg,390.1,2023-04_Annexure1.pdf,386.29,375.85,354.02,367.26,349.46,367.41,350.6,386.07,353.64,433.94,411.65,393.59,412.25,373.55,394.89,433.92,521.32
2023-04,2023-04-01,8,Milk fresh (Un-boiled) 1 Ltr,Milk fresh (Un-boiled),,Dairy & Eggs,1 Ltr,165.09,2023-04_Annexure1.pdf,196.56,190.58,160.0,140.0,142.12,150.0,126.58,149.14,124.07,208.45,166.31,169.85,206.46,193.71,149.78,200.0,170.0
2023-04,2023-04-01,9,Curd (Dahi) Loose 1 Kg,Curd (Dahi) Loose,,Dairy & Eggs,1 Kg,190.76,2023-04_Annexure1.pdf,212.5,206.73,180.0,150.0,168.56,170.0,160.0,171.04,152.33,301.6,240.0,179.86,220.0,205.32,160.0,220.0,200.0
2023-04,2023-04-01,10,Powdered Milk NIDO 390 gm PolybagEach,Powdered Milk NIDO 390 gm Polybag,,Dairy & Eggs,Each,683.19,2023-04_Annexure1.pdf,698.31,680.0,680.0,680.0,680.0,680.0,660.0,680.0,680.0,677.8,700.0,680.0,680.0,720.0,680.0,680.0,680.0
2023-04,2023-04-01,11,Eggs Hen (Farm) 1 Dozen,Eggs Hen (Farm),,Dairy & Eggs,1 Dozen,266.27,2023-04_Annexure1.pdf,272.46,270.1,269.97,267.46,267.45,262.46,267.45,265.19,263.74,279.27,262.38,267.46,260.75,264.93,264.09,267.34,254.95
2023-04,2023-04-01,12,Mustard Oil (Average Quality) 1 Kg,Mustard Oil (Average Quality),,Oils & Fats,1 Kg,580.49,2023-04_Annexure1.pdf,697.21,674.55,600.0,560.0,586.1,640.0,583.29,577.74,530.65,624.32,510.3,449.89,529.05,666.26,507.8,584.92,606.59
2023-04,2023-04-01,13,"Cooking Oil DALDA or Other Similar Brand (SN), 5 Litre TinEach","Cooking Oil DALDA or Other Similar Brand (SN), 5 Litre Tin",,Oils & Fats,Each,3321.53,2023-04_Annexure1.pdf,3290.0,3290.0,3290.0,3290.0,3290.0,3290.0,3510.0,3510.0,3290.0,3290.0,3290.0,3250.0,3290.0,3290.0,3329.75,3290.0,3400.0
2023-04,2023-04-01,14,Vegetable Ghee DALDA/HABIB 2.5 kg TinEach,Vegetable Ghee DALDA/HABIB 2.5 kg Tin,,Oils & Fats,Each,1554.43,2023-04_Annexure1.pdf,1550.0,1550.0,1550.0,1550.0,1550.0,1550.0,1635.0,1635.0,1550.0,1550.0,1550.0,1550.0,1550.0,1550.0,1443.71,1550.0,1570.0
2023-04,2023-04-01,15,Vegetable Ghee DALDA/HABIB or Other superior Quality 1 kg PouchEach,Vegetable Ghee DALDA/HABIB or Other superior Quality 1 kg Pouch,,Oils & Fats,Each,604.04,2023-04_Annexure1.pdf,605.0,605.0,605.0,605.0,605.0,605.0,605.0,605.0,605.0,605.0,605.0,605.0,605.0,605.0,570.0,605.0,625.0
2023-04,2023-04-01,16,Bananas (Kela) Local 1 Dozen,Bananas (Kela) Local,,Fruits,1 Dozen,245.93,2023-04_Annexure1.pdf,417.25,373.69,235.8,230.0,234.36,250.33,239.75,312.59,300.0,194.52,204.69,200.0,175.38,270.34,319.35,177.19,184.8
2023-04,2023-04-01,17,Pulse Masoor (Washed) 1 Kg,Pulse Masoor (Washed),Pulse Masoor (Washed),Pulses & Legumes,1 Kg,279.43,2023-04_Annexure1.pdf,299.81,292.67,262.46,261.17,259.0,301.39,313.3,272.15,270.0,293.61,281.56,260.0,257.92,275.8,250.0,314.97,296.63
2023-04,2023-04-01,18,Pulse Moong (Washed) 1 Kg,Pulse Moong (Washed),Pulse Moong (Washed),Pulses & Legumes,1 Kg,280.94,2023-04_Annexure1.pdf,298.06,273.81,260.0,253.74,263.7,245.75,296.63,279.96,270.0,299.11,282.02,310.0,286.51,266.62,260.0,332.45,313.19
2023-04,2023-04-01,19,Pulse Mash (Washed) 1 Kg,Pulse Mash (Washed),Pulse Mash (Washed),Pulses & Legumes,1 Kg,428.08,2023-04_Annexure1.pdf,455.66,446.63,444.97,442.42,422.35,446.47,444.12,455.89,440.0,442.79,438.3,420.0,383.36,451.61,450.0,454.98,280.0
2023-04,2023-04-01,20,Pulse Gram 1 Kg,Pulse Gram,Pulse Gram,Pulses & Legumes,1 Kg,247.06,2023-04_Annexure1.pdf,274.97,257.4,220.0,220.0,236.58,225.74,226.62,251.05,240.0,264.66,238.62,260.0,240.0,263.58,231.6,289.93,273.29
2023-04,2023-04-01,21,Potatoes 1 Kg,Potatoes,Potatoes,Vegetables,1 Kg,67.93,2023-04_Annexure1.pdf,88.93,82.52,70.54,62.35,70.17,65.53,66.27,69.3,71.21,62.53,58.13,60.0,52.33,80.54,71.08,64.48,68.22
2023-04,2023-04-01,22,Onions 1 Kg,Onions,Onions,Vegetables,1 Kg,82.94,2023-04_Annexure1.pdf,116.48,111.29,80.63,76.24,81.37,71.74,78.83,64.99,77.39,85.77,79.81,69.64,63.15,97.74,81.4,92.83,101.52
2023-04,2023-04-01,23,Tomatoes 1 Kg,Tomatoes,Tomatoes,Vegetables,1 Kg,55.84,2023-04_Annexure1.pdf,90.41,87.46,77.03,68.45,68.36,58.01,57.97,44.96,45.15,58.02,47.68,27.83,32.27,72.72,58.56,52.15,46.42
2023-04,2023-04-01,24,Sugar Refined 1 Kg,Sugar Refined,,Sugar & Sweeteners,1 Kg,121.99,2023-04_Annexure1.pdf,127.2,126.54,122.23,122.47,123.15,121.59,118.98,118.0,120.0,127.01,120.1,117.1,117.47,124.8,117.47,127.99,122.66
2023-04,2023-04-01,25,Gur (Average Quality) 1 Kg,Gur (Average Quality),,Sugar & Sweeteners,1 Kg,156.81,2023-04_Annexure1.pdf,166.52,165.08,150.0,184.79,166.44,150.0,149.89,158.84,158.08,178.09,164.09,160.0,130.68,148.29,129.74,169.8,146.59
2023-04,2023-04-01,26,Salt Powdered (NATIONAL/SHAN) 800 gm PacketEach,Salt Powdered (NATIONAL/SHAN) 800 gm Packet,,Condiments & Spices,Each,52.4,2023-04_Annexure1.pdf,60.0,60.0,50.0,60.0,50.0,60.0,60.0,60.0,50.0,58.04,50.0,40.0,40.0,50.0,50.0,50.0,50.0
2023-04,2023-04-01,27,Chilies Powder NATIONAL 200 gm PacketEach,Chilies Powder NATIONAL 200 gm Packet,,Condiments & Spices,Each,215.0,2023-04_Annexure1.pdf,215.0,215.0,215.0,215.0,215.0,215.0,215.0,215.0,215.0,215.0,215.0,215.0,215.0,215.0,215.0,215.0,215.0
2023-04,2023-04-01,28,Garlic (Lehsun) 1 Kg,Garlic (Lehsun),,Vegetables,1 Kg,372.52,2023-04_Annexure1.pdf,445.98,438.28,356.64,357.47,275.01,347.1,355.77,330.93,400.0,319.18,285.6,355.9,345.77,415.28,400.0,409.02,600.0
2023-04,2023-04-01,29,Tea Lipton Yellow Label 190 gm PacketEach,Tea Lipton Yellow Label 190 gm Packet,,Beverages,Each,520.6,2023-04_Annexure1.pdf,558.82,558.82,558.82,558.82,558.82,558.82,558.82,558.82,558.82,558.82,480.72,413.52,558.82,558.82,413.52,480.72,413.52
2023-04,2023-04-01,30,Cooked Beef at Average Hotel Per Plate,Cooked Beef at Average Hotel,,Food Away from Home,Per Plate,241.31,2023-04_Annexure1.pdf,229.02,233.04,300.0,250.0,202.76,300.0,243.29,259.62,221.6,282.71,266.5,200.0,240.0,175.48,176.57,284.97,293.18
2023-04,2023-04-01,31,Cooked Daal at Average Hotel Per Plate,Cooked Daal at Average Hotel,,Food Away from Home,Per Plate,122.58,2023-04_Annexure1.pdf,167.12,162.71,100.0,100.0,113.24,140.0,120.0,117.59,114.65,142.05,145.33,100.0,116.41,104.83,100.0,129.74,139.76
2023-04,2023-04-01,32,Tea Prepared Ordinary Per Cup,Tea Prepared Ordinary,,Food Away from Home,Per Cup,47.91,2023-04_Annexure1.pdf,50.0,48.17,50.0,40.0,42.18,50.0,50.0,50.0,40.0,59.34,63.98,50.0,50.0,33.02,46.42,50.0,50.0
2023-04,2023-04-01,33,Cigarettes Capstan 20'S Packet Each,Cigarettes Capstan 20'S Packet,,Tobacco,Each,221.64,2023-04_Annexure1.pdf,220.0,220.0,220.0,220.0,220.0,220.0,220.0,220.0,220.0,231.19,220.0,220.0,220.0,225.5,224.94,220.0,226.62
2023-04,2023-04-01,34,"Long Cloth 57"" Gul Ahmed/Al Karam 1 mtr","Long Cloth 57"" Gul Ahmed/Al Karam",,Textiles & Apparel,1 mtr,508.96,2023-04_Annexure1.pdf,511.38,487.04,571.0,450.0,550.19,466.08,600.0,570.0,556.59,437.02,493.24,500.0,400.0,642.0,460.0,648.72,400.0
2023-04,2023-04-01,35,Shirting (Average Quality) 1 mtr,Shirting (Average Quality),,Textiles & Apparel,1 mtr,345.33,2023-04_Annexure1.pdf,517.27,485.91,300.0,370.0,361.63,462.01,418.69,372.24,376.64,372.22,311.51,215.44,282.31,435.94,400.0,209.84,200.0
2023-04,2023-04-01,36,Lawn Printed Gul Ahmed/Al Karam 1 mtr,Lawn Printed Gul Ahmed/Al Karam,,Textiles & Apparel,1 mtr,522.98,2023-04_Annexure1.pdf,428.65,379.07,550.0,370.0,669.96,553.24,646.66,562.53,556.59,550.0,489.9,550.0,500.0,702.0,600.0,598.61,353.3
2023-04,2023-04-01,37,Georgette (Average Quality) 1 mtr,Georgette (Average Quality),,Textiles & Apparel,1 mtr,235.34,2023-04_Annexure1.pdf,306.85,295.8,200.0,300.0,315.58,194.94,343.22,233.76,199.67,269.3,201.26,206.46,257.71,210.48,160.0,199.83,200.0
2023-04,2023-04-01,38,Gents Sandal Bata Pair,Gents Sandal Bata,,Footwear,Pair,1499.0,2023-04_Annexure1.pdf,1499.0,1499.0,1499.0,1499.0,1499.0,1499.0,1499.0,1499.0,1499.0,1499.0,1499.0,1499.0,1499.0,1499.0,1499.0,1499.0,1499.0
2023-04,2023-04-01,39,Gents Sponge Chappal Bata Pair,Gents Sponge Chappal Bata,,Footwear,Pair,379.0,2023-04_Annexure1.pdf,379.0,379.0,379.0,379.0,379.0,379.0,379.0,379.0,379.0,379.0,379.0,379.0,379.0,379.0,379.0,379.0,379.0
2023-04,2023-04-01,40,Ladies Sandal Bata Pair,Ladies Sandal Bata,,Footwear,Pair,699.0,2023-04_Annexure1.pdf,699.0,699.0,699.0,699.0,699.0,699.0,699.0,699.0,699.0,699.0,699.0,699.0,699.0,699.0,699.0,699.0,699.0
2023-04,2023-04-01,41,Electricity Charges upto 50 Units Per Unit,Electricity Charges upto 50 Units,,Energy & Utilities,Per Unit,6.23,2023-04_Annexure1.pdf,6.23,6.23,6.23,6.23,6.23,6.23,6.23,6.23,6.23,6.23,6.23,6.23,6.23,6.23,6.23,6.23,6.23
2023-04,2023-04-01,42,Gas Charges upto,Gas Charges upto 3.3719 MMBTU,,Energy & Utilities,MMBTU,295.0,2023-04_Annexure1.pdf,3.3719,295.0,295.0,295.0,295.0,295.0,295.0,295.0,295.0,295.0,295.0,295.0,295.0,295.0,295.0,295.0,295.0
2023-04,2023-04-01,43,Firewood Whole 40 Kg,Firewood Whole,,Energy & Utilities,40 Kg,1087.67,2023-04_Annexure1.pdf,1643.17,1365.2,1232.45,1000.0,1336.09,1400.0,800.0,1208.19,1200.0,963.74,1000.0,700.0,816.33,1206.14,700.0,1449.43,1032.28
2023-04,2023-04-01,44,Energy Saver Philips 14 Watt Each,Energy Saver Philips 14 Watt,,Household Goods,Each,285.29,2023-04_Annexure1.pdf,256.62,241.8,400.0,400.0,210.0,350.0,343.3,400.0,200.0,280.0,261.66,212.13,280.0,240.0,250.0,350.0,300.0
2023-04,2023-04-01,45,Sufi Washing Soap 250 gm Cake Each,Sufi Washing Soap 250 gm Cake,,Personal & Household Care,Each,121.44,2023-04_Annexure1.pdf,130.0,130.0,120.0,110.0,125.0,130.0,127.42,122.42,132.43,120.37,123.73,127.42,108.75,127.89,125.0,110.0,100.0
2023-04,2023-04-01,46,Match Box Each,Match Box,,Household Goods,Each,5.24,2023-04_Annexure1.pdf,5.0,5.0,5.0,4.47,5.5,6.0,5.0,5.56,6.0,6.0,5.31,5.48,5.0,5.0,5.0,5.0,5.0
2023-04,2023-04-01,47,Petrol Super Per Litre,Petrol Super,,Fuel & Transport,Per Litre,277.85,2023-04_Annexure1.pdf,277.73,277.69,277.75,277.9,277.75,277.75,277.98,277.71,278.25,277.73,278.88,277.73,278.06,277.7,277.56,277.54,277.73
2023-04,2023-04-01,48,Hi-Speed Diesel Per Litre,Hi-Speed Diesel,,Fuel & Transport,Per Litre,293.92,2023-04_Annexure1.pdf,293.77,293.73,293.8,294.43,293.8,293.7,294.02,293.59,294.22,293.77,294.85,293.8,294.1,293.75,293.8,293.7,293.77
2023-04,2023-04-01,49,LPG,LPG 11.67 kg Cylinder,,Energy & Utilities,Each,3242.1,2023-04_Annexure1.pdf,11.67,3474.91,3576.44,3548.9,3556.86,3278.04,3327.25,2974.68,3415.41,3323.46,3351.57,3350.22,3308.2,3235.22,3354.74,3146.13,3387.19
2023-04,2023-04-01,50,Telephone Call Charges Per Minute,Telephone Call Charges,,Communication,Per Minute,1.79,2023-04_Annexure1.pdf,1.79,1.79,1.79,1.79,1.79,1.79,1.79,1.79,1.79,1.79,1.79,1.79,1.79,1.79,1.79,1.79,1.79
2023-04,2023-04-01,51,Toilet Soap LIFEBUOY 115 gm Each,Toilet Soap LIFEBUOY 115 gm,,Personal & Household Care,Each,91.13,2023-04_Annexure1.pdf,91.12,93.87,98.83,85.35,93.87,85.0,106.58,93.87,94.0,87.07,80.0,97.41,85.0,99.59,80.0,93.87,88.3
2023-05,2023-05-01,1,Wheat Flour Bag 20 Kg,Wheat Flour Bag,,Cereals & Grains,20 Kg,2696.4,2023-05_Annexure1.pdf,3030.11,3022.92,2566.28,2532.63,2655.5,2392.76,2549.59,2441.77,2455.91,2842.44,2786.64,2504.62,2513.22,3026.85,2927.86,2942.41,2800.0
2023-05,2023-05-01,2,Rice Basmati Broken (Average Quality)1 Kg,Rice Basmati Broken (Average Quality),,Cereals & Grains,1 Kg,201.2,2023-05_Annexure1.pdf,219.88,218.62,182.45,189.9,208.84,241.64,176.6,196.55,176.6,230.22,203.2,220.0,189.42,202.45,170.0,262.34,160.0
2023-05,2023-05-01,3,Rice IRRI-6/9 (Sindh/Punjab) 1 Kg,Rice IRRI-6/9 (Sindh/Punjab),,Cereals & Grains,1 Kg,79.4,2023-05_Annexure1.pdf,131.36,118.27,81.87,140.0,219.07,159.43,173.27,146.52,174.93,114.89,140.63,174.93,160.0,144.94,139.02,144.56,140.27
2023-05,2023-05-01,4,Bread plain (Small Size) Each,Bread plain (Small Size),,Bakery & Confectionery,Each,106.08,2023-05_Annexure1.pdf,118.31,116.64,110.0,100.0,110.0,110.0,100.0,110.0,110.0,110.0,110.0,100.0,98.26,103.23,100.0,100.0,100.0
2023-05,2023-05-01,5,Beef with Bone (Average Quality) 1 Kg,Beef with Bone (Average Quality),,Meat & Poultry,1 Kg,752.05,2023-05_Annexure1.pdf,883.01,854.94,741.15,762.2,836.97,766.31,750.0,754.05,649.68,867.41,686.93,700.0,782.97,667.77,650.0,789.57,700.0
2023-05,2023-05-01,6,Mutton (Average Quality) 1 Kg,Mutton (Average Quality),,Meat & Poultry,1 Kg,1595.63,2023-05_Annexure1.pdf,1873.75,1807.4,1800.0,1686.29,1942.04,1657.12,1400.0,1705.48,1432.57,1738.35,1549.19,1400.0,1549.2,1538.21,1200.0,1649.49,1400.0
2023-05,2023-05-01,7,Chicken Farm Broiler (Live) 1 Kg,Chicken Farm Broiler (Live),,Meat & Poultry,1 Kg,435.21,2023-05_Annexure1.pdf,435.95,426.17,414.54,424.54,403.22,443.42,414.92,429.72,396.49,434.04,415.79,442.25,449.3,428.44,432.66,479.57,547.12
2023-05,2023-05-01,8,Milk fresh (Un-boiled) 1 Ltr,Milk fresh (Un-boiled),,Dairy & Eggs,1 Ltr,169.95,2023-05_Annexure1.pdf,196.56,191.43,184.23,140.0,143.88,152.44,127.43,150.0,130.8,208.45,189.33,180.0,213.12,193.09,149.78,200.0,176.6
2023-05,2023-05-01,9,Curd (Dahi) Loose 1 Kg,Curd (Dahi) Loose,,Dairy & Eggs,1 Kg,195.68,2023-05_Annexure1.pdf,213.16,209.0,201.71,160.0,170.93,172.45,160.0,181.59,160.0,302.98,248.05,190.0,220.0,207.57,160.0,220.0,200.0
2023-05,2023-05-01,10,Powdered Milk NIDO 390 gm PolybagEach,Powdered Milk NIDO 390 gm Polybag,,Dairy & Eggs,Each,724.15,2023-05_Annexure1.pdf,740.0,740.0,740.0,740.0,694.53,724.52,724.52,740.0,724.52,696.9,724.57,702.38,724.84,729.93,687.46,740.0,740.0
2023-05,2023-05-01,11,Eggs Hen (Farm) 1 Dozen,Eggs Hen (Farm),,Dairy & Eggs,1 Dozen,280.08,2023-05_Annexure1.pdf,287.76,286.2,279.91,284.96,280.91,285.64,280.91,272.95,276.64,289.35,275.79,274.95,272.37,278.54,276.53,278.68,280.0
2023-05,2023-05-01,12,Mustard Oil (Average Quality) 1 Kg,Mustard Oil (Average Quality),,Oils & Fats,1 Kg,568.78,2023-05_Annexure1.pdf,697.21,674.55,540.0,560.0,586.1,640.0,546.65,577.74,543.28,595.22,509.9,427.18,488.17,666.26,498.3,584.92,606.59
2023-05,2023-05-01,13,"Cooking Oil DALDA or Other Similar Brand (SN), 5 Litre TinEach","Cooking Oil DALDA or Other Similar Brand (SN), 5 Litre Tin",,Oils & Fats,Each,3299.89,2023-05_Annexure1.pdf,3290.0,3290.0,3290.0,3290.0,3290.0,3290.0,3453.66,3429.79,3290.0,3290.0,3290.0,3250.0,3290.0,3290.0,3111.0,3277.43,3400.0
2023-05,2023-05-01,14,Vegetable Ghee DALDA/HABIB 2.5 kg TinEach,Vegetable Ghee DALDA/HABIB 2.5 kg Tin,,Oils & Fats,Each,1547.12,2023-05_Annexure1.pdf,1550.0,1550.0,1550.0,1550.0,1550.0,1550.0,1613.32,1591.93,1550.0,1550.0,1550.0,1550.0,1550.0,1550.0,1386.99,1550.0,1570.0
2023-05,2023-05-01,15,Vegetable Ghee DALDA/HABIB or Other superior Quality 1 kg PouchEach,Vegetable Ghee DALDA/HABIB or Other superior Quality 1 kg Pouch,,Oils & Fats,Each,602.45,2023-05_Annexure1.pdf,602.48,602.48,605.0,605.0,604.28,605.0,605.0,599.94,605.0,605.0,605.0,605.0,605.0,605.0,554.98,605.0,625.0
2023-05,2023-05-01,16,Bananas (Kela) Local 1 Dozen,Bananas (Kela) Local,,Fruits,1 Dozen,238.46,2023-05_Annexure1.pdf,381.04,338.44,249.9,234.95,253.61,228.94,210.61,339.73,300.0,175.13,165.37,200.0,201.26,257.66,239.48,198.88,193.1
2023-05,2023-05-01,17,Pulse Masoor (Washed) 1 Kg,Pulse Masoor (Washed),Pulse Masoor (Washed),Pulses & Legumes,1 Kg,284.68,2023-05_Annexure1.pdf,299.81,292.67,267.46,263.74,268.79,301.39,313.3,285.44,270.0,302.57,283.85,260.0,266.21,280.0,272.75,324.97,296.63
2023-05,2023-05-01,18,Pulse Moong (Washed) 1 Kg,Pulse Moong (Washed),Pulse Moong (Washed),Pulses & Legumes,1 Kg,282.93,2023-05_Annexure1.pdf,298.06,273.81,257.46,257.46,267.03,259.81,296.63,275.16,270.0,304.1,286.92,310.0,287.95,269.93,255.72,342.45,313.19
2023-05,2023-05-01,19,Pulse Mash (Washed) 1 Kg,Pulse Mash (Washed),Pulse Mash (Washed),Pulses & Legumes,1 Kg,443.43,2023-05_Annexure1.pdf,465.58,451.25,460.0,453.74,443.59,454.88,449.12,471.27,445.75,453.46,471.14,420.0,464.76,460.51,457.48,482.46,280.0
2023-05,2023-05-01,20,Pulse Gram 1 Kg,Pulse Gram,Pulse Gram,Pulses & Legumes,1 Kg,250.32,2023-05_Annexure1.pdf,277.65,256.41,230.74,234.97,236.58,233.29,239.15,251.32,251.64,265.81,242.04,260.0,240.0,262.75,224.94,284.7,273.29
2023-05,2023-05-01,21,Potatoes 1 Kg,Potatoes,Potatoes,Vegetables,1 Kg,79.51,2023-05_Annexure1.pdf,105.67,96.85,86.18,69.76,79.8,73.91,74.84,82.01,84.85,71.57,70.54,70.0,64.8,89.07,87.8,74.89,80.0
2023-05,2023-05-01,22,Onions 1 Kg,Onions,Onions,Vegetables,1 Kg,56.33,2023-05_Annexure1.pdf,82.75,74.75,56.19,57.19,57.29,47.85,48.75,51.77,54.77,54.21,51.15,52.33,45.41,69.05,48.91,59.65,57.93
2023-05,2023-05-01,23,Tomatoes 1 Kg,Tomatoes,Tomatoes,Vegetables,1 Kg,42.26,2023-05_Annexure1.pdf,74.19,69.19,48.75,38.84,40.58,40.32,40.0,28.76,32.24,54.41,49.03,23.78,22.21,57.1,41.2,47.13,47.52
2023-05,2023-05-01,24,Sugar Refined 1 Kg,Sugar Refined,,Sugar & Sweeteners,1 Kg,119.94,2023-05_Annexure1.pdf,125.57,123.81,118.99,118.73,118.9,116.4,116.98,113.88,117.89,123.53,118.24,113.99,114.49,123.06,115.25,135.74,125.6
2023-05,2023-05-01,25,Gur (Average Quality) 1 Kg,Gur (Average Quality),,Sugar & Sweeteners,1 Kg,171.46,2023-05_Annexure1.pdf,173.53,171.18,162.28,200.0,172.8,159.85,175.62,187.55,196.57,213.87,169.02,174.78,140.0,154.09,129.74,187.27,167.57
2023-05,2023-05-01,26,Salt Powdered (NATIONAL/SHAN) 800 gm PacketEach,Salt Powdered (NATIONAL/SHAN) 800 gm Packet,,Condiments & Spices,Each,52.64,2023-05_Annexure1.pdf,60.0,60.0,50.0,60.0,52.33,60.0,60.0,60.0,50.0,60.0,50.0,40.0,40.0,50.0,50.0,50.0,50.0
2023-05,2023-05-01,27,Chilies Powder NATIONAL 200 gm PacketEach,Chilies Powder NATIONAL 200 gm Packet,,Condiments & Spices,Each,215.0,2023-05_Annexure1.pdf,215.0,215.0,215.0,215.0,215.0,215.0,215.0,215.0,215.0,215.0,215.0,215.0,215.0,215.0,215.0,215.0,215.0
2023-05,2023-05-01,28,Garlic (Lehsun) 1 Kg,Garlic (Lehsun),,Vegetables,1 Kg,342.99,2023-05_Annexure1.pdf,445.42,435.15,356.64,344.96,262.17,300.0,314.12,317.71,386.38,335.39,316.98,295.06,262.23,393.46,353.92,379.78,400.0
2023-05,2023-05-01,29,Tea Lipton Yellow Label 190 gm PacketEach,Tea Lipton Yellow Label 190 gm Packet,,Beverages,Each,545.37,2023-05_Annexure1.pdf,558.82,558.82,558.82,558.82,558.82,558.82,558.82,558.82,558.82,558.82,558.82,499.06,558.82,558.82,480.71,558.82,480.71
2023-05,2023-05-01,30,Cooked Beef at Average Hotel Per Plate,Cooked Beef at Average Hotel,,Food Away from Home,Per Plate,250.72,2023-05_Annexure1.pdf,250.73,238.2,336.77,250.0,215.25,300.0,248.31,259.62,239.78,285.06,266.5,200.0,240.0,176.6,211.47,304.97,293.18
2023-05,2023-05-01,31,Cooked Daal at Average Hotel Per Plate,Cooked Daal at Average Hotel,,Food Away from Home,Per Plate,126.98,2023-05_Annexure1.pdf,177.14,169.5,114.65,100.0,132.28,140.0,120.0,117.59,126.33,142.44,145.75,100.0,120.0,104.83,100.0,139.76,139.76
2023-05,2023-05-01,32,Tea Prepared Ordinary Per Cup,Tea Prepared Ordinary,,Food Away from Home,Per Cup,49.4,2023-05_Annexure1.pdf,57.98,54.77,57.33,40.0,42.18,50.0,50.0,50.0,40.0,59.59,64.81,50.0,50.0,33.02,46.42,54.77,50.0
2023-05,2023-05-01,33,Cigarettes Capstan 20'S Packet Each,Cigarettes Capstan 20'S Packet,,Tobacco,Each,221.35,2023-05_Annexure1.pdf,220.0,220.0,220.0,220.0,220.0,220.0,220.0,220.0,220.0,231.19,220.0,220.0,220.0,225.5,220.0,220.0,226.62
2023-05,2023-05-01,34,"Long Cloth 57"" Gul Ahmed/Al Karam 1 mtr","Long Cloth 57"" Gul Ahmed/Al Karam",,Textiles & Apparel,1 mtr,512.42,2023-05_Annexure1.pdf,511.38,487.04,571.0,450.0,550.19,466.08,606.15,570.0,556.59,437.02,493.24,500.0,400.0,642.0,510.91,648.72,400.0
2023-05,2023-05-01,35,Shirting (Average Quality) 1 mtr,Shirting (Average Quality),,Textiles & Apparel,1 mtr,350.81,2023-05_Annexure1.pdf,517.27,485.91,300.0,370.0,361.63,466.08,472.96,400.0,376.64,372.22,313.19,215.44,282.31,444.32,411.95,212.3,200.0
2023-05,2023-05-01,36,Lawn Printed Gul Ahmed/Al Karam 1 mtr,Lawn Printed Gul Ahmed/Al Karam,,Textiles & Apparel,1 mtr,525.82,2023-05_Annexure1.pdf,428.65,379.07,550.0,370.0,669.96,566.19,647.49,586.0,556.59,550.0,493.24,550.0,500.0,702.0,612.13,598.61,353.3
2023-05,2023-05-01,37,Georgette (Average Quality) 1 mtr,Georgette (Average Quality),,Textiles & Apparel,1 mtr,239.34,2023-05_Annexure1.pdf,306.85,295.8,200.0,300.0,315.58,199.87,346.63,251.09,226.47,269.3,201.26,206.46,265.66,215.67,160.0,199.83,200.0
2023-05,2023-05-01,38,Gents Sandal Bata Pair,Gents Sandal Bata,,Footwear,Pair,1999.0,2023-05_Annexure1.pdf,1999.0,1999.0,1999.0,1999.0,1999.0,1999.0,1999.0,1999.0,1999.0,1999.0,1999.0,1999.0,1999.0,1999.0,1999.0,1999.0,1999.0
2023-05,2023-05-01,39,Gents Sponge Chappal Bata Pair,Gents Sponge Chappal Bata,,Footwear,Pair,599.0,2023-05_Annexure1.pdf,599.0,599.0,599.0,599.0,599.0,599.0,599.0,599.0,599.0,599.0,599.0,599.0,599.0,599.0,599.0,599.0,599.0
2023-05,2023-05-01,40,Ladies Sandal Bata Pair,Ladies Sandal Bata,,Footwear,Pair,799.0,2023-05_Annexure1.pdf,799.0,799.0,799.0,799.0,799.0,799.0,799.0,799.0,799.0,799.0,799.0,799.0,799.0,799.0,799.0,799.0,799.0
2023-05,2023-05-01,41,Electricity Charges upto 50 Units Per Unit,Electricity Charges upto 50 Units,,Energy & Utilities,Per Unit,6.15,2023-05_Annexure1.pdf,6.15,6.15,6.15,6.15,6.15,6.15,6.15,6.15,6.15,6.15,6.15,6.15,6.15,6.15,6.15,6.15,6.15
2023-05,2023-05-01,42,Gas Charges upto,Gas Charges upto 3.3719 MMBTU,,Energy & Utilities,MMBTU,295.0,2023-05_Annexure1.pdf,3.3719,295.0,295.0,295.0,295.0,295.0,295.0,295.0,295.0,295.0,295.0,295.0,295.0,295.0,295.0,295.0,295.0
2023-05,2023-05-01,43,Firewood Whole 40 Kg,Firewood Whole,,Energy & Utilities,40 Kg,1081.83,2023-05_Annexure1.pdf,1643.17,1365.2,1265.77,1000.0,1336.09,1400.0,800.0,1208.19,1200.0,965.13,1000.0,700.0,816.33,1119.69,700.0,1385.37,1032.28
2023-05,2023-05-01,44,Energy Saver Philips 14 Watt Each,Energy Saver Philips 14 Watt,,Household Goods,Each,291.91,2023-05_Annexure1.pdf,263.95,250.93,400.0,400.0,210.0,350.0,386.23,465.3,200.0,280.0,261.66,212.13,296.06,240.0,250.0,350.0,300.0
2023-05,2023-05-01,45,Sufi Washing Soap 250 gm Cake Each,Sufi Washing Soap 250 gm Cake,,Personal & Household Care,Each,124.68,2023-05_Annexure1.pdf,134.9,134.41,127.42,125.0,125.0,130.0,130.0,125.0,133.25,121.4,125.0,130.0,108.75,130.0,125.0,120.0,100.0
2023-05,2023-05-01,46,Match Box Each,Match Box,,Household Goods,Each,5.35,2023-05_Annexure1.pdf,5.0,5.0,5.0,5.0,6.0,6.0,5.0,6.0,6.0,6.0,5.31,6.0,5.0,5.0,5.0,5.0,5.0
2023-05,2023-05-01,47,Petrol Super Per Litre,Petrol Super,,Fuel & Transport,Per Litre,276.84,2023-05_Annexure1.pdf,276.71,276.68,276.73,276.89,276.72,276.68,276.96,276.71,277.24,276.72,277.89,276.73,277.04,276.7,276.56,276.53,276.72
2023-05,2023-05-01,48,Hi-Speed Diesel Per Litre,Hi-Speed Diesel,,Fuel & Transport,Per Litre,273.5,2023-05_Annexure1.pdf,273.37,273.34,273.39,273.54,273.38,273.29,273.63,273.38,273.84,273.38,274.51,273.39,273.69,273.35,273.39,273.29,273.38
2023-05,2023-05-01,49,LPG,LPG 11.67 kg Cylinder,,Energy & Utilities,Each,3300.0,2023-05_Annexure1.pdf,11.67,3358.85,3503.87,3464.81,3408.33,3242.95,3171.43,3197.6,3231.44,3086.76,3224.45,3108.25,3327.0,3333.02,3378.58,3123.89,3287.37
2023-05,2023-05-01,50,Telephone Call Charges Per Minute,Telephone Call Charges,,Communication,Per Minute,1.79,2023-05_Annexure1.pdf,1.79,1.79,1.79,1.79,1.79,1.79,1.79,1.79,1.79,1.79,1.79,1.79,1.79,1.79,1.79,1.79,1.79
2023-05,2023-05-01,51,Toilet Soap LIFEBUOY 115 gm Each,Toilet Soap LIFEBUOY 115 gm,,Personal & Household Care,Each,98.92,2023-05_Annexure1.pdf,111.47,111.47,98.83,94.17,106.78,94.09,105.0,106.78,106.83,95.0,98.58,105.0,85.0,103.32,80.0,97.99,88.3
2023-06,2023-06-01,1,Wheat Flour Bag 20 Kg,Wheat Flour Bag,,Cereals & Grains,20 Kg,2535.89,2023-06_Annexure1.pdf,2625.9,2617.39,2486.78,2463.65,2470.7,2316.19,2465.17,2410.94,2415.43,2773.67,2786.64,2494.71,2483.23,2517.55,2535.76,2672.2,2624.88
2023-06,2023-06-01,2,Rice Basmati Broken (Average Quality)1 Kg,Rice Basmati Broken (Average Quality),,Cereals & Grains,1 Kg,206.51,2023-06_Annexure1.pdf,228.61,224.53,190.0,195.0,217.04,226.47,183.23,196.55,179.9,249.39,206.86,220.0,213.12,210.0,170.0,269.92,160.0
2023-06,2023-06-01,3,Rice IRRI-6/9 (Sindh/Punjab) 1 Kg,Rice IRRI-6/9 (Sindh/Punjab),,Cereals & Grains,1 Kg,84.34,2023-06_Annexure1.pdf,144.68,124.0,81.87,140.0,231.6,160.0,173.27,150.55,174.93,139.44,146.37,176.6,160.0,144.94,146.59,149.73,144.56
2023-06,2023-06-01,4,Bread plain (Small Size) Each,Bread plain (Small Size),,Bakery & Confectionery,Each,106.74,2023-06_Annexure1.pdf,118.31,116.72,110.0,100.0,110.0,110.0,100.0,110.0,110.0,120.0,110.0,100.0,100.0,103.23,100.0,100.0,100.0
2023-06,2023-06-01,5,Beef with Bone (Average Quality) 1 Kg,Beef with Bone (Average Quality),,Meat & Poultry,1 Kg,775.25,2023-06_Annexure1.pdf,918.1,913.42,766.31,800.0,836.97,766.31,750.0,821.85,706.67,893.18,712.18,700.0,782.97,676.51,687.15,809.96,700.0
2023-06,2023-06-01,6,Mutton (Average Quality) 1 Kg,Mutton (Average Quality),,Meat & Poultry,1 Kg,1629.73,2023-06_Annexure1.pdf,1936.84,1899.19,1800.0,1800.0,1942.04,1732.7,1400.0,1800.0,1465.9,1781.81,1574.39,1400.0,1565.95,1538.21,1247.15,1649.49,1400.0
2023-06,2023-06-01,7,Chicken Farm Broiler (Live) 1 Kg,Chicken Farm Broiler (Live),,Meat & Poultry,1 Kg,451.37,2023-06_Annexure1.pdf,448.74,437.85,422.16,432.16,424.1,433.54,417.42,442.29,411.02,482.68,465.79,454.75,461.47,441.04,451.16,505.68,564.26
2023-06,2023-06-01,8,Milk fresh (Un-boiled) 1 Ltr,Milk fresh (Un-boiled),,Dairy & Eggs,1 Ltr,174.51,2023-06_Annexure1.pdf,197.2,195.16,200.0,140.0,147.86,160.0,139.88,152.16,133.25,215.53,198.3,189.74,213.12,193.09,151.51,200.0,176.6
2023-06,2023-06-01,9,Curd (Dahi) Loose 1 Kg,Curd (Dahi) Loose,,Dairy & Eggs,1 Kg,201.04,2023-06_Annexure1.pdf,214.22,215.12,220.0,160.0,175.74,180.0,168.1,182.65,160.0,312.53,269.81,204.45,220.0,208.44,163.22,220.0,200.0
2023-06,2023-06-01,10,Powdered Milk NIDO 390 gm PolybagEach,Powdered Milk NIDO 390 gm Polybag,,Dairy & Eggs,Each,736.26,2023-06_Annexure1.pdf,740.0,740.0,740.0,740.0,740.0,740.0,740.0,740.0,740.0,715.15,750.0,710.0,740.0,742.49,720.0,740.0,740.0
2023-06,2023-06-01,11,Eggs Hen (Farm) 1 Dozen,Eggs Hen (Farm),,Dairy & Eggs,1 Dozen,257.35,2023-06_Annexure1.pdf,259.4,255.57,251.51,253.72,248.89,259.42,251.35,243.37,244.74,262.65,255.23,254.47,264.95,248.77,281.64,268.54,273.96
2023-06,2023-06-01,12,Mustard Oil (Average Quality) 1 Kg,Mustard Oil (Average Quality),,Oils & Fats,1 Kg,544.05,2023-06_Annexure1.pdf,697.21,674.55,529.71,504.93,580.84,640.0,546.65,556.81,503.28,550.17,430.57,362.47,483.28,666.26,457.32,584.92,604.94
2023-06,2023-06-01,13,"Cooking Oil DALDA or Other Similar Brand (SN), 5 Litre TinEach","Cooking Oil DALDA or Other Similar Brand (SN), 5 Litre Tin",,Oils & Fats,Each,3199.16,2023-06_Annexure1.pdf,3154.06,3154.06,3290.0,3100.0,3240.0,3193.59,3220.32,3200.0,3273.63,3210.2,3264.9,3250.0,3290.0,3050.0,2888.0,3240.0,3400.0
2023-06,2023-06-01,14,Vegetable Ghee DALDA/HABIB 2.5 kg TinEach,Vegetable Ghee DALDA/HABIB 2.5 kg Tin,,Oils & Fats,Each,1513.74,2023-06_Annexure1.pdf,1508.48,1508.48,1550.0,1525.0,1525.0,1537.45,1511.06,1550.0,1550.0,1499.05,1537.45,1550.0,1525.0,1480.0,1300.0,1526.99,1570.0
2023-06,2023-06-01,15,Vegetable Ghee DALDA/HABIB or Other superior Quality 1 kg PouchEach,Vegetable Ghee DALDA/HABIB or Other superior Quality 1 kg Pouch,,Oils & Fats,Each,582.58,2023-06_Annexure1.pdf,572.96,572.96,599.98,577.48,580.96,578.24,586.72,585.0,588.65,576.94,599.98,599.98,595.0,583.71,520.0,580.96,609.82
2023-06,2023-06-01,16,Bananas (Kela) Local 1 Dozen,Bananas (Kela) Local,,Fruits,1 Dozen,203.72,2023-06_Annexure1.pdf,319.67,276.38,207.11,208.8,184.24,176.46,179.85,266.72,240.94,150.61,135.04,200.0,168.3,211.3,222.85,162.82,237.92
2023-06,2023-06-01,17,Pulse Masoor (Washed) 1 Kg,Pulse Masoor (Washed),Pulse Masoor (Washed),Pulses & Legumes,1 Kg,277.38,2023-06_Annexure1.pdf,299.81,288.35,260.0,250.0,278.96,276.32,303.22,275.38,254.95,290.89,272.48,262.46,267.79,268.74,277.47,299.76,296.63
2023-06,2023-06-01,18,Pulse Moong (Washed) 1 Kg,Pulse Moong (Washed),Pulse Moong (Washed),Pulses & Legumes,1 Kg,269.75,2023-06_Annexure1.pdf,287.02,270.48,238.81,229.92,270.4,256.3,280.0,257.94,254.95,287.34,267.77,310.0,284.76,252.87,235.64,307.44,313.19
2023-06,2023-06-01,19,Pulse Mash (Washed) 1 Kg,Pulse Mash (Washed),Pulse Mash (Washed),Pulses & Legumes,1 Kg,453.95,2023-06_Annexure1.pdf,478.92,459.93,462.48,466.15,460.36,446.57,464.07,482.18,460.0,463.19,471.56,439.55,480.0,462.2,480.67,494.98,289.83
2023-06,2023-06-01,20,Pulse Gram 1 Kg,Pulse Gram,Pulse Gram,Pulses & Legumes,1 Kg,243.96,2023-06_Annexure1.pdf,268.79,257.87,221.63,216.24,229.4,231.49,240.0,245.51,243.18,256.24,235.98,260.0,240.0,242.71,220.82,274.97,273.29
2023-06,2023-06-01,21,Potatoes 1 Kg,Potatoes,Potatoes,Vegetables,1 Kg,84.52,2023-06_Annexure1.pdf,110.88,100.17,86.18,77.96,85.59,78.72,86.79,84.07,110.02,74.79,72.95,74.83,64.8,92.21,97.16,74.89,80.0
2023-06,2023-06-01,22,Onions 1 Kg,Onions,Onions,Vegetables,1 Kg,60.67,2023-06_Annexure1.pdf,75.81,70.33,68.87,65.0,73.58,57.56,59.58,63.92,59.96,59.78,61.26,57.33,50.59,57.55,53.76,54.85,49.08
2023-06,2023-06-01,23,Tomatoes 1 Kg,Tomatoes,Tomatoes,Vegetables,1 Kg,51.94,2023-06_Annexure1.pdf,69.64,60.55,51.02,45.45,46.09,47.88,48.4,56.38,49.64,69.87,66.0,51.8,56.5,38.36,37.02,54.38,47.88
2023-06,2023-06-01,24,Sugar Refined 1 Kg,Sugar Refined,,Sugar & Sweeteners,1 Kg,122.73,2023-06_Annexure1.pdf,125.56,124.46,122.69,123.2,122.18,119.47,118.44,119.02,119.52,125.53,122.48,120.17,120.5,124.27,118.68,134.99,126.23
2023-06,2023-06-01,25,Gur (Average Quality) 1 Kg,Gur (Average Quality),,Sugar & Sweeteners,1 Kg,179.91,2023-06_Annexure1.pdf,173.53,171.18,170.0,204.94,177.96,176.14,192.37,199.81,200.0,229.85,178.59,180.0,140.0,173.48,129.74,189.82,196.61
2023-06,2023-06-01,26,Salt Powdered (NATIONAL/SHAN) 800 gm PacketEach,Salt Powdered (NATIONAL/SHAN) 800 gm Packet,,Condiments & Spices,Each,53.58,2023-06_Annexure1.pdf,60.0,60.0,50.0,60.0,53.13,60.0,60.0,60.0,50.0,60.0,50.0,42.29,40.0,60.0,50.0,50.0,52.44
2023-06,2023-06-01,27,Chilies Powder NATIONAL 200 gm PacketEach,Chilies Powder NATIONAL 200 gm Packet,,Condiments & Spices,Each,215.0,2023-06_Annexure1.pdf,215.0,215.0,215.0,215.0,215.0,215.0,215.0,215.0,215.0,215.0,215.0,215.0,215.0,215.0,215.0,215.0,215.0
2023-06,2023-06-01,28,Garlic (Lehsun) 1 Kg,Garlic (Lehsun),,Vegetables,1 Kg,335.47,2023-06_Annexure1.pdf,430.8,435.15,350.0,340.0,270.4,314.57,317.39,302.47,331.6,349.3,299.83,295.8,244.45,366.04,372.24,359.7,385.0
2023-06,2023-06-01,29,Tea Lipton Yellow Label 190 gm PacketEach,Tea Lipton Yellow Label 190 gm Packet,,Beverages,Each,558.82,2023-06_Annexure1.pdf,558.82,558.82,558.82,558.82,558.82,558.82,558.82,558.82,558.82,558.82,558.82,558.82,558.82,558.82,558.82,558.82,558.82
2023-06,2023-06-01,30,Cooked Beef at Average Hotel Per Plate,Cooked Beef at Average Hotel,,Food Away from Home,Per Plate,256.63,2023-06_Annexure1.pdf,256.37,239.95,350.0,250.0,215.25,300.0,250.0,259.62,273.17,285.06,266.5,200.0,240.0,176.6,250.0,312.35,293.18
2023-06,2023-06-01,31,Cooked Daal at Average Hotel Per Plate,Cooked Daal at Average Hotel,,Food Away from Home,Per Plate,128.45,2023-06_Annexure1.pdf,180.0,171.38,120.0,100.0,132.28,140.0,120.0,117.59,132.99,143.07,145.75,107.07,120.0,104.83,100.0,139.76,139.76
2023-06,2023-06-01,32,Tea Prepared Ordinary Per Cup,Tea Prepared Ordinary,,Food Away from Home,Per Cup,51.3,2023-06_Annexure1.pdf,60.0,56.46,60.0,50.0,45.32,50.0,50.0,57.04,40.0,60.34,64.81,50.0,50.0,33.02,46.42,60.0,50.0
2023-06,2023-06-01,33,Cigarettes Capstan 20'S Packet Each,Cigarettes Capstan 20'S Packet,,Tobacco,Each,221.35,2023-06_Annexure1.pdf,220.0,220.0,220.0,220.0,220.0,220.0,220.0,220.0,220.0,231.19,220.0,220.0,220.0,225.5,220.0,220.0,226.62
2023-06,2023-06-01,34,"Long Cloth 57"" Gul Ahmed/Al Karam 1 mtr","Long Cloth 57"" Gul Ahmed/Al Karam",,Textiles & Apparel,1 mtr,522.95,2023-06_Annexure1.pdf,511.38,487.04,571.0,450.0,550.19,466.08,625.0,570.0,556.59,437.02,493.24,500.0,400.0,642.0,700.0,648.72,400.0
2023-06,2023-06-01,35,Shirting (Average Quality) 1 mtr,Shirting (Average Quality),,Textiles & Apparel,1 mtr,354.86,2023-06_Annexure1.pdf,517.27,485.91,300.0,370.0,361.63,466.08,508.19,400.0,376.64,372.22,313.19,215.44,282.31,444.32,450.0,219.85,200.0
2023-06,2023-06-01,36,Lawn Printed Gul Ahmed/Al Karam 1 mtr,Lawn Printed Gul Ahmed/Al Karam,,Textiles & Apparel,1 mtr,527.8,2023-06_Annexure1.pdf,428.65,379.07,550.0,370.0,669.96,566.19,650.0,586.0,556.59,550.0,493.24,550.0,500.0,702.0,650.0,598.61,353.3
2023-06,2023-06-01,37,Georgette (Average Quality) 1 mtr,Georgette (Average Quality),,Textiles & Apparel,1 mtr,242.88,2023-06_Annexure1.pdf,306.85,295.8,200.0,300.0,315.58,252.1,346.63,251.09,226.47,271.11,203.35,206.46,265.66,215.67,160.0,199.83,200.0
2023-06,2023-06-01,38,Gents Sandal Bata Pair,Gents Sandal Bata,,Footwear,Pair,1999.0,2023-06_Annexure1.pdf,1999.0,1999.0,1999.0,1999.0,1999.0,1999.0,1999.0,1999.0,1999.0,1999.0,1999.0,1999.0,1999.0,1999.0,1999.0,1999.0,1999.0
2023-06,2023-06-01,39,Gents Sponge Chappal Bata Pair,Gents Sponge Chappal Bata,,Footwear,Pair,599.0,2023-06_Annexure1.pdf,599.0,599.0,599.0,599.0,599.0,599.0,599.0,599.0,599.0,599.0,599.0,599.0,599.0,599.0,599.0,599.0,599.0
2023-06,2023-06-01,40,Ladies Sandal Bata Pair,Ladies Sandal Bata,,Footwear,Pair,799.0,2023-06_Annexure1.pdf,799.0,799.0,799.0,799.0,799.0,799.0,799.0,799.0,799.0,799.0,799.0,799.0,799.0,799.0,799.0,799.0,799.0
2023-06,2023-06-01,41,Electricity Charges upto 50 Units Per Unit,Electricity Charges upto 50 Units,,Energy & Utilities,Per Unit,6.15,2023-06_Annexure1.pdf,6.15,6.15,6.15,6.15,6.15,6.15,6.15,6.15,6.15,6.15,6.15,6.15,6.15,6.15,6.15,6.15,6.15
2023-06,2023-06-01,42,Gas Charges upto,Gas Charges upto 3.3719 MMBTU,,Energy & Utilities,MMBTU,295.0,2023-06_Annexure1.pdf,3.3719,295.0,295.0,295.0,295.0,295.0,295.0,295.0,295.0,295.0,295.0,295.0,295.0,295.0,295.0,295.0,295.0
2023-06,2023-06-01,43,Firewood Whole 40 Kg,Firewood Whole,,Energy & Utilities,40 Kg,1074.82,2023-06_Annexure1.pdf,1643.17,1365.2,1300.0,1000.0,1336.09,1400.0,800.0,1208.19,1200.0,965.13,1000.0,700.0,816.33,1040.71,700.0,1299.36,1032.28
2023-06,2023-06-01,44,Energy Saver Philips 14 Watt Each,Energy Saver Philips 14 Watt,,Household Goods,Each,314.67,2023-06_Annexure1.pdf,271.48,260.4,400.0,575.0,210.0,361.88,550.0,575.0,200.0,280.0,261.66,230.29,350.0,240.0,250.0,350.0,300.0
2023-06,2023-06-01,45,Sufi Washing Soap 250 gm Cake Each,Sufi Washing Soap 250 gm Cake,,Personal & Household Care,Each,126.12,2023-06_Annexure1.pdf,136.58,136.24,130.0,125.0,125.0,130.0,130.0,125.0,133.25,126.16,125.0,130.0,108.75,130.0,125.0,120.0,111.8
2023-06,2023-06-01,46,Match Box Each,Match Box,,Household Goods,Each,5.37,2023-06_Annexure1.pdf,5.0,5.0,5.0,5.0,6.0,6.0,5.0,6.0,6.0,6.0,5.31,6.0,5.0,5.23,5.0,5.0,5.0
2023-06,2023-06-01,47,Petrol Super Per Litre,Petrol Super,,Fuel & Transport,Per Litre,262.89,2023-06_Annexure1.pdf,262.75,262.76,262.8,262.9,262.78,262.7,262.98,262.79,263.23,262.74,263.87,262.8,263.1,262.75,262.8,262.6,262.79
2023-06,2023-06-01,48,Hi-Speed Diesel Per Litre,Hi-Speed Diesel,,Fuel & Transport,Per Litre,253.89,2023-06_Annexure1.pdf,253.75,253.76,253.7,253.9,253.78,253.7,253.98,253.79,254.21,253.74,254.82,253.8,254.1,253.75,253.8,253.7,253.79
2023-06,2023-06-01,49,LPG,LPG 11.67 kg Cylinder,,Energy & Utilities,Each,2935.93,2023-06_Annexure1.pdf,11.67,2707.33,2784.09,2821.47,2913.07,2668.17,2622.77,2768.88,2628.04,2554.74,2674.59,2610.27,2927.82,2839.2,2749.18,2522.36,3141.28
2023-06,2023-06-01,50,Telephone Call Charges Per Minute,Telephone Call Charges,,Communication,Per Minute,1.79,2023-06_Annexure1.pdf,1.79,1.79,1.79,1.79,1.79,1.79,1.79,1.79,1.79,1.79,1.79,1.79,1.79,1.79,1.79,1.79,1.79
2023-06,2023-06-01,51,Toilet Soap LIFEBUOY 115 gm Each,Toilet Soap LIFEBUOY 115 gm,,Personal & Household Care,Each,103.59,2023-06_Annexure1.pdf,111.47,111.47,101.05,97.31,111.47,102.47,105.0,111.47,111.48,102.92,111.48,105.0,85.0,103.32,98.13,109.11,88.3
2023-07,2023-07-01,1,Wheat Flour Bag 20 Kg,Wheat Flour Bag,,Cereals & Grains,20 Kg,2818.03,2023-07_Annexure1.pdf,2989.5,2972.33,2739.81,2848.71,2801.65,2648.75,2762.95,2731.13,2709.24,3080.43,2991.62,2829.66,2796.1,2761.59,2682.52,2779.43,2821.9
2023-07,2023-07-01,2,Rice Basmati Broken (Average Quality)1 Kg,Rice Basmati Broken (Average Quality),,Cereals & Grains,1 Kg,212.62,2023-07_Annexure1.pdf,234.87,231.13,190.0,198.74,231.34,226.47,196.61,196.55,183.27,261.29,219.54,220.0,213.12,217.46,174.1,274.97,174.11
2023-07,2023-07-01,3,Rice IRRI-6/9 (Sindh/Punjab) 1 Kg,Rice IRRI-6/9 (Sindh/Punjab),,Cereals & Grains,1 Kg,88.49,2023-07_Annexure1.pdf,144.68,124.0,81.87,146.48,238.24,160.0,173.27,154.25,174.93,150.0,163.02,176.6,172.45,144.94,156.28,153.95,149.73
2023-07,2023-07-01,4,Bread plain (Small Size) Each,Bread plain (Small Size),,Bakery & Confectionery,Each,107.15,2023-07_Annexure1.pdf,119.15,118.48,110.0,100.0,110.0,110.0,100.0,110.0,110.0,120.0,114.89,100.0,100.0,103.23,100.0,100.0,100.0
2023-07,2023-07-01,5,Beef with Bone (Average Quality) 1 Kg,Beef with Bone (Average Quality),,Meat & Poultry,1 Kg,787.99,2023-07_Annexure1.pdf,936.81,931.9,782.97,800.0,836.97,766.31,750.0,821.85,782.97,904.12,712.18,700.0,782.97,680.41,700.0,834.91,732.95
2023-07,2023-07-01,6,Mutton (Average Quality) 1 Kg,Mutton (Average Quality),,Meat & Poultry,1 Kg,1650.49,2023-07_Annexure1.pdf,1953.58,1919.41,1800.0,1800.0,1942.04,1732.7,1400.0,1800.0,1465.9,1804.83,1574.39,1400.0,1600.0,1538.21,1400.0,1649.49,1465.9
2023-07,2023-07-01,7,Chicken Farm Broiler (Live) 1 Kg,Chicken Farm Broiler (Live),,Meat & Poultry,1 Kg,428.92,2023-07_Annexure1.pdf,422.43,414.18,383.94,389.98,394.24,397.18,388.53,424.83,392.57,450.29,441.86,447.31,444.14,417.2,417.2,501.96,613.19
2023-07,2023-07-01,8,Milk fresh (Un-boiled) 1 Ltr,Milk fresh (Un-boiled),,Dairy & Eggs,1 Ltr,178.96,2023-07_Annexure1.pdf,200.0,208.18,200.0,140.0,148.58,178.24,146.59,160.0,135.74,223.01,199.15,200.0,213.12,196.7,153.26,200.0,176.6
2023-07,2023-07-01,9,Curd (Dahi) Loose 1 Kg,Curd (Dahi) Loose,,Dairy & Eggs,1 Kg,207.43,2023-07_Annexure1.pdf,219.36,223.9,220.0,160.0,178.35,200.0,180.0,198.25,160.0,320.21,273.17,220.0,220.0,214.48,173.27,220.0,200.0
2023-07,2023-07-01,10,Powdered Milk NIDO 390 gm PolybagEach,Powdered Milk NIDO 390 gm Polybag,,Dairy & Eggs,Each,739.18,2023-07_Annexure1.pdf,740.0,740.0,740.0,740.0,740.0,740.0,740.0,740.0,740.0,730.3,750.0,714.95,740.0,751.66,730.0,749.93,740.0
2023-07,2023-07-01,11,Eggs Hen (Farm) 1 Dozen,Eggs Hen (Farm),,Dairy & Eggs,1 Dozen,256.81,2023-07_Annexure1.pdf,260.41,256.89,253.8,255.54,252.46,252.17,252.46,244.42,251.83,266.16,255.48,254.47,264.47,250.73,280.0,259.73,256.62
2023-07,2023-07-01,12,Mustard Oil (Average Quality) 1 Kg,Mustard Oil (Average Quality),,Oils & Fats,1 Kg,541.51,2023-07_Annexure1.pdf,697.21,674.55,500.0,500.0,551.92,640.0,541.63,520.0,500.0,522.98,407.32,400.0,552.58,666.26,459.79,584.92,600.0
2023-07,2023-07-01,13,"Cooking Oil DALDA or Other Similar Brand (SN), 5 Litre TinEach","Cooking Oil DALDA or Other Similar Brand (SN), 5 Litre Tin",,Oils & Fats,Each,3124.14,2023-07_Annexure1.pdf,3084.9,3084.9,3286.65,3100.0,3190.0,3100.0,3029.95,3132.26,3138.36,3190.0,3202.43,3214.42,3259.29,3030.0,2885.85,3169.81,3036.8
2023-07,2023-07-01,14,Vegetable Ghee DALDA/HABIB 2.5 kg TinEach,Vegetable Ghee DALDA/HABIB 2.5 kg Tin,,Oils & Fats,Each,1467.05,2023-07_Annexure1.pdf,1437.43,1437.43,1539.18,1499.36,1460.0,1525.0,1444.76,1531.21,1482.0,1439.85,1492.04,1550.0,1525.0,1420.0,1299.17,1460.0,1418.71
2023-07,2023-07-01,15,Vegetable Ghee DALDA/HABIB or Other superior Quality 1 kg PouchEach,Vegetable Ghee DALDA/HABIB or Other superior Quality 1 kg Pouch,,Oils & Fats,Each,567.17,2023-07_Annexure1.pdf,562.46,562.46,569.0,569.5,569.0,561.45,564.96,572.96,569.25,568.39,575.39,581.85,595.0,570.0,518.72,569.0,565.72
2023-07,2023-07-01,16,Bananas (Kela) Local 1 Dozen,Bananas (Kela) Local,,Fruits,1 Dozen,147.76,2023-07_Annexure1.pdf,264.98,240.68,157.0,147.08,120.8,121.63,131.93,164.07,154.29,116.7,118.6,113.7,109.29,171.68,170.19,134.52,156.26
2023-07,2023-07-01,17,Pulse Masoor (Washed) 1 Kg,Pulse Masoor (Washed),Pulse Masoor (Washed),Pulses & Legumes,1 Kg,274.8,2023-07_Annexure1.pdf,299.81,286.92,260.0,250.0,278.96,276.32,294.96,266.54,256.62,278.37,269.64,270.0,283.24,267.75,266.59,274.97,296.63
2023-07,2023-07-01,18,Pulse Moong (Washed) 1 Kg,Pulse Moong (Washed),Pulse Moong (Washed),Pulses & Legumes,1 Kg,263.26,2023-07_Annexure1.pdf,283.55,267.2,244.95,217.49,270.4,243.29,280.0,237.67,243.18,266.43,266.31,294.88,299.33,239.08,235.74,294.97,313.19
2023-07,2023-07-01,19,Pulse Mash (Washed) 1 Kg,Pulse Mash (Washed),Pulse Mash (Washed),Pulses & Legumes,1 Kg,468.25,2023-07_Annexure1.pdf,483.03,459.93,481.65,484.97,489.9,486.58,494.12,481.02,464.92,475.85,471.98,460.0,480.0,480.0,500.0,512.46,300.0
2023-07,2023-07-01,20,Pulse Gram 1 Kg,Pulse Gram,Pulse Gram,Pulses & Legumes,1 Kg,240.48,2023-07_Annexure1.pdf,268.81,257.87,220.0,213.74,217.93,224.87,238.3,238.24,226.47,247.34,245.26,260.0,244.95,240.82,217.45,264.97,273.29
2023-07,2023-07-01,21,Potatoes 1 Kg,Potatoes,Potatoes,Vegetables,1 Kg,91.91,2023-07_Annexure1.pdf,120.22,107.99,90.79,93.22,97.03,87.88,80.0,98.84,100.0,78.34,79.27,80.0,73.19,100.95,103.32,84.9,100.0
2023-07,2023-07-01,22,Onions 1 Kg,Onions,Onions,Vegetables,1 Kg,58.97,2023-07_Annexure1.pdf,76.18,74.48,61.13,64.81,64.25,54.64,54.77,59.69,61.56,59.33,60.02,50.0,52.65,59.05,57.93,49.58,50.0
2023-07,2023-07-01,23,Tomatoes 1 Kg,Tomatoes,Tomatoes,Vegetables,1 Kg,90.53,2023-07_Annexure1.pdf,128.31,114.92,105.55,104.39,107.66,92.96,92.94,98.45,98.98,90.86,86.9,78.72,86.45,85.59,83.45,54.85,59.44
2023-07,2023-07-01,24,Sugar Refined 1 Kg,Sugar Refined,,Sugar & Sweeteners,1 Kg,140.03,2023-07_Annexure1.pdf,144.95,145.45,141.2,140.67,139.67,137.62,136.89,136.55,135.77,142.56,137.97,135.7,137.34,142.39,136.6,145.58,144.37
2023-07,2023-07-01,25,Gur (Average Quality) 1 Kg,Gur (Average Quality),,Sugar & Sweeteners,1 Kg,199.63,2023-07_Annexure1.pdf,178.66,175.23,177.45,220.0,199.38,201.26,225.67,217.56,220.0,244.04,213.23,250.0,154.38,211.71,148.18,193.5,196.61
2023-07,2023-07-01,26,Salt Powdered (NATIONAL/SHAN) 800 gm PacketEach,Salt Powdered (NATIONAL/SHAN) 800 gm Packet,,Condiments & Spices,Each,55.79,2023-07_Annexure1.pdf,60.0,60.0,57.33,60.0,56.46,60.0,60.0,60.0,54.77,60.0,50.0,52.33,40.0,60.0,57.33,50.0,55.0
2023-07,2023-07-01,27,Chilies Powder NATIONAL 200 gm PacketEach,Chilies Powder NATIONAL 200 gm Packet,,Condiments & Spices,Each,251.17,2023-07_Annexure1.pdf,293.26,293.26,251.1,251.1,293.26,251.1,215.0,293.26,215.0,252.28,215.0,251.1,251.1,251.1,215.0,293.26,215.0
2023-07,2023-07-01,28,Garlic (Lehsun) 1 Kg,Garlic (Lehsun),,Vegetables,1 Kg,354.36,2023-07_Annexure1.pdf,442.7,438.95,350.0,344.96,307.06,342.72,353.28,306.41,313.16,359.02,321.7,374.17,296.13,407.51,400.0,349.9,358.55
2023-07,2023-07-01,29,Tea Lipton Yellow Label 190 gm PacketEach,Tea Lipton Yellow Label 190 gm Packet,,Beverages,Each,558.82,2023-07_Annexure1.pdf,558.82,558.82,558.82,558.82,558.82,558.82,558.82,558.82,558.82,558.82,558.82,558.82,558.82,558.82,558.82,558.82,558.82
2023-07,2023-07-01,30,Cooked Beef at Average Hotel Per Plate,Cooked Beef at Average Hotel,,Food Away from Home,Per Plate,257.38,2023-07_Annexure1.pdf,257.66,242.19,350.0,250.0,215.25,300.0,250.0,259.62,273.17,285.51,268.98,200.0,240.0,176.6,250.0,319.9,293.18
2023-07,2023-07-01,31,Cooked Daal at Average Hotel Per Plate,Cooked Daal at Average Hotel,,Food Away from Home,Per Plate,129.53,2023-07_Annexure1.pdf,190.49,174.87,120.0,100.0,132.28,144.91,120.0,117.59,132.99,144.25,145.75,109.54,120.0,104.83,100.0,139.76,139.76
2023-07,2023-07-01,32,Tea Prepared Ordinary Per Cup,Tea Prepared Ordinary,,Food Away from Home,Per Cup,52.25,2023-07_Annexure1.pdf,60.0,56.8,60.0,50.0,46.42,51.15,50.0,59.7,40.0,60.78,64.81,55.0,50.0,34.09,46.42,64.81,50.0
2023-07,2023-07-01,33,Cigarettes Capstan 20'S Packet Each,Cigarettes Capstan 20'S Packet,,Tobacco,Each,221.35,2023-07_Annexure1.pdf,220.0,220.0,220.0,220.0,220.0,220.0,220.0,220.0,220.0,231.19,220.0,220.0,220.0,225.5,220.0,220.0,226.62
2023-07,2023-07-01,34,"Long Cloth 57"" Gul Ahmed/Al Karam 1 mtr","Long Cloth 57"" Gul Ahmed/Al Karam",,Textiles & Apparel,1 mtr,527.29,2023-07_Annexure1.pdf,511.38,487.04,571.0,450.0,550.19,474.34,625.0,591.59,606.59,437.02,493.24,500.0,400.0,642.0,700.0,648.72,400.0
2023-07,2023-07-01,35,Shirting (Average Quality) 1 mtr,Shirting (Average Quality),,Textiles & Apparel,1 mtr,370.6,2023-07_Annexure1.pdf,517.27,485.91,300.0,370.0,369.85,513.7,546.65,400.0,586.59,372.22,313.19,222.4,282.31,444.32,450.0,224.79,209.76
2023-07,2023-07-01,36,Lawn Printed Gul Ahmed/Al Karam 1 mtr,Lawn Printed Gul Ahmed/Al Karam,,Textiles & Apparel,1 mtr,529.05,2023-07_Annexure1.pdf,428.65,379.07,550.0,370.0,669.96,566.19,650.0,586.0,556.59,550.0,493.24,550.0,500.0,702.0,650.0,623.16,353.3
2023-07,2023-07-01,37,Georgette (Average Quality) 1 mtr,Georgette (Average Quality),,Textiles & Apparel,1 mtr,246.29,2023-07_Annexure1.pdf,306.85,295.8,200.0,300.0,315.58,304.93,346.63,251.09,226.47,271.72,209.76,206.46,265.66,218.63,160.0,199.83,200.0
2023-07,2023-07-01,38,Gents Sandal Bata Pair,Gents Sandal Bata,,Footwear,Pair,1999.0,2023-07_Annexure1.pdf,1999.0,1999.0,1999.0,1999.0,1999.0,1999.0,1999.0,1999.0,1999.0,1999.0,1999.0,1999.0,1999.0,1999.0,1999.0,1999.0,1999.0
2023-07,2023-07-01,39,Gents Sponge Chappal Bata Pair,Gents Sponge Chappal Bata,,Footwear,Pair,599.0,2023-07_Annexure1.pdf,599.0,599.0,599.0,599.0,599.0,599.0,599.0,599.0,599.0,599.0,599.0,599.0,599.0,599.0,599.0,599.0,599.0
2023-07,2023-07-01,40,Ladies Sandal Bata Pair,Ladies Sandal Bata,,Footwear,Pair,799.0,2023-07_Annexure1.pdf,799.0,799.0,799.0,799.0,799.0,799.0,799.0,799.0,799.0,799.0,799.0,799.0,799.0,799.0,799.0,799.0,799.0
2023-07,2023-07-01,41,Electricity Charges upto 50 Units Per Unit,Electricity Charges upto 50 Units,,Energy & Utilities,Per Unit,6.45,2023-07_Annexure1.pdf,6.45,6.45,6.45,6.45,6.45,6.45,6.45,6.45,6.45,6.45,6.45,6.45,6.45,6.45,6.45,6.45,6.45
2023-07,2023-07-01,42,Gas Charges upto,Gas Charges upto 3.3719 MMBTU,,Energy & Utilities,MMBTU,295.0,2023-07_Annexure1.pdf,3.3719,295.0,295.0,295.0,295.0,295.0,295.0,295.0,295.0,295.0,295.0,295.0,295.0,295.0,295.0,295.0,295.0
2023-07,2023-07-01,43,Firewood Whole 40 Kg,Firewood Whole,,Energy & Utilities,40 Kg,1074.82,2023-07_Annexure1.pdf,1643.17,1365.2,1300.0,1000.0,1336.09,1400.0,800.0,1208.19,1200.0,965.13,1000.0,700.0,816.33,1040.71,700.0,1299.36,1032.28
2023-07,2023-07-01,44,Energy Saver Philips 14 Watt Each,Energy Saver Philips 14 Watt,,Household Goods,Each,319.76,2023-07_Annexure1.pdf,271.48,260.4,400.0,575.0,210.0,365.93,550.0,575.0,200.0,280.0,313.15,250.0,350.0,240.0,250.0,350.0,300.0
2023-07,2023-07-01,45,Sufi Washing Soap 250 gm Cake Each,Sufi Washing Soap 250 gm Cake,,Personal & Household Care,Each,127.55,2023-07_Annexure1.pdf,139.14,139.14,130.0,126.23,125.0,130.0,130.0,125.0,133.25,130.0,125.0,130.0,108.75,130.0,125.0,120.0,125.0
2023-07,2023-07-01,46,Match Box Each,Match Box,,Household Goods,Each,5.54,2023-07_Annexure1.pdf,5.31,5.44,5.0,5.0,6.0,6.0,5.0,7.0,6.0,6.48,5.56,6.0,5.0,6.0,5.0,5.0,5.0
2023-07,2023-07-01,47,Petrol Super Per Litre,Petrol Super,,Fuel & Transport,Per Litre,258.39,2023-07_Annexure1.pdf,258.2,258.21,258.26,258.37,258.22,258.16,258.44,258.24,258.7,258.2,259.34,258.26,258.53,258.24,258.97,258.06,258.23
2023-07,2023-07-01,48,Hi-Speed Diesel Per Litre,Hi-Speed Diesel,,Fuel & Transport,Per Litre,257.92,2023-07_Annexure1.pdf,257.72,257.91,257.78,257.88,257.76,257.69,257.96,257.82,258.22,257.72,258.79,257.84,257.99,257.73,258.48,257.68,257.75
2023-07,2023-07-01,49,LPG,LPG 11.67 kg Cylinder,,Energy & Utilities,Each,2731.94,2023-07_Annexure1.pdf,11.67,2479.18,2559.41,2557.04,2602.99,2461.58,2479.5,2474.62,2533.17,2427.34,2499.47,2512.02,2599.49,2404.18,2446.5,2387.14,2899.39
2023-07,2023-07-01,50,Telephone Call Charges Per Minute,Telephone Call Charges,,Communication,Per Minute,1.79,2023-07_Annexure1.pdf,1.79,1.79,1.79,1.79,1.79,1.79,1.79,1.79,1.79,1.79,1.79,1.79,1.79,1.79,1.79,1.79,1.79
2023-07,2023-07-01,51,Toilet Soap LIFEBUOY 115 gm Each,Toilet Soap LIFEBUOY 115 gm,,Personal & Household Care,Each,107.14,2023-07_Annexure1.pdf,111.47,111.47,103.32,107.75,111.47,105.0,105.0,111.47,111.48,111.49,111.48,105.0,103.32,103.32,111.47,111.48,88.3
2023-08,2023-08-01,1,Wheat Flour Bag 20 Kg,Wheat Flour Bag,,Cereals & Grains,20 Kg,2823.53,2023-08_Annexure1.pdf,2923.83,2914.64,2733.0,2733.0,2768.93,2686.45,2773.0,2705.3,2746.67,3096.91,3070.88,2819.94,2838.63,2739.8,2670.58,2878.81,2945.23
2023-08,2023-08-01,2,Rice Basmati Broken (Average Quality)1 Kg,Rice Basmati Broken (Average Quality),,Cereals & Grains,1 Kg,226.3,2023-08_Annexure1.pdf,253.89,245.25,213.28,219.82,233.36,226.47,208.51,198.61,197.55,271.59,246.48,240.0,224.92,220.0,190.29,274.97,203.94
2023-08,2023-08-01,3,Rice IRRI-6/9 (Sindh/Punjab) 1 Kg,Rice IRRI-6/9 (Sindh/Punjab),,Cereals & Grains,1 Kg,91.27,2023-08_Annexure1.pdf,150.61,127.22,81.87,157.27,219.31,163.85,175.93,158.57,184.58,160.0,170.37,177.27,173.27,156.52,166.6,158.45,153.95
2023-08,2023-08-01,4,Bread plain (Small Size) Each,Bread plain (Small Size),,Bakery & Confectionery,Each,107.67,2023-08_Annexure1.pdf,120.0,120.0,110.0,101.92,110.0,110.0,100.0,110.0,110.0,120.0,120.0,100.0,100.0,103.23,100.0,100.0,100.0
2023-08,2023-08-01,5,Beef with Bone (Average Quality) 1 Kg,Beef with Bone (Average Quality),,Meat & Poultry,1 Kg,795.03,2023-08_Annexure1.pdf,988.85,943.44,800.0,800.0,855.54,779.61,750.0,821.85,782.97,909.84,712.18,700.0,782.97,680.41,700.0,849.96,732.95
2023-08,2023-08-01,6,Mutton (Average Quality) 1 Kg,Mutton (Average Quality),,Meat & Poultry,1 Kg,1658.11,2023-08_Annexure1.pdf,1985.37,1948.67,1800.0,1800.0,1995.99,1732.7,1400.0,1800.0,1492.23,1808.14,1574.39,1400.0,1600.0,1538.21,1400.0,1649.49,1465.9
2023-08,2023-08-01,7,Chicken Farm Broiler (Live) 1 Kg,Chicken Farm Broiler (Live),,Meat & Poultry,1 Kg,413.68,2023-08_Annexure1.pdf,420.46,411.31,383.59,389.6,382.84,394.02,391.03,403.85,365.69,426.1,410.87,425.93,402.75,416.15,413.87,453.72,575.94
2023-08,2023-08-01,8,Milk fresh (Un-boiled) 1 Ltr,Milk fresh (Un-boiled),,Dairy & Eggs,1 Ltr,182.09,2023-08_Annexure1.pdf,200.0,211.77,200.0,155.78,152.58,182.54,146.59,163.27,136.58,224.77,200.0,200.0,213.12,211.59,154.58,200.0,176.6
2023-08,2023-08-01,9,Curd (Dahi) Loose 1 Kg,Curd (Dahi) Loose,,Dairy & Eggs,1 Kg,211.01,2023-08_Annexure1.pdf,220.65,231.08,220.0,175.81,184.13,207.77,180.0,200.0,160.0,321.6,276.56,220.0,220.0,228.46,173.27,220.0,200.0
2023-08,2023-08-01,10,Powdered Milk NIDO 390 gm PolybagEach,Powdered Milk NIDO 390 gm Polybag,,Dairy & Eggs,Each,807.25,2023-08_Annexure1.pdf,820.0,820.0,803.34,820.0,820.0,803.34,820.0,820.0,787.01,785.31,820.0,785.29,803.34,790.44,820.0,803.76,803.34
2023-08,2023-08-01,11,Eggs Hen (Farm) 1 Dozen,Eggs Hen (Farm),,Dairy & Eggs,1 Dozen,293.51,2023-08_Annexure1.pdf,298.29,301.49,295.96,290.89,290.71,298.78,290.71,286.25,291.09,302.53,300.29,291.83,291.9,291.25,283.29,300.87,284.46
2023-08,2023-08-01,12,Mustard Oil (Average Quality) 1 Kg,Mustard Oil (Average Quality),,Oils & Fats,1 Kg,529.01,2023-08_Annexure1.pdf,697.21,674.55,500.0,500.0,519.82,566.19,512.56,505.26,500.0,519.3,411.55,400.0,541.9,652.19,459.79,584.92,546.65
2023-08,2023-08-01,13,"Cooking Oil DALDA or Other Similar Brand (SN), 5 Litre TinEach","Cooking Oil DALDA or Other Similar Brand (SN), 5 Litre Tin",,Oils & Fats,Each,3039.94,2023-08_Annexure1.pdf,2903.01,2903.01,3276.61,3100.0,3105.47,3043.22,2997.57,3110.0,3089.74,3046.66,3125.84,3069.61,3113.17,3013.99,2711.52,3110.0,3000.0
2023-08,2023-08-01,14,Vegetable Ghee DALDA/HABIB 2.5 kg TinEach,Vegetable Ghee DALDA/HABIB 2.5 kg Tin,,Oils & Fats,Each,1430.63,2023-08_Annexure1.pdf,1410.98,1410.98,1507.16,1425.0,1416.92,1439.97,1448.83,1470.34,1445.88,1412.97,1460.0,1509.2,1475.82,1420.0,1250.0,1435.87,1400.0
2023-08,2023-08-01,15,Vegetable Ghee DALDA/HABIB or Other superior Quality 1 kg PouchEach,Vegetable Ghee DALDA/HABIB or Other superior Quality 1 kg Pouch,,Oils & Fats,Each,550.13,2023-08_Annexure1.pdf,548.19,548.19,553.74,554.95,550.29,538.14,551.79,549.39,554.95,555.25,559.35,553.0,565.12,556.36,505.97,554.94,555.0
2023-08,2023-08-01,16,Bananas (Kela) Local 1 Dozen,Bananas (Kela) Local,,Fruits,1 Dozen,133.52,2023-08_Annexure1.pdf,209.15,198.96,135.91,120.0,127.41,106.27,120.0,148.22,138.23,112.34,105.26,105.69,108.88,162.64,137.39,142.85,138.91
2023-08,2023-08-01,17,Pulse Masoor (Washed) 1 Kg,Pulse Masoor (Washed),Pulse Masoor (Washed),Pulses & Legumes,1 Kg,285.75,2023-08_Annexure1.pdf,305.02,291.57,273.6,266.45,287.24,306.52,297.95,280.25,277.11,284.28,289.65,270.0,296.03,272.16,273.93,293.78,296.63
2023-08,2023-08-01,18,Pulse Moong (Washed) 1 Kg,Pulse Moong (Washed),Pulse Moong (Washed),Pulses & Legumes,1 Kg,269.94,2023-08_Annexure1.pdf,290.57,270.4,253.95,223.88,270.4,256.5,280.0,247.62,255.87,276.86,284.96,290.0,298.27,247.66,241.14,305.89,313.19
2023-08,2023-08-01,19,Pulse Mash (Washed) 1 Kg,Pulse Mash (Washed),Pulse Mash (Washed),Pulses & Legumes,1 Kg,499.57,2023-08_Annexure1.pdf,536.15,511.01,520.94,515.78,516.39,506.58,525.22,525.92,496.96,507.02,493.21,475.93,487.75,510.75,503.94,522.96,363.98
2023-08,2023-08-01,20,Pulse Gram 1 Kg,Pulse Gram,Pulse Gram,Pulses & Legumes,1 Kg,242.6,2023-08_Annexure1.pdf,268.82,257.87,220.0,215.0,222.42,229.17,238.64,242.8,241.94,253.71,246.9,260.0,233.14,245.06,217.25,269.92,273.29
2023-08,2023-08-01,21,Potatoes 1 Kg,Potatoes,Potatoes,Vegetables,1 Kg,95.08,2023-08_Annexure1.pdf,126.08,113.89,96.55,95.2,96.16,91.61,87.22,100.81,100.0,81.49,81.62,80.0,76.58,101.71,110.24,90.77,100.0
2023-08,2023-08-01,22,Onions 1 Kg,Onions,Onions,Vegetables,1 Kg,65.96,2023-08_Annexure1.pdf,93.29,83.58,69.46,69.41,69.04,65.05,66.35,65.75,71.9,64.4,61.02,60.0,59.94,68.55,60.11,54.85,50.0
2023-08,2023-08-01,23,Tomatoes 1 Kg,Tomatoes,Tomatoes,Vegetables,1 Kg,115.42,2023-08_Annexure1.pdf,132.69,121.48,136.43,119.55,121.65,116.85,100.96,120.38,126.32,127.96,126.58,115.86,111.71,98.71,90.15,93.87,114.0
2023-08,2023-08-01,24,Sugar Refined 1 Kg,Sugar Refined,,Sugar & Sweeteners,1 Kg,154.91,2023-08_Annexure1.pdf,158.05,157.95,153.09,156.13,154.14,152.53,150.94,152.61,151.4,157.59,156.56,150.51,151.87,156.56,150.6,166.31,157.49
2023-08,2023-08-01,25,Gur (Average Quality) 1 Kg,Gur (Average Quality),,Sugar & Sweeteners,1 Kg,219.68,2023-08_Annexure1.pdf,191.7,183.42,187.96,220.0,229.48,271.31,226.62,250.96,223.86,256.56,249.89,250.0,181.73,245.95,176.05,217.86,204.03
2023-08,2023-08-01,26,Salt Powdered (NATIONAL/SHAN) 800 gm PacketEach,Salt Powdered (NATIONAL/SHAN) 800 gm Packet,,Condiments & Spices,Each,57.89,2023-08_Annexure1.pdf,60.0,60.0,60.0,60.0,60.0,60.0,60.0,60.0,60.0,60.0,50.0,60.0,47.82,60.0,60.0,50.0,58.96
2023-08,2023-08-01,27,Chilies Powder NATIONAL 200 gm PacketEach,Chilies Powder NATIONAL 200 gm Packet,,Condiments & Spices,Each,385.66,2023-08_Annexure1.pdf,400.0,400.0,400.0,400.0,400.0,400.0,400.0,400.0,312.04,400.0,353.29,400.0,400.0,400.0,400.0,400.0,312.04
2023-08,2023-08-01,28,Garlic (Lehsun) 1 Kg,Garlic (Lehsun),,Vegetables,1 Kg,410.3,2023-08_Annexure1.pdf,559.16,517.57,397.49,404.08,379.23,419.3,415.8,388.32,390.01,384.14,349.86,426.58,355.69,439.58,429.29,375.88,393.22
2023-08,2023-08-01,29,Tea Lipton Yellow Label 190 gm PacketEach,Tea Lipton Yellow Label 190 gm Packet,,Beverages,Each,558.82,2023-08_Annexure1.pdf,558.82,558.82,558.82,558.82,558.82,558.82,558.82,558.82,558.82,558.82,558.82,558.82,558.82,558.82,558.82,558.82,558.82
2023-08,2023-08-01,30,Cooked Beef at Average Hotel Per Plate,Cooked Beef at Average Hotel,,Food Away from Home,Per Plate,260.4,2023-08_Annexure1.pdf,258.96,244.46,359.79,268.91,216.75,300.0,250.0,259.62,273.17,299.82,270.82,200.0,240.0,180.37,250.0,319.9,293.18
2023-08,2023-08-01,31,Cooked Daal at Average Hotel Per Plate,Cooked Daal at Average Hotel,,Food Away from Home,Per Plate,132.59,2023-08_Annexure1.pdf,201.59,179.45,127.63,107.57,132.64,150.0,120.0,117.59,132.99,146.84,147.2,115.7,120.0,111.25,100.0,139.76,139.76
2023-08,2023-08-01,32,Tea Prepared Ordinary Per Cup,Tea Prepared Ordinary,,Food Away from Home,Per Cup,53.11,2023-08_Annexure1.pdf,60.0,57.15,60.0,50.0,48.23,51.54,50.0,60.0,40.0,65.14,64.81,55.0,50.0,35.2,48.54,70.0,50.0
2023-08,2023-08-01,33,Cigarettes Capstan 20'S Packet Each,Cigarettes Capstan 20'S Packet,,Tobacco,Each,221.87,2023-08_Annexure1.pdf,220.0,220.0,220.0,220.0,220.0,220.0,220.0,220.0,220.0,232.27,220.0,220.0,220.0,225.5,220.0,225.95,228.64
2023-08,2023-08-01,34,"Long Cloth 57"" Gul Ahmed/Al Karam 1 mtr","Long Cloth 57"" Gul Ahmed/Al Karam",,Textiles & Apparel,1 mtr,534.52,2023-08_Annexure1.pdf,511.38,487.04,571.0,471.79,550.19,482.74,625.0,614.0,606.59,449.2,493.24,500.0,442.94,642.0,700.0,648.72,400.0
2023-08,2023-08-01,35,Shirting (Average Quality) 1 mtr,Shirting (Average Quality),,Textiles & Apparel,1 mtr,378.74,2023-08_Annexure1.pdf,517.27,485.91,300.0,370.0,378.25,566.19,554.64,400.0,586.59,372.22,313.19,229.58,294.28,444.32,450.0,229.85,241.22
2023-08,2023-08-01,36,Lawn Printed Gul Ahmed/Al Karam 1 mtr,Lawn Printed Gul Ahmed/Al Karam,,Textiles & Apparel,1 mtr,533.58,2023-08_Annexure1.pdf,428.65,379.07,550.0,400.53,669.96,566.19,650.0,586.0,556.59,550.0,493.24,550.0,512.87,702.0,650.0,648.72,353.3
2023-08,2023-08-01,37,Georgette (Average Quality) 1 mtr,Georgette (Average Quality),,Textiles & Apparel,1 mtr,248.55,2023-08_Annexure1.pdf,306.85,295.8,200.0,300.0,315.58,350.0,346.63,251.09,226.47,271.72,209.76,206.46,265.66,222.47,160.0,199.83,200.0
2023-08,2023-08-01,38,Gents Sandal Bata Pair,Gents Sandal Bata,,Footwear,Pair,2055.69,2023-08_Annexure1.pdf,2055.69,2055.69,2055.69,2055.69,2055.69,2055.69,2055.69,2055.69,2055.69,2055.69,2055.69,2055.69,2055.69,2055.69,2055.69,2055.69,2055.69
2023-08,2023-08-01,39,Gents Sponge Chappal Bata Pair,Gents Sponge Chappal Bata,,Footwear,Pair,599.0,2023-08_Annexure1.pdf,599.0,599.0,599.0,599.0,599.0,599.0,599.0,599.0,599.0,599.0,599.0,599.0,599.0,599.0,599.0,599.0,599.0
2023-08,2023-08-01,40,Ladies Sandal Bata Pair,Ladies Sandal Bata,,Footwear,Pair,799.0,2023-08_Annexure1.pdf,799.0,799.0,799.0,799.0,799.0,799.0,799.0,799.0,799.0,799.0,799.0,799.0,799.0,799.0,799.0,799.0,799.0
2023-08,2023-08-01,41,Electricity Charges upto 50 Units Per Unit,Electricity Charges upto 50 Units,,Energy & Utilities,Per Unit,7.54,2023-08_Annexure1.pdf,7.54,7.54,7.54,7.54,7.54,7.54,7.54,7.54,7.54,7.54,7.54,7.54,7.54,7.54,7.54,7.54,7.54
2023-08,2023-08-01,42,Gas Charges upto,Gas Charges upto 3.3719 MMBTU,,Energy & Utilities,MMBTU,295.0,2023-08_Annexure1.pdf,3.3719,295.0,295.0,295.0,295.0,295.0,295.0,295.0,295.0,295.0,295.0,295.0,295.0,295.0,295.0,295.0,295.0
2023-08,2023-08-01,43,Firewood Whole 40 Kg,Firewood Whole,,Energy & Utilities,40 Kg,1088.32,2023-08_Annexure1.pdf,1643.17,1365.2,1300.0,1000.0,1527.92,1400.0,900.0,1208.19,1200.0,968.39,1000.0,700.0,816.33,996.87,700.0,1299.36,1032.28
2023-08,2023-08-01,44,Energy Saver Philips 14 Watt Each,Energy Saver Philips 14 Watt,,Household Goods,Each,329.68,2023-08_Annexure1.pdf,271.48,260.4,454.34,575.0,210.0,365.93,550.0,575.0,240.89,307.81,350.0,250.0,350.0,240.0,250.0,350.0,300.0
2023-08,2023-08-01,45,Sufi Washing Soap 250 gm Cake Each,Sufi Washing Soap 250 gm Cake,,Personal & Household Care,Each,129.21,2023-08_Annexure1.pdf,140.0,140.0,130.0,130.0,127.98,130.0,130.0,125.0,133.25,130.0,125.0,130.0,117.66,130.0,134.9,120.0,125.0
2023-08,2023-08-01,46,Match Box Each,Match Box,,Household Goods,Each,5.6,2023-08_Annexure1.pdf,5.31,5.57,5.0,5.0,6.0,6.0,5.19,7.0,6.0,7.0,5.65,6.0,5.0,6.0,5.0,5.0,5.0
2023-08,2023-08-01,47,Petrol Super Per Litre,Petrol Super,,Fuel & Transport,Per Litre,284.3,2023-08_Annexure1.pdf,284.08,284.07,284.07,284.23,284.07,284.03,284.32,284.14,284.53,284.07,285.2,284.26,284.37,284.08,285.57,283.92,284.08
2023-08,2023-08-01,48,Hi-Speed Diesel Per Litre,Hi-Speed Diesel,,Fuel & Transport,Per Litre,286.22,2023-08_Annexure1.pdf,285.99,285.98,286.03,286.14,285.99,285.92,286.23,285.98,286.41,285.98,287.06,286.4,286.27,285.99,287.43,285.93,285.99
2023-08,2023-08-01,49,LPG,LPG 11.67 kg Cylinder,,Energy & Utilities,Each,3056.03,2023-08_Annexure1.pdf,11.67,2894.32,2923.09,2932.02,2940.44,2879.78,2852.11,2749.46,2867.55,2771.66,2899.04,2884.4,2871.39,2871.67,2754.02,2688.84,2893.16
2023-08,2023-08-01,50,Telephone Call Charges Per Minute,Telephone Call Charges,,Communication,Per Minute,1.79,2023-08_Annexure1.pdf,1.79,1.79,1.79,1.79,1.79,1.79,1.79,1.79,1.79,1.79,1.79,1.79,1.79,1.79,1.79,1.79,1.79
2023-08,2023-08-01,51,Toilet Soap LIFEBUOY 115 gm Each,Toilet Soap LIFEBUOY 115 gm,,Personal & Household Care,Each,109.01,2023-08_Annexure1.pdf,111.47,111.47,103.32,111.47,111.47,105.0,117.47,111.47,111.48,111.49,111.48,105.0,109.18,103.32,111.47,111.48,96.85
2023-09,2023-09-01,1,Wheat Flour Bag 20 Kg,Wheat Flour Bag,,Cereals & Grains,20 Kg,2819.53,2023-09_Annexure1.pdf,2935.45,2921.97,2776.36,2783.1,2762.41,2682.53,2779.73,2705.0,2773.33,3018.41,3016.39,2742.01,2849.63,2765.12,2722.47,2797.33,2931.54
2023-09,2023-09-01,2,Rice Basmati Broken (Average Quality)1 Kg,Rice Basmati Broken (Average Quality),,Cereals & Grains,1 Kg,234.25,2023-09_Annexure1.pdf,255.57,247.22,213.28,230.0,234.71,224.87,213.28,200.0,213.28,278.51,260.31,240.0,243.29,234.84,200.0,274.97,236.62
2023-09,2023-09-01,3,Rice IRRI-6/9 (Sindh/Punjab) 1 Kg,Rice IRRI-6/9 (Sindh/Punjab),,Cereals & Grains,1 Kg,8.96,2023-09_Annexure1.pdf,154.7,129.41,160.0,173.27,176.04,180.0,175.4,192.86,164.92,186.43,196.33,178.29,184.95,176.6,172.65,158.45,94.44
2023-09,2023-09-01,4,Bread plain (Small Size) Each,Bread plain (Small Size),,Bakery & Confectionery,Each,112.67,2023-09_Annexure1.pdf,120.0,120.0,117.42,110.0,117.42,110.0,100.0,117.42,117.42,120.0,120.0,120.0,109.54,105.72,100.0,114.65,100.0
2023-09,2023-09-01,5,Beef with Bone (Average Quality) 1 Kg,Beef with Bone (Average Quality),,Meat & Poultry,1 Kg,799.39,2023-09_Annexure1.pdf,995.73,947.97,800.0,800.0,868.14,800.0,750.0,821.85,782.97,920.53,712.18,700.0,800.0,685.65,700.0,849.96,732.95
2023-09,2023-09-01,6,Mutton (Average Quality) 1 Kg,Mutton (Average Quality),,Meat & Poultry,1 Kg,1671.26,2023-09_Annexure1.pdf,1995.37,1955.99,1800.0,1800.0,2032.79,1732.7,1400.0,1800.0,1532.62,1809.62,1574.39,1400.0,1732.7,1538.21,1400.0,1649.49,1465.9
2023-09,2023-09-01,7,Chicken Farm Broiler (Live) 1 Kg,Chicken Farm Broiler (Live),,Meat & Poultry,1 Kg,385.15,2023-09_Annexure1.pdf,383.93,377.69,353.78,360.26,349.03,372.0,358.77,380.48,342.02,411.76,405.84,385.9,376.35,381.78,389.79,433.0,515.42
2023-09,2023-09-01,8,Milk fresh (Un-boiled) 1 Ltr,Milk fresh (Un-boiled),,Dairy & Eggs,1 Ltr,185.19,2023-09_Annexure1.pdf,212.34,211.77,200.0,160.0,157.02,186.43,146.59,175.14,139.94,225.39,200.0,200.0,213.12,211.59,160.0,200.0,180.0
2023-09,2023-09-01,9,Curd (Dahi) Loose 1 Kg,Curd (Dahi) Loose,,Dairy & Eggs,1 Kg,214.3,2023-09_Annexure1.pdf,232.35,231.08,220.0,180.0,184.97,220.0,180.0,213.69,166.41,322.17,276.56,220.0,220.0,228.46,176.6,220.0,200.0
2023-09,2023-09-01,10,Powdered Milk NIDO 390 gm PolybagEach,Powdered Milk NIDO 390 gm Polybag,,Dairy & Eggs,Each,821.11,2023-09_Annexure1.pdf,820.0,820.0,820.0,820.0,820.0,820.0,820.0,820.0,820.0,799.88,827.49,820.0,820.0,837.21,820.0,834.87,820.0
2023-09,2023-09-01,11,Eggs Hen (Farm) 1 Dozen,Eggs Hen (Farm),,Dairy & Eggs,1 Dozen,298.72,2023-09_Annexure1.pdf,302.55,299.28,295.79,294.96,292.17,298.69,292.17,281.99,291.2,305.49,311.34,300.0,300.0,299.26,303.18,312.44,299.15
2023-09,2023-09-01,12,Mustard Oil (Average Quality) 1 Kg,Mustard Oil (Average Quality),,Oils & Fats,1 Kg,525.18,2023-09_Annexure1.pdf,697.21,674.55,474.34,494.92,518.96,558.03,500.0,500.0,500.0,541.58,422.56,407.48,508.17,631.64,459.79,584.92,546.65
2023-09,2023-09-01,13,"Cooking Oil DALDA or Other Similar Brand (SN), 5 Litre TinEach","Cooking Oil DALDA or Other Similar Brand (SN), 5 Litre Tin",,Oils & Fats,Each,2977.17,2023-09_Annexure1.pdf,2960.0,2960.0,2950.0,3064.39,2984.9,2960.0,2950.0,3084.69,3010.0,2960.0,3110.0,2984.9,3060.0,2960.0,2666.0,2972.42,3000.0
2023-09,2023-09-01,14,Vegetable Ghee DALDA/HABIB 2.5 kg TinEach,Vegetable Ghee DALDA/HABIB 2.5 kg Tin,,Oils & Fats,Each,1404.8,2023-09_Annexure1.pdf,1405.0,1405.0,1405.0,1409.97,1405.0,1412.44,1405.0,1419.92,1411.23,1405.0,1460.0,1427.32,1405.0,1405.0,1287.32,1420.0,1400.0
2023-09,2023-09-01,15,Vegetable Ghee DALDA/HABIB or Other superior Quality 1 kg PouchEach,Vegetable Ghee DALDA/HABIB or Other superior Quality 1 kg Pouch,,Oils & Fats,Each,544.44,2023-09_Annexure1.pdf,547.0,547.0,547.0,547.0,547.0,537.27,547.0,547.0,547.0,547.0,548.49,548.49,547.0,551.49,500.0,547.0,555.0
2023-09,2023-09-01,16,Bananas (Kela) Local 1 Dozen,Bananas (Kela) Local,,Fruits,1 Dozen,128.73,2023-09_Annexure1.pdf,199.5,171.75,140.0,122.42,132.49,106.27,114.89,148.82,124.07,96.92,103.43,127.75,102.74,154.3,124.85,126.17,130.5
2023-09,2023-09-01,17,Pulse Masoor (Washed) 1 Kg,Pulse Masoor (Washed),Pulse Masoor (Washed),Pulses & Legumes,1 Kg,337.54,2023-09_Annexure1.pdf,375.65,355.26,334.89,340.0,317.82,347.08,325.69,346.05,328.08,348.86,352.41,342.25,311.51,339.63,329.53,304.12,346.63
2023-09,2023-09-01,18,Pulse Moong (Washed) 1 Kg,Pulse Moong (Washed),Pulse Moong (Washed),Pulses & Legumes,1 Kg,287.61,2023-09_Annexure1.pdf,308.07,287.16,274.86,258.69,270.4,258.84,280.0,280.68,270.75,309.78,310.84,320.0,313.19,273.17,259.9,313.62,313.19
2023-09,2023-09-01,19,Pulse Mash (Washed) 1 Kg,Pulse Mash (Washed),Pulse Mash (Washed),Pulses & Legumes,1 Kg,538.59,2023-09_Annexure1.pdf,580.68,558.49,550.0,544.93,549.47,558.71,550.79,553.86,553.28,561.33,540.02,540.0,520.0,539.42,540.0,549.87,393.31
2023-09,2023-09-01,20,Pulse Gram 1 Kg,Pulse Gram,Pulse Gram,Pulses & Legumes,1 Kg,250.1,2023-09_Annexure1.pdf,274.75,260.53,218.74,216.21,226.58,233.29,234.95,259.63,243.29,266.61,243.7,260.0,244.85,278.59,247.36,279.93,276.63
2023-09,2023-09-01,21,Potatoes 1 Kg,Potatoes,Potatoes,Vegetables,1 Kg,95.35,2023-09_Annexure1.pdf,122.89,112.46,100.0,96.55,96.07,96.13,85.69,101.53,100.0,82.25,77.37,80.0,77.38,102.53,117.84,87.3,100.0
2023-09,2023-09-01,22,Onions 1 Kg,Onions,Onions,Vegetables,1 Kg,84.39,2023-09_Annexure1.pdf,121.15,110.91,94.87,96.31,93.15,84.06,82.81,90.98,91.41,81.28,81.77,72.38,63.01,100.22,79.13,56.09,62.5
2023-09,2023-09-01,23,Tomatoes 1 Kg,Tomatoes,Tomatoes,Vegetables,1 Kg,102.11,2023-09_Annexure1.pdf,115.24,106.77,119.16,110.23,110.77,104.29,91.77,110.1,110.75,111.89,111.36,104.66,107.89,83.48,69.64,83.4,100.0
2023-09,2023-09-01,24,Sugar Refined 1 Kg,Sugar Refined,,Sugar & Sweeteners,1 Kg,165.69,2023-09_Annexure1.pdf,170.62,172.3,164.74,165.53,168.26,163.22,162.15,161.41,163.58,167.06,161.7,153.79,162.87,170.99,164.74,177.37,167.73
2023-09,2023-09-01,25,Gur (Average Quality) 1 Kg,Gur (Average Quality),,Sugar & Sweeteners,1 Kg,236.61,2023-09_Annexure1.pdf,217.23,203.15,200.0,220.0,243.68,273.3,234.08,269.17,241.64,259.4,257.88,242.14,200.0,266.62,220.0,257.96,236.62
2023-09,2023-09-01,26,Salt Powdered (NATIONAL/SHAN) 800 gm PacketEach,Salt Powdered (NATIONAL/SHAN) 800 gm Packet,,Condiments & Spices,Each,60.76,2023-09_Annexure1.pdf,60.0,60.0,64.81,67.35,60.0,60.0,67.35,60.0,70.0,60.0,50.0,60.0,50.0,67.35,60.0,60.0,60.0
2023-09,2023-09-01,27,Chilies Powder NATIONAL 200 gm PacketEach,Chilies Powder NATIONAL 200 gm Packet,,Condiments & Spices,Each,400.0,2023-09_Annexure1.pdf,400.0,400.0,400.0,400.0,400.0,400.0,400.0,400.0,400.0,400.0,400.0,400.0,400.0,400.0,400.0,400.0,400.0
2023-09,2023-09-01,28,Garlic (Lehsun) 1 Kg,Garlic (Lehsun),,Vegetables,1 Kg,474.45,2023-09_Annexure1.pdf,547.06,511.57,487.33,480.58,436.62,488.88,473.15,522.61,492.6,436.01,416.26,462.01,481.57,525.68,523.09,402.75,410.4
2023-09,2023-09-01,29,Tea Lipton Yellow Label 190 gm PacketEach,Tea Lipton Yellow Label 190 gm Packet,,Beverages,Each,553.25,2023-09_Annexure1.pdf,546.81,546.81,542.86,554.79,550.78,544.79,558.82,558.82,546.81,558.82,558.82,558.82,558.82,542.86,558.82,558.82,558.82
2023-09,2023-09-01,30,Cooked Beef at Average Hotel Per Plate,Cooked Beef at Average Hotel,,Food Away from Home,Per Plate,264.1,2023-09_Annexure1.pdf,265.18,247.25,375.0,300.0,217.75,300.0,250.0,259.62,273.17,309.86,271.49,200.0,240.0,182.92,250.0,319.9,293.18
2023-09,2023-09-01,31,Cooked Daal at Average Hotel Per Plate,Cooked Daal at Average Hotel,,Food Away from Home,Per Plate,136.86,2023-09_Annexure1.pdf,201.59,181.06,140.0,120.0,133.18,150.0,120.0,120.93,132.99,148.74,150.7,120.0,120.0,115.98,120.0,139.76,139.76
2023-09,2023-09-01,32,Tea Prepared Ordinary Per Cup,Tea Prepared Ordinary,,Food Away from Home,Per Cup,54.61,2023-09_Annexure1.pdf,64.8,64.14,60.0,50.0,49.47,52.33,50.0,60.0,40.0,67.91,64.81,55.0,53.13,39.15,50.0,70.0,50.0
2023-09,2023-09-01,33,Cigarettes Capstan 20'S Packet Each,Cigarettes Capstan 20'S Packet,,Tobacco,Each,222.29,2023-09_Annexure1.pdf,220.0,220.0,220.0,220.0,220.0,220.0,220.0,220.0,220.0,232.99,220.0,220.0,220.0,226.62,220.0,230.0,230.0
2023-09,2023-09-01,34,"Long Cloth 57"" Gul Ahmed/Al Karam 1 mtr","Long Cloth 57"" Gul Ahmed/Al Karam",,Textiles & Apparel,1 mtr,553.77,2023-09_Annexure1.pdf,546.57,529.04,571.0,570.0,550.19,482.74,625.0,614.0,606.59,501.42,493.24,500.0,516.14,642.0,700.0,648.72,400.0
2023-09,2023-09-01,35,Shirting (Average Quality) 1 mtr,Shirting (Average Quality),,Textiles & Apparel,1 mtr,390.67,2023-09_Annexure1.pdf,555.59,523.91,346.41,370.0,378.25,604.47,561.63,400.0,586.59,372.22,313.19,229.58,313.19,444.32,450.0,229.85,265.66
2023-09,2023-09-01,36,Lawn Printed Gul Ahmed/Al Karam 1 mtr,Lawn Printed Gul Ahmed/Al Karam,,Textiles & Apparel,1 mtr,554.27,2023-09_Annexure1.pdf,463.89,414.05,550.0,550.0,669.96,566.19,650.0,586.0,556.59,550.0,493.24,550.0,532.8,702.0,650.0,648.72,400.0
2023-09,2023-09-01,37,Georgette (Average Quality) 1 mtr,Georgette (Average Quality),,Textiles & Apparel,1 mtr,253.07,2023-09_Annexure1.pdf,306.85,295.8,200.0,300.0,315.58,350.0,346.63,251.09,233.14,271.72,209.76,206.46,265.66,233.46,160.0,199.83,251.43
2023-09,2023-09-01,38,Gents Sandal Bata Pair,Gents Sandal Bata,,Footwear,Pair,2299.0,2023-09_Annexure1.pdf,2299.0,2299.0,2299.0,2299.0,2299.0,2299.0,2299.0,2299.0,2299.0,2299.0,2299.0,2299.0,2299.0,2299.0,2299.0,2299.0,2299.0
2023-09,2023-09-01,39,Gents Sponge Chappal Bata Pair,Gents Sponge Chappal Bata,,Footwear,Pair,599.0,2023-09_Annexure1.pdf,599.0,599.0,599.0,599.0,599.0,599.0,599.0,599.0,599.0,599.0,599.0,599.0,599.0,599.0,599.0,599.0,599.0
2023-09,2023-09-01,40,Ladies Sandal Bata Pair,Ladies Sandal Bata,,Footwear,Pair,799.0,2023-09_Annexure1.pdf,799.0,799.0,799.0,799.0,799.0,799.0,799.0,799.0,799.0,799.0,799.0,799.0,799.0,799.0,799.0,799.0,799.0
2023-09,2023-09-01,41,Electricity Charges upto 50 Units Per Unit,Electricity Charges upto 50 Units,,Energy & Utilities,Per Unit,7.57,2023-09_Annexure1.pdf,7.57,7.57,7.57,7.57,7.57,7.57,7.57,7.57,7.57,7.57,7.57,7.57,7.57,7.57,7.57,7.57,7.57
2023-09,2023-09-01,42,Gas Charges upto,Gas Charges upto 3.3719 MMBTU,,Energy & Utilities,MMBTU,295.0,2023-09_Annexure1.pdf,3.3719,295.0,295.0,295.0,295.0,295.0,295.0,295.0,295.0,295.0,295.0,295.0,295.0,295.0,295.0,295.0,295.0
2023-09,2023-09-01,43,Firewood Whole 40 Kg,Firewood Whole,,Energy & Utilities,40 Kg,1091.84,2023-09_Annexure1.pdf,1643.17,1365.2,1400.0,1000.0,1527.92,1400.0,900.0,1208.19,1200.0,968.39,1000.0,700.0,816.33,968.67,700.0,1311.69,1032.28
2023-09,2023-09-01,44,Energy Saver Philips 14 Watt Each,Energy Saver Philips 14 Watt,,Household Goods,Each,336.38,2023-09_Annexure1.pdf,271.48,260.4,550.0,575.0,210.0,365.93,550.0,575.0,272.7,316.14,350.0,250.0,350.0,240.0,250.0,350.0,300.0
2023-09,2023-09-01,45,Sufi Washing Soap 250 gm Cake Each,Sufi Washing Soap 250 gm Cake,,Personal & Household Care,Each,130.38,2023-09_Annexure1.pdf,140.0,140.0,130.0,130.0,130.0,130.0,130.0,125.0,133.25,130.0,130.0,138.0,120.0,130.0,137.5,120.0,125.0
2023-09,2023-09-01,46,Match Box Each,Match Box,,Household Goods,Each,5.7,2023-09_Annexure1.pdf,5.64,5.84,5.0,5.0,6.16,6.0,6.0,7.0,6.24,7.0,5.65,6.0,5.0,6.0,5.0,5.0,5.0
2023-09,2023-09-01,47,Petrol Super Per Litre,Petrol Super,,Fuel & Transport,Per Litre,319.12,2023-09_Annexure1.pdf,318.9,318.87,318.83,319.08,318.91,318.91,319.19,318.97,319.39,318.91,320.1,318.94,319.21,318.88,320.34,318.76,318.91
2023-09,2023-09-01,48,Hi-Speed Diesel Per Litre,Hi-Speed Diesel,,Fuel & Transport,Per Litre,321.43,2023-09_Annexure1.pdf,321.2,321.18,321.23,321.37,321.2,321.19,321.46,321.23,321.66,321.2,322.35,321.59,321.5,321.18,322.53,321.1,321.2
2023-09,2023-09-01,49,LPG,LPG 11.67 kg Cylinder,,Energy & Utilities,Each,3406.66,2023-09_Annexure1.pdf,11.67,3219.71,3137.8,3237.99,3179.85,3150.9,3079.05,3000.0,3128.5,3080.0,3147.51,3082.3,3058.6,3250.0,3014.62,3000.0,3056.11
2023-09,2023-09-01,50,Telephone Call Charges Per Minute,Telephone Call Charges,,Communication,Per Minute,1.79,2023-09_Annexure1.pdf,1.79,1.79,1.79,1.79,1.79,1.79,1.79,1.79,1.79,1.79,1.79,1.79,1.79,1.79,1.79,1.79,1.79
2023-09,2023-09-01,51,Toilet Soap LIFEBUOY 115 gm Each,Toilet Soap LIFEBUOY 115 gm,,Personal & Household Care,Each,109.94,2023-09_Annexure1.pdf,111.47,111.47,103.32,111.47,111.47,105.0,117.47,111.47,111.48,111.49,111.48,105.0,118.6,103.32,111.47,111.48,103.0
2023-10,2023-10-01,1,Wheat Flour Bag 20 Kg,Wheat Flour Bag,,Cereals & Grains,20 Kg,2756.81,2023-10_Annexure1.pdf,2860.21,2865.54,2762.95,2783.1,2745.06,2617.87,2759.8,2672.32,2746.35,2893.3,2825.74,2611.48,2734.43,2719.03,2740.46,2702.09,2845.51
2023-10,2023-10-01,2,Rice Basmati Broken (Average Quality)1 Kg,Rice Basmati Broken (Average Quality),,Cereals & Grains,1 Kg,230.99,2023-10_Annexure1.pdf,256.04,247.24,213.28,227.46,234.71,223.28,213.28,200.0,202.29,279.37,251.53,240.0,228.32,232.64,196.61,269.87,229.85
2023-10,2023-10-01,3,Rice IRRI-6/9 (Sindh/Punjab) 1 Kg,Rice IRRI-6/9 (Sindh/Punjab),,Cereals & Grains,1 Kg,-2.66,2023-10_Annexure1.pdf,152.93,129.41,160.0,173.27,176.6,177.45,180.05,181.72,170.0,165.49,169.54,175.76,184.95,164.34,168.06,172.65,97.64
2023-10,2023-10-01,4,Bread plain (Small Size) Each,Bread plain (Small Size),,Bakery & Confectionery,Each,114.77,2023-10_Annexure1.pdf,120.0,120.0,120.0,110.0,120.0,120.0,102.41,120.0,120.0,120.0,120.0,120.0,112.92,110.0,100.0,120.0,100.0
2023-10,2023-10-01,5,Beef with Bone (Average Quality) 1 Kg,Beef with Bone (Average Quality),,Meat & Poultry,1 Kg,809.77,2023-10_Annexure1.pdf,1000.0,955.29,800.0,800.0,868.14,830.31,770.44,821.85,782.97,927.43,751.53,700.0,800.0,699.5,700.0,864.95,766.31
2023-10,2023-10-01,6,Mutton (Average Quality) 1 Kg,Mutton (Average Quality),,Meat & Poultry,1 Kg,1688.54,2023-10_Annexure1.pdf,2012.18,1960.12,1800.0,1800.0,2032.79,1829.16,1445.05,1800.0,1532.62,1811.11,1578.63,1400.0,1732.7,1566.86,1400.0,1705.86,1500.0
2023-10,2023-10-01,7,Chicken Farm Broiler (Live) 1 Kg,Chicken Farm Broiler (Live),,Meat & Poultry,1 Kg,349.12,2023-10_Annexure1.pdf,338.22,332.37,311.31,316.33,312.7,331.66,313.83,361.23,322.2,390.4,373.33,366.14,367.17,335.38,352.97,400.04,436.94
2023-10,2023-10-01,8,Milk fresh (Un-boiled) 1 Ltr,Milk fresh (Un-boiled),,Dairy & Eggs,1 Ltr,185.43,2023-10_Annexure1.pdf,212.34,211.77,200.0,160.0,158.11,186.43,146.59,176.01,145.75,207.12,200.0,200.0,213.12,211.59,157.44,200.0,193.1
2023-10,2023-10-01,9,Curd (Dahi) Loose 1 Kg,Curd (Dahi) Loose,,Dairy & Eggs,1 Kg,215.75,2023-10_Annexure1.pdf,232.35,231.08,220.0,180.0,185.67,220.0,180.0,217.68,178.24,319.32,276.56,220.0,220.0,228.46,176.6,220.0,206.61
2023-10,2023-10-01,10,Powdered Milk NIDO 390 gm PolybagEach,Powdered Milk NIDO 390 gm Polybag,,Dairy & Eggs,Each,823.45,2023-10_Annexure1.pdf,820.0,820.0,820.0,820.0,820.0,820.0,820.0,820.0,820.0,809.77,830.0,820.0,820.0,850.0,820.0,850.0,820.0
2023-10,2023-10-01,11,Eggs Hen (Farm) 1 Dozen,Eggs Hen (Farm),,Dairy & Eggs,1 Dozen,314.59,2023-10_Annexure1.pdf,320.38,321.34,322.16,314.8,312.86,313.6,312.86,304.17,309.92,321.64,310.85,319.76,312.19,318.63,316.41,321.07,296.63
2023-10,2023-10-01,12,Mustard Oil (Average Quality) 1 Kg,Mustard Oil (Average Quality),,Oils & Fats,1 Kg,512.6,2023-10_Annexure1.pdf,694.73,672.72,447.48,480.0,505.33,578.63,500.0,499.43,484.92,535.02,387.35,353.38,499.87,627.75,446.02,584.92,546.65
2023-10,2023-10-01,13,"Cooking Oil DALDA or Other Similar Brand (SN), 5 Litre TinEach","Cooking Oil DALDA or Other Similar Brand (SN), 5 Litre Tin",,Oils & Fats,Each,2928.87,2023-10_Annexure1.pdf,2922.26,2922.26,2950.0,2960.0,2960.0,2960.0,2891.93,3010.0,2960.0,2960.0,2996.81,2960.0,2984.69,2829.01,2635.71,2960.0,2949.58
2023-10,2023-10-01,14,Vegetable Ghee DALDA/HABIB 2.5 kg TinEach,Vegetable Ghee DALDA/HABIB 2.5 kg Tin,,Oils & Fats,Each,1392.21,2023-10_Annexure1.pdf,1397.48,1397.48,1405.0,1397.48,1405.0,1405.0,1392.44,1405.0,1409.98,1390.0,1414.75,1405.0,1405.0,1367.33,1293.7,1406.87,1374.77
2023-10,2023-10-01,15,Vegetable Ghee DALDA/HABIB or Other superior Quality 1 kg PouchEach,Vegetable Ghee DALDA/HABIB or Other superior Quality 1 kg Pouch,,Oils & Fats,Each,534.92,2023-10_Annexure1.pdf,535.71,535.71,540.12,536.12,535.71,510.66,532.82,539.45,541.95,547.0,547.0,547.0,547.0,520.28,486.64,547.0,547.45
2023-10,2023-10-01,16,Bananas (Kela) Local 1 Dozen,Bananas (Kela) Local,,Fruits,1 Dozen,116.41,2023-10_Annexure1.pdf,197.75,159.98,118.76,123.24,125.08,103.75,101.52,133.33,126.58,94.7,85.78,105.47,83.66,132.12,106.27,106.89,119.56
2023-10,2023-10-01,17,Pulse Masoor (Washed) 1 Kg,Pulse Masoor (Washed),Pulse Masoor (Washed),Pulses & Legumes,1 Kg,323.01,2023-10_Annexure1.pdf,366.42,341.99,307.47,304.88,322.22,309.21,335.67,299.91,323.25,338.1,311.6,319.51,309.49,320.56,319.37,333.6,334.76
2023-10,2023-10-01,18,Pulse Moong (Washed) 1 Kg,Pulse Moong (Washed),Pulse Moong (Washed),Pulses & Legumes,1 Kg,279.57,2023-10_Annexure1.pdf,295.53,279.54,272.47,252.49,270.4,249.81,280.0,261.52,264.95,302.41,290.94,297.23,301.16,261.24,249.27,332.45,306.52
2023-10,2023-10-01,19,Pulse Mash (Washed) 1 Kg,Pulse Mash (Washed),Pulse Mash (Washed),Pulses & Legumes,1 Kg,529.88,2023-10_Annexure1.pdf,571.8,551.36,527.19,510.79,563.95,538.33,554.98,530.46,528.24,555.33,507.39,529.91,539.68,533.85,540.0,573.66,383.13
2023-10,2023-10-01,20,Pulse Gram 1 Kg,Pulse Gram,Pulse Gram,Pulses & Legumes,1 Kg,234.86,2023-10_Annexure1.pdf,259.71,250.12,207.34,201.24,218.8,228.23,215.15,224.99,229.89,254.09,230.14,244.85,227.12,248.65,223.25,282.44,262.05
2023-10,2023-10-01,21,Potatoes 1 Kg,Potatoes,Potatoes,Vegetables,1 Kg,98.13,2023-10_Annexure1.pdf,128.6,118.6,108.83,112.12,104.9,96.55,85.69,107.89,100.0,88.16,80.0,80.0,84.02,100.18,100.5,87.3,100.0
2023-10,2023-10-01,22,Onions 1 Kg,Onions,Onions,Vegetables,1 Kg,106.1,2023-10_Annexure1.pdf,138.84,127.68,110.28,114.52,115.46,104.36,98.88,112.35,113.82,112.91,111.66,94.87,91.55,107.11,94.57,74.89,96.55
2023-10,2023-10-01,23,Tomatoes 1 Kg,Tomatoes,Tomatoes,Vegetables,1 Kg,112.8,2023-10_Annexure1.pdf,142.73,123.51,128.82,121.41,130.67,105.65,109.54,115.49,124.51,131.26,114.02,112.47,120.66,96.03,68.75,90.87,106.02
2023-10,2023-10-01,24,Sugar Refined 1 Kg,Sugar Refined,,Sugar & Sweeteners,1 Kg,148.93,2023-10_Annexure1.pdf,154.46,153.57,149.88,149.1,152.51,146.4,146.39,143.99,146.97,147.16,139.85,139.87,143.52,155.36,150.66,159.6,154.13
2023-10,2023-10-01,25,Gur (Average Quality) 1 Kg,Gur (Average Quality),,Sugar & Sweeteners,1 Kg,224.45,2023-10_Annexure1.pdf,217.23,203.15,200.0,220.0,231.73,242.01,222.94,233.87,210.58,258.12,250.72,199.5,180.48,238.6,209.76,266.81,250.4
2023-10,2023-10-01,26,Salt Powdered (NATIONAL/SHAN) 800 gm PacketEach,Salt Powdered (NATIONAL/SHAN) 800 gm Packet,,Condiments & Spices,Each,63.67,2023-10_Annexure1.pdf,67.35,66.84,70.0,70.0,60.0,62.36,70.0,60.0,70.0,64.81,61.92,60.0,50.0,70.0,60.0,60.0,63.16
2023-10,2023-10-01,27,Chilies Powder NATIONAL 200 gm PacketEach,Chilies Powder NATIONAL 200 gm Packet,,Condiments & Spices,Each,400.0,2023-10_Annexure1.pdf,400.0,400.0,400.0,400.0,400.0,400.0,400.0,400.0,400.0,400.0,400.0,400.0,400.0,400.0,400.0,400.0,400.0
2023-10,2023-10-01,28,Garlic (Lehsun) 1 Kg,Garlic (Lehsun),,Vegetables,1 Kg,520.2,2023-10_Annexure1.pdf,570.44,544.14,500.0,499.04,527.87,522.62,494.14,560.37,516.61,459.84,478.84,538.0,481.64,583.68,600.0,489.62,500.17
2023-10,2023-10-01,29,Tea Lipton Yellow Label 190 gm PacketEach,Tea Lipton Yellow Label 190 gm Packet,,Beverages,Each,549.46,2023-10_Annexure1.pdf,542.86,542.86,542.86,542.86,542.86,542.86,558.82,558.82,542.86,544.29,558.82,558.82,558.82,542.86,550.78,550.78,558.82
2023-10,2023-10-01,30,Cooked Beef at Average Hotel Per Plate,Cooked Beef at Average Hotel,,Food Away from Home,Per Plate,270.27,2023-10_Annexure1.pdf,284.75,255.83,375.0,300.0,217.75,300.0,250.0,289.35,273.17,313.35,274.86,200.0,240.0,188.69,250.0,332.2,319.68
2023-10,2023-10-01,31,Cooked Daal at Average Hotel Per Plate,Cooked Daal at Average Hotel,,Food Away from Home,Per Plate,139.26,2023-10_Annexure1.pdf,201.59,185.22,140.0,120.0,133.18,150.0,120.0,122.07,132.99,150.43,156.45,120.0,120.0,115.98,120.0,139.76,173.07
2023-10,2023-10-01,32,Tea Prepared Ordinary Per Cup,Tea Prepared Ordinary,,Food Away from Home,Per Cup,55.48,2023-10_Annexure1.pdf,66.49,65.14,60.0,50.0,49.47,58.2,52.33,60.0,40.0,68.07,64.81,56.21,55.61,39.39,50.0,70.0,50.0
2023-10,2023-10-01,33,Cigarettes Capstan 20'S Packet Each,Cigarettes Capstan 20'S Packet,,Tobacco,Each,222.13,2023-10_Annexure1.pdf,220.0,220.0,220.0,220.0,220.0,220.0,220.0,220.0,220.0,232.99,220.0,220.0,220.0,228.87,220.0,230.0,224.94
2023-10,2023-10-01,34,"Long Cloth 57"" Gul Ahmed/Al Karam 1 mtr","Long Cloth 57"" Gul Ahmed/Al Karam",,Textiles & Apparel,1 mtr,558.33,2023-10_Annexure1.pdf,558.83,543.83,571.0,570.0,550.19,482.74,650.0,614.0,606.59,526.14,494.5,500.0,516.14,642.0,700.0,648.72,400.0
2023-10,2023-10-01,35,Shirting (Average Quality) 1 mtr,Shirting (Average Quality),,Textiles & Apparel,1 mtr,401.57,2023-10_Annexure1.pdf,568.98,537.22,400.0,370.0,378.25,694.04,566.65,437.44,586.59,386.84,313.19,229.58,313.19,444.32,450.0,229.85,265.66
2023-10,2023-10-01,36,Lawn Printed Gul Ahmed/Al Karam 1 mtr,Lawn Printed Gul Ahmed/Al Karam,,Textiles & Apparel,1 mtr,556.17,2023-10_Annexure1.pdf,476.27,426.41,550.0,550.0,669.96,566.19,650.0,586.0,556.59,550.0,494.5,550.0,532.8,702.0,650.0,648.72,400.0
2023-10,2023-10-01,37,Georgette (Average Quality) 1 mtr,Georgette (Average Quality),,Textiles & Apparel,1 mtr,254.26,2023-10_Annexure1.pdf,306.85,295.8,200.0,300.0,315.58,350.0,346.63,251.09,233.14,284.92,209.76,206.46,265.66,236.33,160.0,199.83,256.62
2023-10,2023-10-01,38,Gents Sandal Bata Pair,Gents Sandal Bata,,Footwear,Pair,2299.0,2023-10_Annexure1.pdf,2299.0,2299.0,2299.0,2299.0,2299.0,2299.0,2299.0,2299.0,2299.0,2299.0,2299.0,2299.0,2299.0,2299.0,2299.0,2299.0,2299.0
2023-10,2023-10-01,39,Gents Sponge Chappal Bata Pair,Gents Sponge Chappal Bata,,Footwear,Pair,599.0,2023-10_Annexure1.pdf,599.0,599.0,599.0,599.0,599.0,599.0,599.0,599.0,599.0,599.0,599.0,599.0,599.0,599.0,599.0,599.0,599.0
2023-10,2023-10-01,40,Ladies Sandal Bata Pair,Ladies Sandal Bata,,Footwear,Pair,799.0,2023-10_Annexure1.pdf,799.0,799.0,799.0,799.0,799.0,799.0,799.0,799.0,799.0,799.0,799.0,799.0,799.0,799.0,799.0,799.0,799.0
2023-10,2023-10-01,41,Electricity Charges upto 50 Units Per Unit,Electricity Charges upto 50 Units,,Energy & Utilities,Per Unit,8.05,2023-10_Annexure1.pdf,8.05,8.05,8.05,8.05,8.05,8.05,8.05,8.05,8.05,8.05,8.05,8.05,8.05,8.05,8.05,8.05,8.05
2023-10,2023-10-01,42,Gas Charges upto,Gas Charges upto 3.3719 MMBTU,,Energy & Utilities,MMBTU,295.0,2023-10_Annexure1.pdf,3.3719,295.0,295.0,295.0,295.0,295.0,295.0,295.0,295.0,295.0,295.0,295.0,295.0,295.0,295.0,295.0,295.0
2023-10,2023-10-01,43,Firewood Whole 40 Kg,Firewood Whole,,Energy & Utilities,40 Kg,1103.13,2023-10_Annexure1.pdf,1643.17,1365.2,1400.0,1000.0,1527.92,1400.0,900.0,1208.19,1200.0,968.39,1000.0,700.0,816.33,986.56,795.81,1349.38,1032.28
2023-10,2023-10-01,44,Energy Saver Philips 14 Watt Each,Energy Saver Philips 14 Watt,,Household Goods,Each,337.81,2023-10_Annexure1.pdf,271.48,260.4,550.0,575.0,210.0,365.93,550.0,575.0,272.7,339.82,350.0,250.0,350.0,240.0,250.0,350.0,300.0
2023-10,2023-10-01,45,Sufi Washing Soap 250 gm Cake Each,Sufi Washing Soap 250 gm Cake,,Personal & Household Care,Each,130.4,2023-10_Annexure1.pdf,138.92,139.14,130.0,130.0,130.0,130.0,130.0,125.0,133.25,130.0,130.0,138.0,120.0,130.0,134.26,124.9,125.0
2023-10,2023-10-01,46,Match Box Each,Match Box,,Household Goods,Each,5.78,2023-10_Annexure1.pdf,6.0,6.0,5.0,5.0,6.32,6.0,6.0,7.0,7.0,7.0,5.65,6.0,5.0,6.0,5.0,5.0,5.0
2023-10,2023-10-01,47,Petrol Super Per Litre,Petrol Super,,Fuel & Transport,Per Litre,303.82,2023-10_Annexure1.pdf,303.58,303.54,303.64,303.76,303.58,303.55,303.86,303.61,304.1,303.58,304.91,303.76,303.91,303.57,304.94,303.54,303.58
2023-10,2023-10-01,48,Hi-Speed Diesel Per Litre,Hi-Speed Diesel,,Fuel & Transport,Per Litre,311.68,2023-10_Annexure1.pdf,311.45,311.43,311.46,311.63,311.45,311.51,311.78,311.47,311.96,311.45,312.7,311.51,311.88,311.44,312.71,311.36,311.45
2023-10,2023-10-01,49,LPG,LPG 11.67 kg Cylinder,,Energy & Utilities,Each,3247.07,2023-10_Annexure1.pdf,11.67,3324.91,3330.26,3335.07,3354.62,3238.03,3103.33,3199.41,3117.24,3134.52,3109.4,3072.23,3351.57,3319.59,3179.92,3037.22,3124.73
2023-10,2023-10-01,50,Telephone Call Charges Per Minute,Telephone Call Charges,,Communication,Per Minute,1.79,2023-10_Annexure1.pdf,1.79,1.79,1.79,1.79,1.79,1.79,1.79,1.79,1.79,1.79,1.79,1.79,1.79,1.79,1.79,1.79,1.79
2023-10,2023-10-01,51,Toilet Soap LIFEBUOY 115 gm Each,Toilet Soap LIFEBUOY 115 gm,,Personal & Household Care,Each,109.94,2023-10_Annexure1.pdf,111.47,111.47,103.32,111.47,111.47,105.0,117.47,111.47,111.48,111.48,111.48,105.0,118.6,103.32,111.47,111.48,103.0
2023-11,2023-11-01,1,Wheat Flour Bag 20 Kg,Wheat Flour Bag,,Cereals & Grains,20 Kg,2787.37,2023-11_Annexure1.pdf,2897.36,2891.46,2814.43,2825.83,2781.41,2742.56,2826.49,2755.11,2765.07,2685.2,2860.63,2651.19,2686.5,2800.69,2822.79,2771.02,2821.52
2023-11,2023-11-01,2,Rice Basmati Broken (Average Quality)1 Kg,Rice Basmati Broken (Average Quality),,Cereals & Grains,1 Kg,226.4,2023-11_Annexure1.pdf,254.82,245.28,213.28,220.0,234.71,223.28,215.27,200.0,186.43,271.69,232.66,240.0,213.11,250.0,190.0,254.97,223.28
2023-11,2023-11-01,3,Rice IRRI-6/9 (Sindh/Punjab) 1 Kg,Rice IRRI-6/9 (Sindh/Punjab),,Cereals & Grains,1 Kg,-4.34,2023-11_Annexure1.pdf,151.18,129.41,160.0,173.27,163.46,170.0,179.45,177.6,170.0,129.27,161.95,170.0,184.95,143.26,160.76,168.06,99.31
2023-11,2023-11-01,4,Bread plain (Small Size) Each,Bread plain (Small Size),,Bakery & Confectionery,Each,115.47,2023-11_Annexure1.pdf,120.0,120.0,120.0,110.0,120.0,120.0,110.0,120.0,120.0,120.0,120.0,123.9,112.92,110.0,100.0,120.0,100.0
2023-11,2023-11-01,5,Beef with Bone (Average Quality) 1 Kg,Beef with Bone (Average Quality),,Meat & Poultry,1 Kg,820.57,2023-11_Annexure1.pdf,1026.85,965.45,812.66,800.0,868.14,861.77,801.32,821.85,782.97,932.44,762.2,739.72,800.0,699.46,700.0,864.95,782.97
2023-11,2023-11-01,6,Mutton (Average Quality) 1 Kg,Mutton (Average Quality),,Meat & Poultry,1 Kg,1703.68,2023-11_Annexure1.pdf,2029.23,1976.48,1800.0,1800.0,2032.79,1930.98,1503.28,1800.0,1532.62,1811.11,1582.88,1400.0,1732.7,1610.88,1400.0,1724.58,1500.0
2023-11,2023-11-01,7,Chicken Farm Broiler (Live) 1 Kg,Chicken Farm Broiler (Live),,Meat & Poultry,1 Kg,358.19,2023-11_Annexure1.pdf,359.7,354.18,342.01,347.45,331.09,350.87,345.81,356.87,319.07,380.65,372.2,365.86,347.86,362.66,365.86,387.37,409.81
2023-11,2023-11-01,8,Milk fresh (Un-boiled) 1 Ltr,Milk fresh (Un-boiled),,Dairy & Eggs,1 Ltr,185.31,2023-11_Annexure1.pdf,212.34,211.77,200.0,160.0,160.93,186.43,146.59,176.6,146.59,200.59,200.0,200.0,213.12,211.59,156.59,200.0,193.1
2023-11,2023-11-01,9,Curd (Dahi) Loose 1 Kg,Curd (Dahi) Loose,,Dairy & Eggs,1 Kg,215.71,2023-11_Annexure1.pdf,232.35,231.08,220.0,180.0,185.9,220.0,180.0,217.68,180.0,314.83,276.56,220.0,220.0,228.46,176.6,220.0,206.61
2023-11,2023-11-01,10,Powdered Milk NIDO 390 gm PolybagEach,Powdered Milk NIDO 390 gm Polybag,,Dairy & Eggs,Each,822.89,2023-11_Annexure1.pdf,828.64,824.25,820.0,820.0,820.0,820.0,820.0,820.0,820.0,810.23,830.0,820.0,820.0,826.65,820.0,850.0,820.0
2023-11,2023-11-01,11,Eggs Hen (Farm) 1 Dozen,Eggs Hen (Farm),,Dairy & Eggs,1 Dozen,333.88,2023-11_Annexure1.pdf,340.02,339.58,340.0,335.29,330.4,337.98,330.4,323.02,317.38,340.24,336.2,336.98,324.63,347.53,333.2,337.92,326.63
2023-11,2023-11-01,12,Mustard Oil (Average Quality) 1 Kg,Mustard Oil (Average Quality),,Oils & Fats,1 Kg,502.74,2023-11_Annexure1.pdf,687.35,667.24,423.93,480.0,500.87,600.0,500.0,497.74,459.79,486.8,376.69,351.62,497.02,616.22,440.18,574.75,522.24
2023-11,2023-11-01,13,"Cooking Oil DALDA or Other Similar Brand (SN), 5 Litre TinEach","Cooking Oil DALDA or Other Similar Brand (SN), 5 Litre Tin",,Oils & Fats,Each,2834.43,2023-11_Annexure1.pdf,2798.65,2813.13,2928.85,2835.0,2835.0,2835.0,2798.65,2884.79,2892.66,2798.65,2914.77,2960.0,2914.77,2721.26,2510.9,2914.77,2860.26
2023-11,2023-11-01,14,Vegetable Ghee DALDA/HABIB 2.5 kg TinEach,Vegetable Ghee DALDA/HABIB 2.5 kg Tin,,Oils & Fats,Each,1361.52,2023-11_Annexure1.pdf,1353.52,1364.83,1390.08,1380.0,1380.0,1380.0,1380.0,1373.62,1385.82,1351.74,1387.99,1405.0,1395.98,1322.7,1204.96,1376.57,1326.41
2023-11,2023-11-01,15,Vegetable Ghee DALDA/HABIB or Other superior Quality 1 kg PouchEach,Vegetable Ghee DALDA/HABIB or Other superior Quality 1 kg Pouch,,Oils & Fats,Each,514.74,2023-11_Annexure1.pdf,512.98,512.98,517.78,514.98,514.98,495.28,512.98,514.98,520.9,514.98,527.97,524.48,530.02,505.95,480.0,522.13,529.73
2023-11,2023-11-01,16,Bananas (Kela) Local 1 Dozen,Bananas (Kela) Local,,Fruits,1 Dozen,111.36,2023-11_Annexure1.pdf,191.94,149.85,115.7,123.24,98.78,96.97,98.54,130.89,122.41,93.37,85.86,103.09,87.9,113.22,107.57,100.52,112.92
2023-11,2023-11-01,17,Pulse Masoor (Washed) 1 Kg,Pulse Masoor (Washed),Pulse Masoor (Washed),Pulses & Legumes,1 Kg,320.98,2023-11_Annexure1.pdf,361.43,334.13,315.83,318.74,312.42,326.97,322.62,311.14,311.84,325.04,318.58,307.46,318.63,315.23,303.9,329.63,327.26
2023-11,2023-11-01,18,Pulse Moong (Washed) 1 Kg,Pulse Moong (Washed),Pulse Moong (Washed),Pulses & Legumes,1 Kg,276.47,2023-11_Annexure1.pdf,288.2,272.48,263.95,250.0,270.4,263.36,280.0,268.68,256.62,289.99,283.07,290.0,278.44,266.82,261.81,319.93,305.21
2023-11,2023-11-01,19,Pulse Mash (Washed) 1 Kg,Pulse Mash (Washed),Pulse Mash (Washed),Pulses & Legumes,1 Kg,520.96,2023-11_Annexure1.pdf,565.57,548.99,509.93,514.98,535.21,538.84,556.65,536.12,522.62,538.07,520.58,510.0,491.74,526.65,535.94,564.97,373.21
2023-11,2023-11-01,20,Pulse Gram 1 Kg,Pulse Gram,Pulse Gram,Pulses & Legumes,1 Kg,229.43,2023-11_Annexure1.pdf,250.06,239.4,215.85,209.9,207.45,225.25,205.82,226.7,217.22,240.2,221.42,220.0,224.47,255.85,229.26,280.93,243.29
2023-11,2023-11-01,21,Potatoes 1 Kg,Potatoes,Potatoes,Vegetables,1 Kg,106.92,2023-11_Annexure1.pdf,148.21,135.43,122.53,125.83,130.28,112.27,102.52,129.53,106.32,89.39,79.96,80.0,84.73,105.21,103.71,92.29,100.0
2023-11,2023-11-01,22,Onions 1 Kg,Onions,Onions,Vegetables,1 Kg,127.42,2023-11_Annexure1.pdf,159.82,147.86,131.65,134.93,140.09,125.9,119.17,132.71,124.79,130.24,138.84,120.79,123.5,125.49,119.32,107.98,96.55
2023-11,2023-11-01,23,Tomatoes 1 Kg,Tomatoes,Tomatoes,Vegetables,1 Kg,161.49,2023-11_Annexure1.pdf,198.11,184.43,184.05,178.85,192.73,163.04,141.49,158.21,158.77,152.13,136.01,142.22,153.72,158.14,144.15,148.66,167.77
2023-11,2023-11-01,24,Sugar Refined 1 Kg,Sugar Refined,,Sugar & Sweeteners,1 Kg,138.79,2023-11_Annexure1.pdf,144.03,143.14,138.95,140.24,140.96,136.52,140.0,134.25,133.6,133.34,131.78,129.56,136.33,140.46,135.06,161.9,142.1
2023-11,2023-11-01,25,Gur (Average Quality) 1 Kg,Gur (Average Quality),,Sugar & Sweeteners,1 Kg,204.95,2023-11_Annexure1.pdf,217.23,203.15,180.0,203.85,201.84,200.0,200.65,222.18,180.0,243.62,235.09,180.0,153.27,212.48,190.4,276.87,213.93
2023-11,2023-11-01,26,Salt Powdered (NATIONAL/SHAN) 800 gm PacketEach,Salt Powdered (NATIONAL/SHAN) 800 gm Packet,,Condiments & Spices,Each,67.5,2023-11_Annexure1.pdf,70.0,70.0,70.0,70.0,65.81,70.0,70.0,67.87,70.0,70.0,70.0,67.87,61.19,70.0,60.0,60.0,66.49
2023-11,2023-11-01,27,Chilies Powder NATIONAL 200 gm PacketEach,Chilies Powder NATIONAL 200 gm Packet,,Condiments & Spices,Each,400.0,2023-11_Annexure1.pdf,400.0,400.0,400.0,400.0,400.0,400.0,400.0,400.0,400.0,400.0,400.0,400.0,400.0,400.0,400.0,400.0,400.0
2023-11,2023-11-01,28,Garlic (Lehsun) 1 Kg,Garlic (Lehsun),,Vegetables,1 Kg,552.38,2023-11_Annexure1.pdf,608.69,573.94,558.73,558.73,516.61,568.84,540.04,618.81,561.67,450.45,437.91,593.08,529.74,598.96,609.68,541.4,562.96
2023-11,2023-11-01,29,Tea Lipton Yellow Label 190 gm PacketEach,Tea Lipton Yellow Label 190 gm Packet,,Beverages,Each,588.93,2023-11_Annexure1.pdf,619.89,619.93,619.88,542.86,647.91,619.88,570.84,647.91,638.43,544.29,552.38,546.18,627.11,593.07,542.85,542.85,558.82
2023-11,2023-11-01,30,Cooked Beef at Average Hotel Per Plate,Cooked Beef at Average Hotel,,Food Away from Home,Per Plate,272.25,2023-11_Annexure1.pdf,284.75,255.83,375.0,300.0,217.75,300.0,250.0,300.0,273.17,316.87,279.31,200.0,240.0,193.1,250.0,344.98,319.68
2023-11,2023-11-01,31,Cooked Daal at Average Hotel Per Plate,Cooked Daal at Average Hotel,,Food Away from Home,Per Plate,139.91,2023-11_Annexure1.pdf,201.59,185.22,140.0,120.0,133.18,155.92,120.0,122.07,132.99,151.67,161.68,120.0,120.0,115.98,120.0,139.76,173.07
2023-11,2023-11-01,32,Tea Prepared Ordinary Per Cup,Tea Prepared Ordinary,,Food Away from Home,Per Cup,56.65,2023-11_Annexure1.pdf,66.49,65.14,60.0,50.0,49.47,61.88,53.13,60.0,45.73,68.19,65.31,60.0,58.56,40.13,50.0,70.0,50.0
2023-11,2023-11-01,33,Cigarettes Capstan 20'S Packet Each,Cigarettes Capstan 20'S Packet,,Tobacco,Each,221.98,2023-11_Annexure1.pdf,220.0,220.0,220.0,220.0,220.0,220.0,220.0,220.0,220.0,232.99,220.0,220.0,220.0,230.0,220.0,227.96,223.28
2023-11,2023-11-01,34,"Long Cloth 57"" Gul Ahmed/Al Karam 1 mtr","Long Cloth 57"" Gul Ahmed/Al Karam",,Textiles & Apparel,1 mtr,561.74,2023-11_Annexure1.pdf,558.83,543.83,571.0,570.0,550.19,482.74,650.0,614.0,606.59,583.0,494.92,500.0,516.14,642.0,700.0,648.72,400.0
2023-11,2023-11-01,35,Shirting (Average Quality) 1 mtr,Shirting (Average Quality),,Textiles & Apparel,1 mtr,411.04,2023-11_Annexure1.pdf,568.98,537.22,400.0,370.0,378.25,748.89,566.65,503.34,586.59,402.76,332.79,229.58,313.19,444.32,450.0,229.85,287.46
2023-11,2023-11-01,36,Lawn Printed Gul Ahmed/Al Karam 1 mtr,Lawn Printed Gul Ahmed/Al Karam,,Textiles & Apparel,1 mtr,556.36,2023-11_Annexure1.pdf,476.27,426.41,550.0,550.0,669.96,566.19,650.0,586.0,556.59,552.62,494.92,550.0,532.8,702.0,650.0,648.72,400.0
2023-11,2023-11-01,37,Georgette (Average Quality) 1 mtr,Georgette (Average Quality),,Textiles & Apparel,1 mtr,257.74,2023-11_Annexure1.pdf,306.85,295.8,200.0,300.0,315.58,350.0,346.63,251.09,256.27,302.6,209.76,206.46,265.66,236.33,160.0,199.83,276.97
2023-11,2023-11-01,38,Gents Sandal Bata Pair,Gents Sandal Bata,,Footwear,Pair,2299.0,2023-11_Annexure1.pdf,2299.0,2299.0,2299.0,2299.0,2299.0,2299.0,2299.0,2299.0,2299.0,2299.0,2299.0,2299.0,2299.0,2299.0,2299.0,2299.0,2299.0
2023-11,2023-11-01,39,Gents Sponge Chappal Bata Pair,Gents Sponge Chappal Bata,,Footwear,Pair,599.0,2023-11_Annexure1.pdf,599.0,599.0,599.0,599.0,599.0,599.0,599.0,599.0,599.0,599.0,599.0,599.0,599.0,599.0,599.0,599.0,599.0
2023-11,2023-11-01,40,Ladies Sandal Bata Pair,Ladies Sandal Bata,,Footwear,Pair,799.0,2023-11_Annexure1.pdf,799.0,799.0,799.0,799.0,799.0,799.0,799.0,799.0,799.0,799.0,799.0,799.0,799.0,799.0,799.0,799.0,799.0
2023-11,2023-11-01,41,Electricity Charges upto 50 Units Per Unit,Electricity Charges upto 50 Units,,Energy & Utilities,Per Unit,7.4,2023-11_Annexure1.pdf,7.4,7.4,7.4,7.4,7.4,7.4,7.4,7.4,7.4,7.4,7.4,7.4,7.4,7.4,7.4,7.4,7.4
2023-11,2023-11-01,42,Gas Charges for Q1                                  MMBTU,Gas Charges upto 3.3719 MMBTU,,Energy & Utilities,MMBTU,295.0,2023-11_Annexure1.pdf,846.99,846.99,846.99,846.99,846.99,846.99,846.99,846.99,846.99,846.99,846.99,846.99,846.99,846.99,846.99,846.99,846.99
2023-11,2023-11-01,43,Firewood Whole 40 Kg,Firewood Whole,,Energy & Utilities,40 Kg,1114.91,2023-11_Annexure1.pdf,1643.17,1365.2,1400.0,1000.0,1532.62,1452.48,932.69,1247.5,1200.0,1022.57,1000.0,712.57,816.33,987.3,795.81,1349.38,1032.28
2023-11,2023-11-01,44,Energy Saver Philips 14 Watt Each,Energy Saver Philips 14 Watt,,Household Goods,Each,338.4,2023-11_Annexure1.pdf,271.48,260.4,550.0,575.0,210.0,365.93,550.0,575.0,272.7,350.0,350.0,250.0,350.0,240.0,250.0,350.0,300.0
2023-11,2023-11-01,45,Sufi Washing Soap 250 gm Cake Each,Sufi Washing Soap 250 gm Cake,,Personal & Household Care,Each,129.31,2023-11_Annexure1.pdf,131.62,131.29,130.0,130.0,130.0,130.0,130.0,125.0,133.25,130.0,130.0,138.0,120.0,130.0,125.0,130.0,125.0
2023-11,2023-11-01,46,Match Box Each,Match Box,,Household Goods,Each,5.81,2023-11_Annexure1.pdf,6.0,6.0,5.0,5.0,6.32,6.0,6.0,7.0,7.0,7.0,6.04,6.0,5.0,6.0,5.0,5.19,5.0
2023-11,2023-11-01,47,Petrol Super Per Litre,Petrol Super,,Fuel & Transport,Per Litre,283.27,2023-11_Annexure1.pdf,283.02,283.0,283.04,283.2,283.02,283.0,283.3,283.05,283.6,283.01,284.35,283.22,283.35,283.02,284.4,282.96,283.02
2023-11,2023-11-01,48,Hi-Speed Diesel Per Litre,Hi-Speed Diesel,,Fuel & Transport,Per Litre,300.37,2023-11_Annexure1.pdf,300.13,300.14,300.18,300.33,300.15,300.16,300.42,300.11,300.66,300.14,301.41,300.22,300.55,300.14,301.38,300.09,300.15
2023-11,2023-11-01,49,LPG,LPG 11.67 kg Cylinder,,Energy & Utilities,Each,3174.39,2023-11_Annexure1.pdf,11.67,3278.43,3360.38,3313.75,3290.88,3149.17,3086.69,3100.0,3146.24,3035.52,3070.8,3109.66,3315.52,3205.98,3139.19,2989.77,3179.66
2023-11,2023-11-01,50,Telephone Call Charges Per Minute,Telephone Call Charges,,Communication,Per Minute,1.79,2023-11_Annexure1.pdf,1.79,1.79,1.79,1.79,1.79,1.79,1.79,1.79,1.79,1.79,1.79,1.79,1.79,1.79,1.79,1.79,1.79
2023-11,2023-11-01,51,Toilet Soap LIFEBUOY 115 gm Each,Toilet Soap LIFEBUOY 115 gm,,Personal & Household Care,Each,109.94,2023-11_Annexure1.pdf,111.47,111.47,103.32,111.47,111.47,105.0,117.47,111.47,111.48,111.48,111.48,105.0,118.6,103.32,111.47,111.48,103.0
2023-12,2023-12-01,1,Wheat Flour Bag 20 Kg,Wheat Flour Bag,,Cereals & Grains,20 Kg,2818.49,2023-12_Annexure1.pdf,2916.82,2908.11,2814.95,2867.0,2798.0,2800.0,2848.44,2765.78,2766.46,2732.59,2928.58,2689.98,2701.66,2812.89,2850.75,2851.24,2875.8
2023-12,2023-12-01,2,Rice Basmati Broken (Average Quality)1 Kg,Rice Basmati Broken (Average Quality),,Cereals & Grains,1 Kg,220.97,2023-12_Annexure1.pdf,254.82,245.28,199.26,163.27,226.77,223.28,216.61,200.0,186.43,267.39,242.33,229.78,219.39,236.18,190.0,262.43,223.28
2023-12,2023-12-01,3,Rice IRRI-6/9 (Sindh/Punjab) 1 Kg,Rice IRRI-6/9 (Sindh/Punjab),,Cereals & Grains,1 Kg,1.62,2023-12_Annexure1.pdf,158.04,140.75,160.0,173.27,157.72,170.0,177.67,183.23,170.0,132.87,170.0,170.0,184.95,148.29,163.36,160.76,101.76
2023-12,2023-12-01,4,Bread plain (Small Size) Each,Bread plain (Small Size),,Bakery & Confectionery,Each,115.79,2023-12_Annexure1.pdf,120.0,120.0,120.0,110.0,120.0,120.0,110.0,120.0,120.0,120.0,120.0,130.0,112.92,110.0,100.0,120.0,100.0
2023-12,2023-12-01,5,Beef with Bone (Average Quality) 1 Kg,Beef with Bone (Average Quality),,Meat & Poultry,1 Kg,824.8,2023-12_Annexure1.pdf,1045.15,970.62,840.48,800.0,868.14,861.77,806.61,821.85,782.97,935.29,762.2,750.0,800.0,704.53,700.0,864.95,782.97
2023-12,2023-12-01,6,Mutton (Average Quality) 1 Kg,Mutton (Average Quality),,Meat & Poultry,1 Kg,1708.93,2023-12_Annexure1.pdf,2044.86,1993.1,1800.0,1800.0,2032.79,1930.98,1520.63,1800.0,1532.62,1811.11,1591.03,1400.0,1757.64,1619.59,1400.0,1724.58,1500.0
2023-12,2023-12-01,7,Chicken Farm Broiler (Live) 1 Kg,Chicken Farm Broiler (Live),,Meat & Poultry,1 Kg,348.37,2023-12_Annexure1.pdf,355.33,348.28,334.97,339.47,325.91,342.33,327.06,349.81,318.16,359.53,349.02,357.27,354.82,349.98,354.95,377.18,384.9
2023-12,2023-12-01,8,Milk fresh (Un-boiled) 1 Ltr,Milk fresh (Un-boiled),,Dairy & Eggs,1 Ltr,185.28,2023-12_Annexure1.pdf,212.34,211.77,200.0,160.0,160.93,186.43,146.59,176.6,146.59,200.0,200.0,200.0,213.12,211.59,156.59,200.0,193.1
2023-12,2023-12-01,9,Curd (Dahi) Loose 1 Kg,Curd (Dahi) Loose,,Dairy & Eggs,1 Kg,215.53,2023-12_Annexure1.pdf,233.18,231.08,220.0,180.0,185.9,220.0,180.0,217.68,180.0,309.29,276.56,220.0,220.0,228.46,176.6,220.0,206.61
2023-12,2023-12-01,10,Powdered Milk NIDO 390 gm PolybagEach,Powdered Milk NIDO 390 gm Polybag,,Dairy & Eggs,Each,823.47,2023-12_Annexure1.pdf,832.89,829.97,820.0,820.0,820.0,820.0,820.0,820.0,820.0,810.23,830.0,820.0,820.0,826.65,820.0,850.0,820.0
2023-12,2023-12-01,11,Eggs Hen (Farm) 1 Dozen,Eggs Hen (Farm),,Dairy & Eggs,1 Dozen,367.39,2023-12_Annexure1.pdf,374.09,372.8,375.9,372.57,351.31,373.41,351.31,366.14,355.19,362.05,366.62,370.76,368.54,376.18,375.88,368.19,366.25
2023-12,2023-12-01,12,Mustard Oil (Average Quality) 1 Kg,Mustard Oil (Average Quality),,Oils & Fats,1 Kg,504.56,2023-12_Annexure1.pdf,682.29,663.89,420.0,480.0,500.87,600.0,500.0,497.74,459.79,482.31,402.65,337.26,545.78,616.22,442.08,574.75,506.58
2023-12,2023-12-01,13,"Cooking Oil DALDA or Other Similar Brand (SN), 5 Litre TinEach","Cooking Oil DALDA or Other Similar Brand (SN), 5 Litre Tin",,Oils & Fats,Each,2787.1,2023-12_Annexure1.pdf,2745.0,2762.77,2897.4,2835.0,2835.0,2745.0,2745.0,2835.0,2835.0,2745.0,2859.89,2904.72,2885.0,2665.0,2527.35,2835.0,2750.0
2023-12,2023-12-01,14,Vegetable Ghee DALDA/HABIB 2.5 kg TinEach,Vegetable Ghee DALDA/HABIB 2.5 kg Tin,,Oils & Fats,Each,1328.77,2023-12_Annexure1.pdf,1310.0,1323.71,1367.99,1310.0,1327.16,1362.16,1380.0,1310.0,1332.93,1310.0,1362.16,1400.0,1390.0,1300.0,1224.74,1310.0,1280.0
2023-12,2023-12-01,15,Vegetable Ghee DALDA/HABIB or Other superior Quality 1 kg PouchEach,Vegetable Ghee DALDA/HABIB or Other superior Quality 1 kg Pouch,,Oils & Fats,Each,506.57,2023-12_Annexure1.pdf,509.0,509.0,509.0,509.0,509.0,495.8,509.0,509.0,509.0,509.0,509.0,509.0,519.0,500.0,480.0,509.0,510.0
2023-12,2023-12-01,16,Bananas (Kela) Local 1 Dozen,Bananas (Kela) Local,,Fruits,1 Dozen,115.0,2023-12_Annexure1.pdf,203.19,161.97,118.98,123.24,108.17,100.61,103.23,143.26,112.92,102.89,84.59,100.0,96.55,118.85,116.41,93.52,112.92
2023-12,2023-12-01,17,Pulse Masoor (Washed) 1 Kg,Pulse Masoor (Washed),Pulse Masoor (Washed),Pulses & Legumes,1 Kg,335.16,2023-12_Annexure1.pdf,367.44,350.24,320.0,327.47,327.14,346.54,337.47,336.5,320.0,340.77,329.85,332.47,320.0,326.28,320.0,367.56,333.3
2023-12,2023-12-01,18,Pulse Moong (Washed) 1 Kg,Pulse Moong (Washed),Pulse Moong (Washed),Pulses & Legumes,1 Kg,286.56,2023-12_Annexure1.pdf,291.62,272.62,282.47,259.9,270.4,288.28,280.82,293.34,263.81,293.2,287.97,301.76,305.94,266.33,270.0,341.37,313.19
2023-12,2023-12-01,19,Pulse Mash (Washed) 1 Kg,Pulse Mash (Washed),Pulse Mash (Washed),Pulses & Legumes,1 Kg,529.54,2023-12_Annexure1.pdf,567.25,550.59,520.0,520.0,535.21,552.1,556.65,544.96,533.25,540.7,530.75,512.48,534.79,541.54,549.91,573.7,373.21
2023-12,2023-12-01,20,Pulse Gram 1 Kg,Pulse Gram,Pulse Gram,Pulses & Legumes,1 Kg,239.56,2023-12_Annexure1.pdf,261.39,248.7,222.46,220.0,221.91,230.71,216.61,250.45,217.84,243.64,231.3,229.38,230.57,270.44,244.91,289.1,256.62
2023-12,2023-12-01,21,Potatoes 1 Kg,Potatoes,Potatoes,Vegetables,1 Kg,83.25,2023-12_Annexure1.pdf,111.76,104.68,79.13,87.89,83.52,79.67,74.06,88.75,85.86,80.26,71.37,71.35,65.29,94.83,81.81,78.27,89.44
2023-12,2023-12-01,22,Onions 1 Kg,Onions,Onions,Vegetables,1 Kg,167.38,2023-12_Annexure1.pdf,211.02,192.72,185.5,202.33,183.24,163.6,162.87,166.41,157.19,161.9,147.51,169.18,154.6,156.99,144.47,151.21,152.12
2023-12,2023-12-01,23,Tomatoes 1 Kg,Tomatoes,Tomatoes,Vegetables,1 Kg,111.21,2023-12_Annexure1.pdf,144.47,133.78,124.71,127.3,115.16,112.15,104.66,105.02,107.11,92.95,79.9,100.0,102.38,121.76,104.66,113.79,118.42
2023-12,2023-12-01,24,Sugar Refined 1 Kg,Sugar Refined,,Sugar & Sweeteners,1 Kg,141.0,2023-12_Annexure1.pdf,146.81,146.76,141.71,141.97,143.22,137.12,139.96,139.87,137.45,136.36,134.26,133.95,135.74,144.08,139.15,162.33,138.61
2023-12,2023-12-01,25,Gur (Average Quality) 1 Kg,Gur (Average Quality),,Sugar & Sweeteners,1 Kg,203.13,2023-12_Annexure1.pdf,217.23,203.15,180.0,200.0,201.84,200.0,200.0,222.18,180.0,220.18,230.42,180.0,161.2,209.84,186.43,279.83,206.46
2023-12,2023-12-01,26,Salt Powdered (NATIONAL/SHAN) 800 gm PacketEach,Salt Powdered (NATIONAL/SHAN) 800 gm Packet,,Condiments & Spices,Each,68.77,2023-12_Annexure1.pdf,70.0,70.0,70.0,70.0,70.0,70.0,70.0,70.0,70.0,70.0,70.0,70.0,70.0,70.0,60.0,63.57,66.49
2023-12,2023-12-01,27,Chilies Powder NATIONAL 200 gm PacketEach,Chilies Powder NATIONAL 200 gm Packet,,Condiments & Spices,Each,400.0,2023-12_Annexure1.pdf,400.0,400.0,400.0,400.0,400.0,400.0,400.0,400.0,400.0,400.0,400.0,400.0,400.0,400.0,400.0,400.0,400.0
2023-12,2023-12-01,28,Garlic (Lehsun) 1 Kg,Garlic (Lehsun),,Vegetables,1 Kg,587.21,2023-12_Annexure1.pdf,663.37,616.7,609.92,630.0,525.86,600.0,583.22,603.18,600.0,494.62,437.91,587.09,594.94,684.16,624.5,584.47,593.26
2023-12,2023-12-01,29,Tea Lipton Yellow Label 190 gm PacketEach,Tea Lipton Yellow Label 190 gm Packet,,Beverages,Each,576.65,2023-12_Annexure1.pdf,573.72,573.73,677.21,542.86,542.85,677.21,677.0,542.85,542.86,544.29,542.85,543.06,677.21,542.85,542.85,542.85,558.82
2023-12,2023-12-01,30,Cooked Beef at Average Hotel Per Plate,Cooked Beef at Average Hotel,,Food Away from Home,Per Plate,274.09,2023-12_Annexure1.pdf,296.03,270.81,375.0,300.0,217.75,300.0,250.0,300.0,273.17,316.87,280.0,200.0,240.0,196.24,250.0,344.98,319.68
2023-12,2023-12-01,31,Cooked Daal at Average Hotel Per Plate,Cooked Daal at Average Hotel,,Food Away from Home,Per Plate,140.76,2023-12_Annexure1.pdf,205.23,194.91,140.0,120.0,133.18,160.0,120.0,122.07,132.99,151.67,163.02,120.0,120.0,115.98,120.0,139.76,173.07
2023-12,2023-12-01,32,Tea Prepared Ordinary Per Cup,Tea Prepared Ordinary,,Food Away from Home,Per Cup,57.44,2023-12_Annexure1.pdf,66.49,65.14,60.0,50.0,49.47,63.16,56.46,60.0,50.0,68.7,67.57,60.0,60.0,40.13,50.0,70.0,50.0
2023-12,2023-12-01,33,Cigarettes Capstan 20'S Packet Each,Cigarettes Capstan 20'S Packet,,Tobacco,Each,221.8,2023-12_Annexure1.pdf,220.0,220.0,220.0,220.0,220.0,220.0,220.0,220.0,220.0,232.99,220.0,220.0,220.0,230.0,220.0,224.94,223.28
2023-12,2023-12-01,34,"Long Cloth 57"" Gul Ahmed/Al Karam 1 mtr","Long Cloth 57"" Gul Ahmed/Al Karam",,Textiles & Apparel,1 mtr,564.99,2023-12_Annexure1.pdf,567.02,549.88,571.0,570.0,550.19,482.74,650.0,614.0,606.59,626.78,494.92,500.0,516.14,642.0,700.0,648.72,400.0
2023-12,2023-12-01,35,Shirting (Average Quality) 1 mtr,Shirting (Average Quality),,Textiles & Apparel,1 mtr,415.83,2023-12_Annexure1.pdf,568.98,537.22,400.0,370.0,378.25,748.89,586.59,520.7,586.59,402.76,370.98,229.58,313.19,444.32,450.0,229.85,293.18
2023-12,2023-12-01,36,Lawn Printed Gul Ahmed/Al Karam 1 mtr,Lawn Printed Gul Ahmed/Al Karam,,Textiles & Apparel,1 mtr,556.46,2023-12_Annexure1.pdf,476.27,426.41,550.0,550.0,669.96,566.19,650.0,586.0,556.59,554.37,494.92,550.0,532.8,702.0,650.0,648.72,400.0
2023-12,2023-12-01,37,Georgette (Average Quality) 1 mtr,Georgette (Average Quality),,Textiles & Apparel,1 mtr,260.65,2023-12_Annexure1.pdf,311.23,297.8,200.0,300.0,315.58,350.0,349.15,251.09,259.62,302.6,238.93,206.46,265.66,236.33,160.0,199.83,282.31
2023-12,2023-12-01,38,Gents Sandal Bata Pair,Gents Sandal Bata,,Footwear,Pair,2299.0,2023-12_Annexure1.pdf,2299.0,2299.0,2299.0,2299.0,2299.0,2299.0,2299.0,2299.0,2299.0,2299.0,2299.0,2299.0,2299.0,2299.0,2299.0,2299.0,2299.0
2023-12,2023-12-01,39,Gents Sponge Chappal Bata Pair,Gents Sponge Chappal Bata,,Footwear,Pair,599.0,2023-12_Annexure1.pdf,599.0,599.0,599.0,599.0,599.0,599.0,599.0,599.0,599.0,599.0,599.0,599.0,599.0,599.0,599.0,599.0,599.0
2023-12,2023-12-01,40,Ladies Sandal Bata Pair,Ladies Sandal Bata,,Footwear,Pair,799.0,2023-12_Annexure1.pdf,799.0,799.0,799.0,799.0,799.0,799.0,799.0,799.0,799.0,799.0,799.0,799.0,799.0,799.0,799.0,799.0,799.0
2023-12,2023-12-01,41,Electricity Charges upto 50 Units Per Unit,Electricity Charges upto 50 Units,,Energy & Utilities,Per Unit,7.04,2023-12_Annexure1.pdf,7.04,7.04,7.04,7.04,7.04,7.04,7.04,7.04,7.04,7.04,7.04,7.04,7.04,7.04,7.04,7.04,7.04
2023-12,2023-12-01,42,Gas Charges upto,Gas Charges upto 3.3719 MMBTU,,Energy & Utilities,MMBTU,1711.0,2023-12_Annexure1.pdf,3.3719,1711.0,1711.0,1711.0,1711.0,1711.0,1711.0,1711.0,1711.0,1711.0,1711.0,1711.0,1711.0,1711.0,1711.0,1711.0,1711.0
2023-12,2023-12-01,43,Firewood Whole 40 Kg,Firewood Whole,,Energy & Utilities,40 Kg,1140.0,2023-12_Annexure1.pdf,1725.92,1434.39,1400.0,1000.0,1587.95,1500.0,978.86,1274.41,1249.0,1102.94,1000.0,731.86,816.33,987.3,795.81,1349.38,1032.28
2023-12,2023-12-01,44,Energy Saver Philips 14 Watt Each,Energy Saver Philips 14 Watt,,Household Goods,Each,348.72,2023-12_Annexure1.pdf,271.48,260.4,550.0,575.0,350.0,365.93,550.0,575.0,272.7,350.0,350.0,250.0,350.0,240.0,250.0,350.0,300.0
2023-12,2023-12-01,45,Sufi Washing Soap 250 gm Cake Each,Sufi Washing Soap 250 gm Cake,,Personal & Household Care,Each,129.31,2023-12_Annexure1.pdf,131.62,131.29,130.0,130.0,130.0,130.0,130.0,125.0,133.25,130.0,130.0,138.0,120.0,130.0,125.0,130.0,125.0
2023-12,2023-12-01,46,Match Box Each,Match Box,,Household Goods,Each,5.85,2023-12_Annexure1.pdf,6.0,6.0,5.0,5.0,6.32,6.0,6.0,7.0,7.0,7.0,6.32,6.0,5.0,6.0,5.0,5.48,5.0
2023-12,2023-12-01,47,Petrol Super Per Litre,Petrol Super,,Fuel & Transport,Per Litre,275.34,2023-12_Annexure1.pdf,275.1,275.1,275.11,275.28,275.1,275.06,275.37,275.12,275.7,275.09,276.38,275.16,275.42,275.11,276.51,275.05,275.1
2023-12,2023-12-01,48,Hi-Speed Diesel Per Litre,Hi-Speed Diesel,,Fuel & Transport,Per Litre,284.01,2023-12_Annexure1.pdf,283.72,283.74,283.77,283.9,283.72,284.21,284.37,283.81,284.29,283.71,284.94,283.77,284.04,283.77,284.97,283.68,283.72
2023-12,2023-12-01,49,LPG,LPG 11.67 kg Cylinder,,Energy & Utilities,Each,3300.0,2023-12_Annexure1.pdf,11.67,3448.08,3423.22,3325.49,3268.0,3267.6,3174.7,3150.0,3178.36,3080.0,3112.72,3150.54,3270.0,3200.0,3281.82,3050.0,3274.94
2023-12,2023-12-01,50,Telephone Call Charges Per Minute,Telephone Call Charges,,Communication,Per Minute,1.79,2023-12_Annexure1.pdf,1.79,1.79,1.79,1.79,1.79,1.79,1.79,1.79,1.79,1.79,1.79,1.79,1.79,1.79,1.79,1.79,1.79
2023-12,2023-12-01,51,Toilet Soap LIFEBUOY 115 gm Each,Toilet Soap LIFEBUOY 115 gm,,Personal & Household Care,Each,109.94,2023-12_Annexure1.pdf,111.47,111.47,103.32,111.47,111.47,105.0,117.47,111.47,111.48,111.48,111.48,105.0,118.6,103.32,111.47,111.48,103.0
2024-01,2024-01-01,1,Wheat Flour Bag 20 Kg,Wheat Flour Bag,,Cereals & Grains,20 Kg,2812.28,2024-01_Annexure1.pdf,2913.23,2902.12,2799.33,2800.0,2798.0,2773.27,2830.0,2725.84,2749.85,2790.99,2892.42,2694.99,2714.88,2829.33,2837.35,2890.29,2879.97
2024-01,2024-01-01,2,Rice Basmati Broken (Average Quality)1 Kg,Rice Basmati Broken (Average Quality),,Cereals & Grains,1 Kg,222.89,2024-01_Annexure1.pdf,254.82,245.28,196.78,163.27,233.98,224.11,219.15,200.0,186.43,268.02,248.17,220.0,249.93,234.92,189.15,264.97,223.28
2024-01,2024-01-01,3,Rice IRRI-6/9 (Sindh/Punjab) 1 Kg,Rice IRRI-6/9 (Sindh/Punjab),,Cereals & Grains,1 Kg,2.63,2024-01_Annexure1.pdf,168.39,147.87,160.0,176.6,158.12,170.0,177.75,187.78,170.0,156.59,174.93,170.0,184.95,150.0,167.66,163.36,111.9
2024-01,2024-01-01,4,Bread plain (Small Size) Each,Bread plain (Small Size),,Bakery & Confectionery,Each,115.79,2024-01_Annexure1.pdf,120.0,120.0,120.0,110.0,120.0,120.0,110.0,120.0,120.0,120.0,120.0,130.0,112.92,110.0,100.0,120.0,100.0
2024-01,2024-01-01,5,Beef with Bone (Average Quality) 1 Kg,Beef with Bone (Average Quality),,Meat & Poultry,1 Kg,835.65,2024-01_Annexure1.pdf,1045.15,970.62,866.35,824.62,868.14,861.77,806.61,835.81,782.97,952.46,768.37,774.6,800.0,765.77,700.0,867.41,782.97
2024-01,2024-01-01,6,Mutton (Average Quality) 1 Kg,Mutton (Average Quality),,Meat & Poultry,1 Kg,1731.66,2024-01_Annexure1.pdf,2057.45,1995.63,1800.0,1824.83,2032.79,1930.98,1533.15,1800.0,1549.2,1833.81,1649.24,1500.0,1766.03,1714.34,1400.0,1734.1,1500.0
2024-01,2024-01-01,7,Chicken Farm Broiler (Live) 1 Kg,Chicken Farm Broiler (Live),,Meat & Poultry,1 Kg,437.65,2024-01_Annexure1.pdf,436.45,423.89,416.07,415.63,415.22,430.39,417.25,440.94,405.22,465.7,455.37,452.37,440.08,430.75,438.23,460.01,507.34
2024-01,2024-01-01,8,Milk fresh (Un-boiled) 1 Ltr,Milk fresh (Un-boiled),,Dairy & Eggs,1 Ltr,185.33,2024-01_Annexure1.pdf,212.34,211.77,200.0,160.0,160.93,186.43,146.59,176.6,146.59,200.0,200.0,200.0,213.12,211.59,156.59,200.0,193.97
2024-01,2024-01-01,9,Curd (Dahi) Loose 1 Kg,Curd (Dahi) Loose,,Dairy & Eggs,1 Kg,215.53,2024-01_Annexure1.pdf,233.18,231.08,220.0,180.0,185.9,220.0,180.0,217.68,180.0,309.29,276.56,220.0,220.0,228.46,176.6,220.0,206.61
2024-01,2024-01-01,10,Powdered Milk NIDO 390 gm PolybagEach,Powdered Milk NIDO 390 gm Polybag,,Dairy & Eggs,Each,823.87,2024-01_Annexure1.pdf,834.97,834.65,820.0,820.0,820.0,820.0,820.0,820.0,820.0,810.23,830.0,820.0,820.0,826.65,820.0,850.0,820.0
2024-01,2024-01-01,11,Eggs Hen (Farm) 1 Dozen,Eggs Hen (Farm),,Dairy & Eggs,1 Dozen,416.69,2024-01_Annexure1.pdf,421.23,416.49,424.91,427.48,399.26,419.66,404.66,422.36,411.85,402.36,414.52,422.3,424.14,430.13,417.36,411.7,414.83
2024-01,2024-01-01,12,Mustard Oil (Average Quality) 1 Kg,Mustard Oil (Average Quality),,Oils & Fats,1 Kg,503.18,2024-01_Annexure1.pdf,667.35,653.94,420.0,480.0,500.87,600.0,500.0,497.74,479.47,487.72,401.63,344.96,513.18,616.22,442.08,562.92,506.58
2024-01,2024-01-01,13,"Cooking Oil DALDA or Other Similar Brand (SN), 5 Litre TinEach","Cooking Oil DALDA or Other Similar Brand (SN), 5 Litre Tin",,Oils & Fats,Each,2755.81,2024-01_Annexure1.pdf,2745.0,2745.0,2936.76,2835.0,2767.23,2745.0,2732.41,2745.0,2782.15,2745.0,2789.64,2745.0,2885.0,2660.0,2485.88,2756.09,2774.89
2024-01,2024-01-01,14,Vegetable Ghee DALDA/HABIB 2.5 kg TinEach,Vegetable Ghee DALDA/HABIB 2.5 kg Tin,,Oils & Fats,Each,1311.13,2024-01_Annexure1.pdf,1297.44,1297.44,1317.9,1310.0,1310.0,1310.0,1310.0,1310.0,1327.16,1310.0,1310.0,1400.0,1390.0,1300.0,1200.0,1310.0,1289.96
2024-01,2024-01-01,15,Vegetable Ghee DALDA/HABIB or Other superior Quality 1 kg PouchEach,Vegetable Ghee DALDA/HABIB or Other superior Quality 1 kg Pouch,,Oils & Fats,Each,502.79,2024-01_Annexure1.pdf,501.48,501.48,501.48,506.48,501.48,486.41,501.48,503.98,509.0,508.01,509.0,509.0,519.0,500.0,470.83,505.23,514.98
2024-01,2024-01-01,16,Bananas (Kela) Local 1 Dozen,Bananas (Kela) Local,,Fruits,1 Dozen,119.85,2024-01_Annexure1.pdf,209.2,175.07,130.0,139.64,117.42,106.27,100.0,143.26,123.02,108.97,84.59,101.53,100.0,121.64,124.72,101.56,103.08
2024-01,2024-01-01,17,Pulse Masoor (Washed) 1 Kg,Pulse Masoor (Washed),Pulse Masoor (Washed),Pulses & Legumes,1 Kg,339.5,2024-01_Annexure1.pdf,374.71,358.44,322.47,330.0,329.43,346.54,340.0,338.12,320.0,342.39,333.2,340.0,326.53,337.75,320.0,366.11,351.53
2024-01,2024-01-01,18,Pulse Moong (Washed) 1 Kg,Pulse Moong (Washed),Pulse Moong (Washed),Pulses & Legumes,1 Kg,302.54,2024-01_Annexure1.pdf,314.35,291.19,284.87,274.87,270.4,293.3,296.63,308.73,294.1,300.43,326.95,344.89,305.26,280.0,297.47,346.1,326.63
2024-01,2024-01-01,19,Pulse Mash (Washed) 1 Kg,Pulse Mash (Washed),Pulse Mash (Washed),Pulses & Legumes,1 Kg,539.94,2024-01_Annexure1.pdf,571.01,552.61,524.93,521.25,535.21,569.94,556.65,549.94,533.25,543.45,529.28,520.0,545.18,552.21,560.0,558.34,465.42
2024-01,2024-01-01,20,Pulse Gram 1 Kg,Pulse Gram,Pulse Gram,Pulses & Legumes,1 Kg,257.78,2024-01_Annexure1.pdf,276.4,261.03,240.0,232.49,248.85,244.78,238.3,272.43,248.13,257.58,247.99,260.0,243.94,296.62,257.46,289.93,276.63
2024-01,2024-01-01,21,Potatoes 1 Kg,Potatoes,Potatoes,Vegetables,1 Kg,59.24,2024-01_Annexure1.pdf,86.78,80.47,59.72,68.87,63.6,50.12,51.87,59.35,58.2,59.23,50.91,46.42,41.97,76.26,53.13,58.52,59.72
2024-01,2024-01-01,22,Onions 1 Kg,Onions,Onions,Vegetables,1 Kg,214.14,2024-01_Annexure1.pdf,242.16,235.23,222.16,235.75,234.63,193.4,212.25,210.89,217.96,206.09,187.92,211.11,213.44,216.05,190.6,193.39,228.05
2024-01,2024-01-01,23,Tomatoes 1 Kg,Tomatoes,Tomatoes,Vegetables,1 Kg,138.21,2024-01_Annexure1.pdf,179.3,160.73,150.64,149.83,152.06,138.35,135.19,140.9,143.29,119.43,112.57,109.54,136.1,150.66,117.92,133.31,138.26
2024-01,2024-01-01,24,Sugar Refined 1 Kg,Sugar Refined,,Sugar & Sweeteners,1 Kg,145.46,2024-01_Annexure1.pdf,155.37,151.45,146.23,144.24,146.98,145.0,142.48,145.82,143.73,141.66,139.75,137.36,139.15,148.07,142.48,161.44,143.5
2024-01,2024-01-01,25,Gur (Average Quality) 1 Kg,Gur (Average Quality),,Sugar & Sweeteners,1 Kg,207.62,2024-01_Annexure1.pdf,217.23,203.15,184.8,200.0,213.87,200.0,224.87,222.18,199.5,222.4,233.61,182.39,196.76,204.38,186.43,242.68,206.46
2024-01,2024-01-01,26,Salt Powdered (NATIONAL/SHAN) 800 gm PacketEach,Salt Powdered (NATIONAL/SHAN) 800 gm Packet,,Condiments & Spices,Each,68.85,2024-01_Annexure1.pdf,70.0,70.0,70.0,70.0,70.0,70.0,70.0,70.0,70.0,70.0,70.0,70.0,70.0,70.0,60.0,64.81,66.49
2024-01,2024-01-01,27,Chilies Powder NATIONAL 200 gm PacketEach,Chilies Powder NATIONAL 200 gm Packet,,Condiments & Spices,Each,400.0,2024-01_Annexure1.pdf,400.0,400.0,400.0,400.0,400.0,400.0,400.0,400.0,400.0,400.0,400.0,400.0,400.0,400.0,400.0,400.0,400.0
2024-01,2024-01-01,28,Garlic (Lehsun) 1 Kg,Garlic (Lehsun),,Vegetables,1 Kg,588.63,2024-01_Annexure1.pdf,689.52,641.15,573.21,583.67,532.71,600.0,579.83,604.32,613.05,543.22,495.77,578.64,555.71,653.14,612.13,586.17,593.26
2024-01,2024-01-01,29,Tea Lipton Yellow Label 190 gm PacketEach,Tea Lipton Yellow Label 190 gm Packet,,Beverages,Each,563.59,2024-01_Annexure1.pdf,542.86,542.86,542.86,542.86,542.85,677.21,606.23,542.85,542.86,573.89,542.85,542.86,677.21,542.85,542.85,542.85,558.82
2024-01,2024-01-01,30,Cooked Beef at Average Hotel Per Plate,Cooked Beef at Average Hotel,,Food Away from Home,Per Plate,275.05,2024-01_Annexure1.pdf,299.89,275.99,375.0,300.0,217.75,300.0,250.0,300.0,273.17,317.63,281.62,200.0,240.0,200.0,250.0,344.98,319.68
2024-01,2024-01-01,31,Cooked Daal at Average Hotel Per Plate,Cooked Daal at Average Hotel,,Food Away from Home,Per Plate,141.62,2024-01_Annexure1.pdf,206.46,198.25,140.0,120.0,133.18,163.17,120.0,122.07,132.99,152.11,163.46,126.88,120.0,115.98,120.0,139.76,173.07
2024-01,2024-01-01,32,Tea Prepared Ordinary Per Cup,Tea Prepared Ordinary,,Food Away from Home,Per Cup,57.85,2024-01_Annexure1.pdf,67.13,65.64,60.0,50.0,49.47,63.16,56.46,62.36,50.0,69.35,71.45,60.0,60.0,40.13,50.0,70.0,50.0
2024-01,2024-01-01,33,Cigarettes Capstan 20'S Packet Each,Cigarettes Capstan 20'S Packet,,Tobacco,Each,221.8,2024-01_Annexure1.pdf,220.0,220.0,220.0,220.0,220.0,220.0,220.0,220.0,220.0,232.99,220.0,220.0,220.0,230.0,220.0,224.94,223.28
2024-01,2024-01-01,34,"Long Cloth 57"" Gul Ahmed/Al Karam 1 mtr","Long Cloth 57"" Gul Ahmed/Al Karam",,Textiles & Apparel,1 mtr,565.28,2024-01_Annexure1.pdf,569.78,551.91,571.0,570.0,550.19,482.74,650.0,614.0,606.59,626.78,494.92,500.0,516.14,642.0,700.0,648.72,400.0
2024-01,2024-01-01,35,Shirting (Average Quality) 1 mtr,Shirting (Average Quality),,Textiles & Apparel,1 mtr,417.29,2024-01_Annexure1.pdf,568.98,537.22,400.0,370.0,378.25,748.89,586.59,520.7,586.59,402.76,393.71,229.58,313.19,444.32,450.0,229.85,293.18
2024-01,2024-01-01,36,Lawn Printed Gul Ahmed/Al Karam 1 mtr,Lawn Printed Gul Ahmed/Al Karam,,Textiles & Apparel,1 mtr,556.46,2024-01_Annexure1.pdf,476.27,426.41,550.0,550.0,669.96,566.19,650.0,586.0,556.59,554.37,494.92,550.0,532.8,702.0,650.0,648.72,400.0
2024-01,2024-01-01,37,Georgette (Average Quality) 1 mtr,Georgette (Average Quality),,Textiles & Apparel,1 mtr,262.97,2024-01_Annexure1.pdf,312.7,298.47,200.0,300.0,315.58,350.0,350.0,251.09,269.62,302.6,251.47,206.46,265.66,236.33,160.0,210.6,282.31
2024-01,2024-01-01,38,Gents Sandal Bata Pair,Gents Sandal Bata,,Footwear,Pair,2299.0,2024-01_Annexure1.pdf,2299.0,2299.0,2299.0,2299.0,2299.0,2299.0,2299.0,2299.0,2299.0,2299.0,2299.0,2299.0,2299.0,2299.0,2299.0,2299.0,2299.0
2024-01,2024-01-01,39,Gents Sponge Chappal Bata Pair,Gents Sponge Chappal Bata,,Footwear,Pair,599.0,2024-01_Annexure1.pdf,599.0,599.0,599.0,599.0,599.0,599.0,599.0,599.0,599.0,599.0,599.0,599.0,599.0,599.0,599.0,599.0,599.0
2024-01,2024-01-01,40,Ladies Sandal Bata Pair,Ladies Sandal Bata,,Footwear,Pair,799.0,2024-01_Annexure1.pdf,799.0,799.0,799.0,799.0,799.0,799.0,799.0,799.0,799.0,799.0,799.0,799.0,799.0,799.0,799.0,799.0,799.0
2024-01,2024-01-01,41,Electricity Charges upto 50 Units Per Unit,Electricity Charges upto 50 Units,,Energy & Utilities,Per Unit,7.31,2024-01_Annexure1.pdf,7.31,7.31,7.31,7.31,7.31,7.31,7.31,7.31,7.31,7.31,7.31,7.31,7.31,7.31,7.31,7.31,7.31
2024-01,2024-01-01,42,Gas Charges upto,Gas Charges upto 3.3719 MMBTU,,Energy & Utilities,MMBTU,1711.0,2024-01_Annexure1.pdf,3.3719,1711.0,1711.0,1711.0,1711.0,1711.0,1711.0,1711.0,1711.0,1711.0,1711.0,1711.0,1711.0,1711.0,1711.0,1711.0,1711.0
2024-01,2024-01-01,43,Firewood Whole 40 Kg,Firewood Whole,,Energy & Utilities,40 Kg,1164.41,2024-01_Annexure1.pdf,1827.75,1507.08,1400.0,1000.0,1587.95,1574.39,1000.0,1370.98,1300.0,1109.28,1000.0,731.86,840.97,1022.59,795.81,1349.38,1032.28
2024-01,2024-01-01,44,Energy Saver Philips 14 Watt Each,Energy Saver Philips 14 Watt,,Household Goods,Each,357.61,2024-01_Annexure1.pdf,271.48,260.4,550.0,575.0,374.17,391.2,550.0,575.0,272.7,350.0,350.0,273.86,364.9,249.8,250.0,350.0,338.79
2024-01,2024-01-01,45,Sufi Washing Soap 250 gm Cake Each,Sufi Washing Soap 250 gm Cake,,Personal & Household Care,Each,128.7,2024-01_Annexure1.pdf,131.62,131.29,130.0,120.0,130.0,130.0,130.0,125.0,133.25,130.0,130.0,138.0,120.0,130.0,125.0,130.0,125.0
2024-01,2024-01-01,46,Match Box Each,Match Box,,Household Goods,Each,6.01,2024-01_Annexure1.pdf,6.0,6.0,5.0,5.0,6.32,6.48,6.0,7.0,7.0,7.0,6.32,6.0,6.44,6.48,5.0,5.84,5.0
2024-01,2024-01-01,47,Petrol Super Per Litre,Petrol Super,,Fuel & Transport,Per Litre,264.37,2024-01_Annexure1.pdf,264.14,264.11,264.17,264.3,264.14,264.07,264.4,264.17,264.68,264.13,265.38,264.17,264.45,264.17,265.57,264.09,264.14
2024-01,2024-01-01,48,Hi-Speed Diesel Per Litre,Hi-Speed Diesel,,Fuel & Transport,Per Litre,277.29,2024-01_Annexure1.pdf,277.05,277.07,277.1,277.23,277.05,277.1,277.32,277.1,277.66,277.04,278.25,277.1,277.37,277.1,278.3,277.02,277.05
2024-01,2024-01-01,49,LPG,LPG 11.67 kg Cylinder,,Energy & Utilities,Each,3189.78,2024-01_Annexure1.pdf,11.67,3535.67,3483.12,3509.52,3468.78,3432.44,3421.88,3237.43,3466.27,3272.15,3189.73,3252.61,3327.0,3200.0,3559.0,3161.82,3333.97
2024-01,2024-01-01,50,Telephone Call Charges Per Minute,Telephone Call Charges,,Communication,Per Minute,1.79,2024-01_Annexure1.pdf,1.79,1.79,1.79,1.79,1.79,1.79,1.79,1.79,1.79,1.79,1.79,1.79,1.79,1.79,1.79,1.79,1.79
2024-01,2024-01-01,51,Toilet Soap LIFEBUOY 115 gm Each,Toilet Soap LIFEBUOY 115 gm,,Personal & Household Care,Each,109.94,2024-01_Annexure1.pdf,111.47,111.47,103.32,111.47,111.47,105.0,117.47,111.47,111.48,111.48,111.48,105.0,118.6,103.32,111.47,111.48,103.0
2024-02,2024-02-01,1,Wheat Flour Bag 20 Kg,Wheat Flour Bag,,Cereals & Grains,20 Kg,2726.53,2024-02_Annexure1.pdf,2858.5,2836.0,2738.4,2732.01,2773.17,2716.56,2748.6,2661.87,2766.05,2596.24,2765.27,2488.16,2674.65,2750.32,2777.83,2794.54,2696.39
2024-02,2024-02-01,2,Rice Basmati Broken (Average Quality)1 Kg,Rice Basmati Broken (Average Quality),,Cereals & Grains,1 Kg,224.23,2024-02_Annexure1.pdf,254.82,245.28,198.78,160.81,233.98,223.28,204.82,200.0,186.43,268.35,251.51,220.0,261.61,231.8,190.0,272.44,246.42
2024-02,2024-02-01,3,Rice IRRI-6/9 (Sindh/Punjab) 1 Kg,Rice IRRI-6/9 (Sindh/Punjab),,Cereals & Grains,1 Kg,0.3,2024-02_Annexure1.pdf,171.14,148.93,160.0,176.6,167.66,170.0,180.25,192.45,170.0,156.59,176.04,170.0,184.95,160.7,170.02,169.51,135.21
2024-02,2024-02-01,4,Bread plain (Small Size) Each,Bread plain (Small Size),,Bakery & Confectionery,Each,114.79,2024-02_Annexure1.pdf,120.0,120.0,110.0,110.0,112.92,120.0,110.0,120.0,120.0,120.0,120.0,130.0,112.92,110.0,100.0,120.0,100.0
2024-02,2024-02-01,5,Beef with Bone (Average Quality) 1 Kg,Beef with Bone (Average Quality),,Meat & Poultry,1 Kg,878.08,2024-02_Annexure1.pdf,1108.93,1053.22,866.35,850.0,868.14,1000.0,814.92,878.82,782.97,1048.03,820.47,800.0,878.82,829.88,737.17,894.89,791.44
2024-02,2024-02-01,6,Mutton (Average Quality) 1 Kg,Mutton (Average Quality),,Meat & Poultry,1 Kg,1802.71,2024-02_Annexure1.pdf,2134.81,2098.49,2000.0,1850.0,2107.36,2000.0,1549.73,1882.62,1565.95,1897.9,1720.54,1600.0,1766.03,1754.02,1511.06,1815.04,1582.88
2024-02,2024-02-01,7,Chicken Farm Broiler (Live) 1 Kg,Chicken Farm Broiler (Live),,Meat & Poultry,1 Kg,432.18,2024-02_Annexure1.pdf,441.24,424.63,414.31,414.31,405.36,419.59,422.36,416.03,393.53,441.6,426.09,444.75,434.93,432.36,437.44,472.85,519.85
2024-02,2024-02-01,8,Milk fresh (Un-boiled) 1 Ltr,Milk fresh (Un-boiled),,Dairy & Eggs,1 Ltr,185.55,2024-02_Annexure1.pdf,212.34,213.12,200.0,160.0,160.93,186.43,146.59,176.6,146.59,200.0,200.0,200.0,213.12,211.59,156.59,200.0,196.61
2024-02,2024-02-01,9,Curd (Dahi) Loose 1 Kg,Curd (Dahi) Loose,,Dairy & Eggs,1 Kg,217.5,2024-02_Annexure1.pdf,233.18,232.42,220.0,180.0,185.9,220.0,180.0,217.68,186.43,309.29,276.56,220.0,246.49,228.46,176.6,220.0,206.61
2024-02,2024-02-01,10,Powdered Milk NIDO 390 gm PolybagEach,Powdered Milk NIDO 390 gm Polybag,,Dairy & Eggs,Each,824.06,2024-02_Annexure1.pdf,834.97,834.65,820.0,820.0,820.0,820.0,820.0,820.0,820.0,810.23,830.0,820.0,820.0,820.0,820.0,850.0,829.94
2024-02,2024-02-01,11,Eggs Hen (Farm) 1 Dozen,Eggs Hen (Farm),,Dairy & Eggs,1 Dozen,272.83,2024-02_Annexure1.pdf,275.1,273.13,272.37,267.46,265.61,267.06,264.62,260.6,261.43,272.85,271.33,273.52,277.28,279.91,278.04,277.11,303.3
2024-02,2024-02-01,12,Mustard Oil (Average Quality) 1 Kg,Mustard Oil (Average Quality),,Oils & Fats,1 Kg,501.09,2024-02_Annexure1.pdf,667.35,653.94,442.3,480.0,482.26,600.0,500.0,483.41,487.0,491.27,405.73,367.34,501.57,556.08,442.08,548.48,506.58
2024-02,2024-02-01,13,"Cooking Oil DALDA or Other Similar Brand (SN), 5 Litre TinEach","Cooking Oil DALDA or Other Similar Brand (SN), 5 Litre Tin",,Oils & Fats,Each,2652.88,2024-02_Annexure1.pdf,2615.0,2615.0,2654.7,2695.0,2646.91,2634.77,2695.0,2707.41,2674.77,2640.19,2695.0,2695.0,2634.77,2619.95,2500.0,2634.77,2750.0
2024-02,2024-02-01,14,Vegetable Ghee DALDA/HABIB 2.5 kg TinEach,Vegetable Ghee DALDA/HABIB 2.5 kg Tin,,Oils & Fats,Each,1289.52,2024-02_Annexure1.pdf,1285.0,1285.0,1289.13,1285.0,1291.2,1310.0,1310.0,1297.44,1285.0,1285.0,1310.0,1312.83,1310.48,1284.99,1200.0,1285.0,1300.0
2024-02,2024-02-01,15,Vegetable Ghee DALDA/HABIB or Other superior Quality 1 kg PouchEach,Vegetable Ghee DALDA/HABIB or Other superior Quality 1 kg Pouch,,Oils & Fats,Each,497.9,2024-02_Annexure1.pdf,499.0,499.0,499.0,499.0,499.0,483.32,499.0,499.0,503.97,499.3,506.48,501.48,499.0,500.0,470.0,499.0,510.0
2024-02,2024-02-01,16,Bananas (Kela) Local 1 Dozen,Bananas (Kela) Local,,Fruits,1 Dozen,177.87,2024-02_Annexure1.pdf,300.26,251.24,197.92,225.54,179.04,192.38,178.39,242.64,151.52,168.9,155.07,124.97,123.51,191.78,195.26,124.32,124.74
2024-02,2024-02-01,17,Pulse Masoor (Washed) 1 Kg,Pulse Masoor (Washed),Pulse Masoor (Washed),Pulses & Legumes,1 Kg,333.59,2024-02_Annexure1.pdf,383.94,365.17,310.0,310.0,340.87,346.54,324.89,317.35,308.18,342.36,330.43,329.85,317.44,334.1,314.88,377.42,329.9
2024-02,2024-02-01,18,Pulse Moong (Washed) 1 Kg,Pulse Moong (Washed),Pulse Moong (Washed),Pulses & Legumes,1 Kg,311.92,2024-02_Annexure1.pdf,326.26,302.59,300.0,290.0,289.38,291.65,318.31,304.37,290.76,306.73,330.22,340.0,318.28,297.75,300.0,387.43,323.3
2024-02,2024-02-01,19,Pulse Mash (Washed) 1 Kg,Pulse Mash (Washed),Pulse Mash (Washed),Pulses & Legumes,1 Kg,540.03,2024-02_Annexure1.pdf,580.55,557.27,520.0,504.98,582.2,569.94,540.0,528.62,514.93,507.53,481.82,489.7,558.86,552.21,587.02,604.9,519.71
2024-02,2024-02-01,20,Pulse Gram 1 Kg,Pulse Gram,Pulse Gram,Pulses & Legumes,1 Kg,259.56,2024-02_Annexure1.pdf,287.35,271.92,240.0,233.74,250.9,238.24,240.0,266.19,256.62,266.52,248.44,260.0,240.0,292.65,260.0,294.97,276.63
2024-02,2024-02-01,21,Potatoes 1 Kg,Potatoes,Potatoes,Vegetables,1 Kg,68.35,2024-02_Annexure1.pdf,87.92,79.22,71.58,71.58,69.74,61.17,62.36,66.87,71.33,65.75,60.15,55.61,56.46,81.82,72.38,62.21,74.89
2024-02,2024-02-01,22,Onions 1 Kg,Onions,Onions,Vegetables,1 Kg,221.59,2024-02_Annexure1.pdf,281.97,267.97,233.53,230.64,228.16,202.18,219.17,190.83,203.6,230.28,221.79,182.81,196.19,259.95,195.27,210.13,239.64
2024-02,2024-02-01,23,Tomatoes 1 Kg,Tomatoes,Tomatoes,Vegetables,1 Kg,122.11,2024-02_Annexure1.pdf,150.66,139.81,135.05,129.03,137.84,123.54,115.44,128.72,134.98,104.91,101.81,112.69,111.78,128.24,114.03,98.31,123.01
2024-02,2024-02-01,24,Sugar Refined 1 Kg,Sugar Refined,,Sugar & Sweeteners,1 Kg,144.36,2024-02_Annexure1.pdf,151.1,149.32,145.0,145.0,145.82,142.91,142.48,138.73,140.0,145.5,140.33,135.74,141.4,147.67,142.06,157.22,145.3
2024-02,2024-02-01,25,Gur (Average Quality) 1 Kg,Gur (Average Quality),,Sugar & Sweeteners,1 Kg,206.06,2024-02_Annexure1.pdf,229.79,211.8,200.0,220.0,208.03,206.46,200.0,222.18,188.84,226.03,236.62,180.0,169.81,203.83,186.43,219.91,206.46
2024-02,2024-02-01,26,Salt Powdered (NATIONAL/SHAN) 800 gm PacketEach,Salt Powdered (NATIONAL/SHAN) 800 gm Packet,,Condiments & Spices,Each,69.23,2024-02_Annexure1.pdf,71.19,70.0,70.0,70.0,70.0,70.0,70.0,70.0,70.0,70.0,70.0,70.0,70.0,70.0,60.0,70.0,66.49
2024-02,2024-02-01,27,Chilies Powder NATIONAL 200 gm PacketEach,Chilies Powder NATIONAL 200 gm Packet,,Condiments & Spices,Each,400.0,2024-02_Annexure1.pdf,400.0,400.0,400.0,400.0,400.0,400.0,400.0,400.0,400.0,400.0,400.0,400.0,400.0,400.0,400.0,400.0,400.0
2024-02,2024-02-01,28,Garlic (Lehsun) 1 Kg,Garlic (Lehsun),,Vegetables,1 Kg,598.91,2024-02_Annexure1.pdf,639.7,624.39,589.74,580.0,549.19,578.64,616.92,604.32,622.89,572.66,576.6,544.52,548.67,630.67,624.5,635.42,659.31
2024-02,2024-02-01,29,Tea Lipton Yellow Label 190 gm PacketEach,Tea Lipton Yellow Label 190 gm Packet,,Beverages,Each,544.71,2024-02_Annexure1.pdf,542.86,542.86,542.86,542.86,542.85,542.83,542.86,542.85,542.86,542.86,542.85,558.82,542.85,542.85,542.85,542.85,558.82
2024-02,2024-02-01,30,Cooked Beef at Average Hotel Per Plate,Cooked Beef at Average Hotel,,Food Away from Home,Per Plate,276.35,2024-02_Annexure1.pdf,309.02,285.47,375.0,300.0,217.75,300.0,250.0,300.0,273.17,321.14,283.24,200.0,240.0,200.0,250.0,344.98,319.68
2024-02,2024-02-01,31,Cooked Daal at Average Hotel Per Plate,Cooked Daal at Average Hotel,,Food Away from Home,Per Plate,144.99,2024-02_Annexure1.pdf,225.36,207.15,150.0,120.0,133.18,166.41,120.0,122.07,132.99,153.47,163.9,150.0,120.0,115.98,120.0,139.76,173.07
2024-02,2024-02-01,32,Tea Prepared Ordinary Per Cup,Tea Prepared Ordinary,,Food Away from Home,Per Cup,59.03,2024-02_Annexure1.pdf,70.0,68.58,60.0,50.0,56.95,63.16,56.46,70.0,50.0,69.35,71.45,60.0,60.0,40.13,50.0,70.0,50.0
2024-02,2024-02-01,33,Cigarettes Capstan 20'S Packet Each,Cigarettes Capstan 20'S Packet,,Tobacco,Each,221.8,2024-02_Annexure1.pdf,220.0,220.0,220.0,220.0,220.0,220.0,220.0,220.0,220.0,232.99,220.0,220.0,220.0,230.0,220.0,224.94,223.28
2024-02,2024-02-01,34,"Long Cloth 57"" Gul Ahmed/Al Karam 1 mtr","Long Cloth 57"" Gul Ahmed/Al Karam",,Textiles & Apparel,1 mtr,578.12,2024-02_Annexure1.pdf,608.84,586.39,571.0,570.0,550.19,482.74,680.0,670.0,685.64,626.78,494.92,500.0,516.14,642.0,700.0,648.72,400.0
2024-02,2024-02-01,35,Shirting (Average Quality) 1 mtr,Shirting (Average Quality),,Textiles & Apparel,1 mtr,425.98,2024-02_Annexure1.pdf,644.48,596.59,400.0,370.0,378.25,748.89,586.59,520.7,586.59,406.86,404.91,229.58,313.19,482.7,450.0,229.85,293.18
2024-02,2024-02-01,36,Lawn Printed Gul Ahmed/Al Karam 1 mtr,Lawn Printed Gul Ahmed/Al Karam,,Textiles & Apparel,1 mtr,562.6,2024-02_Annexure1.pdf,499.67,454.34,550.0,550.0,669.96,566.19,650.0,586.0,600.0,554.37,494.92,550.0,532.8,702.0,650.0,648.72,400.0
2024-02,2024-02-01,37,Georgette (Average Quality) 1 mtr,Georgette (Average Quality),,Textiles & Apparel,1 mtr,267.19,2024-02_Annexure1.pdf,333.63,319.07,200.0,300.0,315.58,350.0,350.0,251.09,269.62,302.6,277.25,206.46,265.66,236.33,160.0,219.62,282.31
2024-02,2024-02-01,38,Gents Sandal Bata Pair,Gents Sandal Bata,,Footwear,Pair,2299.0,2024-02_Annexure1.pdf,2299.0,2299.0,2299.0,2299.0,2299.0,2299.0,2299.0,2299.0,2299.0,2299.0,2299.0,2299.0,2299.0,2299.0,2299.0,2299.0,2299.0
2024-02,2024-02-01,39,Gents Sponge Chappal Bata Pair,Gents Sponge Chappal Bata,,Footwear,Pair,599.0,2024-02_Annexure1.pdf,599.0,599.0,599.0,599.0,599.0,599.0,599.0,599.0,599.0,599.0,599.0,599.0,599.0,599.0,599.0,599.0,599.0
2024-02,2024-02-01,40,Ladies Sandal Bata Pair,Ladies Sandal Bata,,Footwear,Pair,799.0,2024-02_Annexure1.pdf,799.0,799.0,799.0,799.0,799.0,799.0,799.0,799.0,799.0,799.0,799.0,799.0,799.0,799.0,799.0,799.0,799.0
2024-02,2024-02-01,41,Electricity Charges upto 50 Units Per Unit,Electricity Charges upto 50 Units,,Energy & Utilities,Per Unit,7.4,2024-02_Annexure1.pdf,7.4,7.4,7.4,7.4,7.4,7.4,7.4,7.4,7.4,7.4,7.4,7.4,7.4,7.4,7.4,7.4,7.4
2024-02,2024-02-01,42,Gas Charges upto,Gas Charges upto 3.3719 MMBTU,,Energy & Utilities,MMBTU,1976.5,2024-02_Annexure1.pdf,3.3719,1976.5,1976.5,1976.5,1976.5,1976.5,1976.5,1976.5,1976.5,1976.5,1976.5,1976.5,1976.5,1976.5,1976.5,1976.5,1976.5
2024-02,2024-02-01,43,Firewood Whole 40 Kg,Firewood Whole,,Energy & Utilities,40 Kg,1190.82,2024-02_Annexure1.pdf,1827.75,1507.08,1500.0,1200.0,1587.95,1600.0,1000.0,1440.97,1300.0,1109.28,1000.0,800.0,866.35,968.11,795.81,1349.38,1032.28
2024-02,2024-02-01,44,Energy Saver Philips 14 Watt Each,Energy Saver Philips 14 Watt,,Household Goods,Each,370.4,2024-02_Annexure1.pdf,276.63,260.4,550.0,575.0,500.0,400.0,550.0,575.0,272.7,350.0,350.0,300.0,370.0,260.0,250.0,350.0,382.59
2024-02,2024-02-01,45,Sufi Washing Soap 250 gm Cake Each,Sufi Washing Soap 250 gm Cake,,Personal & Household Care,Each,128.7,2024-02_Annexure1.pdf,131.62,131.29,130.0,120.0,130.0,130.0,130.0,125.0,133.25,130.0,130.0,138.0,120.0,130.0,125.0,130.0,125.0
2024-02,2024-02-01,46,Match Box Each,Match Box,,Household Goods,Each,6.18,2024-02_Annexure1.pdf,6.0,6.0,6.0,5.0,6.32,7.0,6.0,7.0,7.0,7.0,6.56,6.0,7.0,7.0,5.0,5.97,5.0
2024-02,2024-02-01,47,Petrol Super Per Litre,Petrol Super,,Fuel & Transport,Per Litre,280.79,2024-02_Annexure1.pdf,280.59,280.58,280.6,280.76,280.59,280.5,280.85,280.62,281.09,280.57,281.8,280.4,280.89,280.59,281.9,280.5,280.59
2024-02,2024-02-01,48,Hi-Speed Diesel Per Litre,Hi-Speed Diesel,,Fuel & Transport,Per Litre,287.53,2024-02_Annexure1.pdf,287.27,287.28,287.3,287.45,287.26,287.2,287.54,287.34,287.76,287.26,288.55,287.8,287.59,287.27,288.71,287.2,287.28
2024-02,2024-02-01,49,LPG,LPG 11.67 kg Cylinder,,Energy & Utilities,Each,3257.89,2024-02_Annexure1.pdf,11.67,3491.23,3515.13,3527.75,3548.23,3469.46,3377.67,3224.9,3581.52,3325.37,3335.08,3412.45,3444.56,3289.58,3473.08,3324.53,3462.37
2024-02,2024-02-01,50,Telephone Call Charges Per Minute,Telephone Call Charges,,Communication,Per Minute,1.79,2024-02_Annexure1.pdf,1.79,1.79,1.79,1.79,1.79,1.79,1.79,1.79,1.79,1.79,1.79,1.79,1.79,1.79,1.79,1.79,1.79
2024-02,2024-02-01,51,Toilet Soap LIFEBUOY 115 gm Each,Toilet Soap LIFEBUOY 115 gm,,Personal & Household Care,Each,110.39,2024-02_Annexure1.pdf,111.47,111.47,105.8,111.47,111.47,105.0,117.47,111.47,111.48,111.48,111.48,110.0,118.6,103.32,111.47,111.48,103.0
2024-03,2024-03-01,1,Wheat Flour Bag 20 Kg,Wheat Flour Bag,,Cereals & Grains,20 Kg,2726.53,2024-03_Annexure1.pdf,2858.5,2836.0,2738.4,2732.01,2773.17,2716.56,2748.6,2661.87,2766.05,2596.24,2765.27,2488.16,2674.65,2750.32,2777.83,2794.54,2696.39
2024-03,2024-03-01,2,Rice Basmati Broken (Average Quality)1 Kg,Rice Basmati Broken (Average Quality),,Cereals & Grains,1 Kg,224.23,2024-03_Annexure1.pdf,254.82,245.28,198.78,160.81,233.98,223.28,204.82,200.0,186.43,268.35,251.51,220.0,261.61,231.8,190.0,272.44,246.42
2024-03,2024-03-01,3,Rice IRRI-6/9 (Sindh/Punjab) 1 Kg,Rice IRRI-6/9 (Sindh/Punjab),,Cereals & Grains,1 Kg,0.3,2024-03_Annexure1.pdf,171.14,148.93,160.0,176.6,167.66,170.0,180.25,192.45,170.0,156.59,176.04,170.0,184.95,160.7,170.02,169.51,135.21
2024-03,2024-03-01,4,Bread plain (Small Size) Each,Bread plain (Small Size),,Bakery & Confectionery,Each,114.79,2024-03_Annexure1.pdf,120.0,120.0,110.0,110.0,112.92,120.0,110.0,120.0,120.0,120.0,120.0,130.0,112.92,110.0,100.0,120.0,100.0
2024-03,2024-03-01,5,Beef with Bone (Average Quality) 1 Kg,Beef with Bone (Average Quality),,Meat & Poultry,1 Kg,878.08,2024-03_Annexure1.pdf,1108.93,1053.22,866.35,850.0,868.14,1000.0,814.92,878.82,782.97,1048.03,820.47,800.0,878.82,829.88,737.17,894.89,791.44
2024-03,2024-03-01,6,Mutton (Average Quality) 1 Kg,Mutton (Average Quality),,Meat & Poultry,1 Kg,1802.71,2024-03_Annexure1.pdf,2134.81,2098.49,2000.0,1850.0,2107.36,2000.0,1549.73,1882.62,1565.95,1897.9,1720.54,1600.0,1766.03,1754.02,1511.06,1815.04,1582.88
2024-03,2024-03-01,7,Chicken Farm Broiler (Live) 1 Kg,Chicken Farm Broiler (Live),,Meat & Poultry,1 Kg,432.18,2024-03_Annexure1.pdf,441.24,424.63,414.31,414.31,405.36,419.59,422.36,416.03,393.53,441.6,426.09,444.75,434.93,432.36,437.44,472.85,519.85
2024-03,2024-03-01,8,Milk fresh (Un-boiled) 1 Ltr,Milk fresh (Un-boiled),,Dairy & Eggs,1 Ltr,185.55,2024-03_Annexure1.pdf,212.34,213.12,200.0,160.0,160.93,186.43,146.59,176.6,146.59,200.0,200.0,200.0,213.12,211.59,156.59,200.0,196.61
2024-03,2024-03-01,9,Curd (Dahi) Loose 1 Kg,Curd (Dahi) Loose,,Dairy & Eggs,1 Kg,217.5,2024-03_Annexure1.pdf,233.18,232.42,220.0,180.0,185.9,220.0,180.0,217.68,186.43,309.29,276.56,220.0,246.49,228.46,176.6,220.0,206.61
2024-03,2024-03-01,10,Powdered Milk NIDO 390 gm PolybagEach,Powdered Milk NIDO 390 gm Polybag,,Dairy & Eggs,Each,824.06,2024-03_Annexure1.pdf,834.97,834.65,820.0,820.0,820.0,820.0,820.0,820.0,820.0,810.23,830.0,820.0,820.0,820.0,820.0,850.0,829.94
2024-03,2024-03-01,11,Eggs Hen (Farm) 1 Dozen,Eggs Hen (Farm),,Dairy & Eggs,1 Dozen,272.83,2024-03_Annexure1.pdf,275.1,273.13,272.37,267.46,265.61,267.06,264.62,260.6,261.43,272.85,271.33,273.52,277.28,279.91,278.04,277.11,303.3
2024-03,2024-03-01,12,Mustard Oil (Average Quality) 1 Kg,Mustard Oil (Average Quality),,Oils & Fats,1 Kg,501.09,2024-03_Annexure1.pdf,667.35,653.94,442.3,480.0,482.26,600.0,500.0,483.41,487.0,491.27,405.73,367.34,501.57,556.08,442.08,548.48,506.58
2024-03,2024-03-01,13,"Cooking Oil DALDA or Other Similar Brand (SN), 5 Litre TinEach","Cooking Oil DALDA or Other Similar Brand (SN), 5 Litre Tin",,Oils & Fats,Each,2652.88,2024-03_Annexure1.pdf,2615.0,2615.0,2654.7,2695.0,2646.91,2634.77,2695.0,2707.41,2674.77,2640.19,2695.0,2695.0,2634.77,2619.95,2500.0,2634.77,2750.0
2024-03,2024-03-01,14,Vegetable Ghee DALDA/HABIB 2.5 kg TinEach,Vegetable Ghee DALDA/HABIB 2.5 kg Tin,,Oils & Fats,Each,1289.52,2024-03_Annexure1.pdf,1285.0,1285.0,1289.13,1285.0,1291.2,1310.0,1310.0,1297.44,1285.0,1285.0,1310.0,1312.83,1310.48,1284.99,1200.0,1285.0,1300.0
2024-03,2024-03-01,15,Vegetable Ghee DALDA/HABIB or Other superior Quality 1 kg PouchEach,Vegetable Ghee DALDA/HABIB or Other superior Quality 1 kg Pouch,,Oils & Fats,Each,497.9,2024-03_Annexure1.pdf,499.0,499.0,499.0,499.0,499.0,483.32,499.0,499.0,503.97,499.3,506.48,501.48,499.0,500.0,470.0,499.0,510.0
2024-03,2024-03-01,16,Bananas (Kela) Local 1 Dozen,Bananas (Kela) Local,,Fruits,1 Dozen,177.87,2024-03_Annexure1.pdf,300.26,251.24,197.92,225.54,179.04,192.38,178.39,242.64,151.52,168.9,155.07,124.97,123.51,191.78,195.26,124.32,124.74
2024-03,2024-03-01,17,Pulse Masoor (Washed) 1 Kg,Pulse Masoor (Washed),Pulse Masoor (Washed),Pulses & Legumes,1 Kg,333.59,2024-03_Annexure1.pdf,383.94,365.17,310.0,310.0,340.87,346.54,324.89,317.35,308.18,342.36,330.43,329.85,317.44,334.1,314.88,377.42,329.9
2024-03,2024-03-01,18,Pulse Moong (Washed) 1 Kg,Pulse Moong (Washed),Pulse Moong (Washed),Pulses & Legumes,1 Kg,311.92,2024-03_Annexure1.pdf,326.26,302.59,300.0,290.0,289.38,291.65,318.31,304.37,290.76,306.73,330.22,340.0,318.28,297.75,300.0,387.43,323.3
2024-03,2024-03-01,19,Pulse Mash (Washed) 1 Kg,Pulse Mash (Washed),Pulse Mash (Washed),Pulses & Legumes,1 Kg,540.03,2024-03_Annexure1.pdf,580.55,557.27,520.0,504.98,582.2,569.94,540.0,528.62,514.93,507.53,481.82,489.7,558.86,552.21,587.02,604.9,519.71
2024-03,2024-03-01,20,Pulse Gram 1 Kg,Pulse Gram,Pulse Gram,Pulses & Legumes,1 Kg,259.56,2024-03_Annexure1.pdf,287.35,271.92,240.0,233.74,250.9,238.24,240.0,266.19,256.62,266.52,248.44,260.0,240.0,292.65,260.0,294.97,276.63
2024-03,2024-03-01,21,Potatoes 1 Kg,Potatoes,Potatoes,Vegetables,1 Kg,68.35,2024-03_Annexure1.pdf,87.92,79.22,71.58,71.58,69.74,61.17,62.36,66.87,71.33,65.75,60.15,55.61,56.46,81.82,72.38,62.21,74.89
2024-03,2024-03-01,22,Onions 1 Kg,Onions,Onions,Vegetables,1 Kg,221.59,2024-03_Annexure1.pdf,281.97,267.97,233.53,230.64,228.16,202.18,219.17,190.83,203.6,230.28,221.79,182.81,196.19,259.95,195.27,210.13,239.64
2024-03,2024-03-01,23,Tomatoes 1 Kg,Tomatoes,Tomatoes,Vegetables,1 Kg,122.11,2024-03_Annexure1.pdf,150.66,139.81,135.05,129.03,137.84,123.54,115.44,128.72,134.98,104.91,101.81,112.69,111.78,128.24,114.03,98.31,123.01
2024-03,2024-03-01,24,Sugar Refined 1 Kg,Sugar Refined,,Sugar & Sweeteners,1 Kg,144.36,2024-03_Annexure1.pdf,151.1,149.32,145.0,145.0,145.82,142.91,142.48,138.73,140.0,145.5,140.33,135.74,141.4,147.67,142.06,157.22,145.3
2024-03,2024-03-01,25,Gur (Average Quality) 1 Kg,Gur (Average Quality),,Sugar & Sweeteners,1 Kg,206.06,2024-03_Annexure1.pdf,229.79,211.8,200.0,220.0,208.03,206.46,200.0,222.18,188.84,226.03,236.62,180.0,169.81,203.83,186.43,219.91,206.46
2024-03,2024-03-01,26,Salt Powdered (NATIONAL/SHAN) 800 gm PacketEach,Salt Powdered (NATIONAL/SHAN) 800 gm Packet,,Condiments & Spices,Each,69.23,2024-03_Annexure1.pdf,71.19,70.0,70.0,70.0,70.0,70.0,70.0,70.0,70.0,70.0,70.0,70.0,70.0,70.0,60.0,70.0,66.49
2024-03,2024-03-01,27,Chilies Powder NATIONAL 200 gm PacketEach,Chilies Powder NATIONAL 200 gm Packet,,Condiments & Spices,Each,400.0,2024-03_Annexure1.pdf,400.0,400.0,400.0,400.0,400.0,400.0,400.0,400.0,400.0,400.0,400.0,400.0,400.0,400.0,400.0,400.0,400.0
2024-03,2024-03-01,28,Garlic (Lehsun) 1 Kg,Garlic (Lehsun),,Vegetables,1 Kg,598.91,2024-03_Annexure1.pdf,639.7,624.39,589.74,580.0,549.19,578.64,616.92,604.32,622.89,572.66,576.6,544.52,548.67,630.67,624.5,635.42,659.31
2024-03,2024-03-01,29,Tea Lipton Yellow Label 190 gm PacketEach,Tea Lipton Yellow Label 190 gm Packet,,Beverages,Each,544.71,2024-03_Annexure1.pdf,542.86,542.86,542.86,542.86,542.85,542.83,542.86,542.85,542.86,542.86,542.85,558.82,542.85,542.85,542.85,542.85,558.82
2024-03,2024-03-01,30,Cooked Beef at Average Hotel Per Plate,Cooked Beef at Average Hotel,,Food Away from Home,Per Plate,276.35,2024-03_Annexure1.pdf,309.02,285.47,375.0,300.0,217.75,300.0,250.0,300.0,273.17,321.14,283.24,200.0,240.0,200.0,250.0,344.98,319.68
2024-03,2024-03-01,31,Cooked Daal at Average Hotel Per Plate,Cooked Daal at Average Hotel,,Food Away from Home,Per Plate,144.99,2024-03_Annexure1.pdf,225.36,207.15,150.0,120.0,133.18,166.41,120.0,122.07,132.99,153.47,163.9,150.0,120.0,115.98,120.0,139.76,173.07
2024-03,2024-03-01,32,Tea Prepared Ordinary Per Cup,Tea Prepared Ordinary,,Food Away from Home,Per Cup,59.03,2024-03_Annexure1.pdf,70.0,68.58,60.0,50.0,56.95,63.16,56.46,70.0,50.0,69.35,71.45,60.0,60.0,40.13,50.0,70.0,50.0
2024-03,2024-03-01,33,Cigarettes Capstan 20'S Packet Each,Cigarettes Capstan 20'S Packet,,Tobacco,Each,221.8,2024-03_Annexure1.pdf,220.0,220.0,220.0,220.0,220.0,220.0,220.0,220.0,220.0,232.99,220.0,220.0,220.0,230.0,220.0,224.94,223.28
2024-03,2024-03-01,34,"Long Cloth 57"" Gul Ahmed/Al Karam 1 mtr","Long Cloth 57"" Gul Ahmed/Al Karam",,Textiles & Apparel,1 mtr,578.12,2024-03_Annexure1.pdf,608.84,586.39,571.0,570.0,550.19,482.74,680.0,670.0,685.64,626.78,494.92,500.0,516.14,642.0,700.0,648.72,400.0
2024-03,2024-03-01,35,Shirting (Average Quality) 1 mtr,Shirting (Average Quality),,Textiles & Apparel,1 mtr,425.98,2024-03_Annexure1.pdf,644.48,596.59,400.0,370.0,378.25,748.89,586.59,520.7,586.59,406.86,404.91,229.58,313.19,482.7,450.0,229.85,293.18
2024-03,2024-03-01,36,Lawn Printed Gul Ahmed/Al Karam 1 mtr,Lawn Printed Gul Ahmed/Al Karam,,Textiles & Apparel,1 mtr,562.6,2024-03_Annexure1.pdf,499.67,454.34,550.0,550.0,669.96,566.19,650.0,586.0,600.0,554.37,494.92,550.0,532.8,702.0,650.0,648.72,400.0
2024-03,2024-03-01,37,Georgette (Average Quality) 1 mtr,Georgette (Average Quality),,Textiles & Apparel,1 mtr,267.19,2024-03_Annexure1.pdf,333.63,319.07,200.0,300.0,315.58,350.0,350.0,251.09,269.62,302.6,277.25,206.46,265.66,236.33,160.0,219.62,282.31
2024-03,2024-03-01,38,Gents Sandal Bata Pair,Gents Sandal Bata,,Footwear,Pair,2299.0,2024-03_Annexure1.pdf,2299.0,2299.0,2299.0,2299.0,2299.0,2299.0,2299.0,2299.0,2299.0,2299.0,2299.0,2299.0,2299.0,2299.0,2299.0,2299.0,2299.0
2024-03,2024-03-01,39,Gents Sponge Chappal Bata Pair,Gents Sponge Chappal Bata,,Footwear,Pair,599.0,2024-03_Annexure1.pdf,599.0,599.0,599.0,599.0,599.0,599.0,599.0,599.0,599.0,599.0,599.0,599.0,599.0,599.0,599.0,599.0,599.0
2024-03,2024-03-01,40,Ladies Sandal Bata Pair,Ladies Sandal Bata,,Footwear,Pair,799.0,2024-03_Annexure1.pdf,799.0,799.0,799.0,799.0,799.0,799.0,799.0,799.0,799.0,799.0,799.0,799.0,799.0,799.0,799.0,799.0,799.0
2024-03,2024-03-01,41,Electricity Charges upto 50 Units Per Unit,Electricity Charges upto 50 Units,,Energy & Utilities,Per Unit,7.4,2024-03_Annexure1.pdf,7.4,7.4,7.4,7.4,7.4,7.4,7.4,7.4,7.4,7.4,7.4,7.4,7.4,7.4,7.4,7.4,7.4
2024-03,2024-03-01,42,Gas Charges upto,Gas Charges upto 3.3719 MMBTU,,Energy & Utilities,MMBTU,1976.5,2024-03_Annexure1.pdf,3.3719,1976.5,1976.5,1976.5,1976.5,1976.5,1976.5,1976.5,1976.5,1976.5,1976.5,1976.5,1976.5,1976.5,1976.5,1976.5,1976.5
2024-03,2024-03-01,43,Firewood Whole 40 Kg,Firewood Whole,,Energy & Utilities,40 Kg,1190.82,2024-03_Annexure1.pdf,1827.75,1507.08,1500.0,1200.0,1587.95,1600.0,1000.0,1440.97,1300.0,1109.28,1000.0,800.0,866.35,968.11,795.81,1349.38,1032.28
2024-03,2024-03-01,44,Energy Saver Philips 14 Watt Each,Energy Saver Philips 14 Watt,,Household Goods,Each,370.4,2024-03_Annexure1.pdf,276.63,260.4,550.0,575.0,500.0,400.0,550.0,575.0,272.7,350.0,350.0,300.0,370.0,260.0,250.0,350.0,382.59
2024-03,2024-03-01,45,Sufi Washing Soap 250 gm Cake Each,Sufi Washing Soap 250 gm Cake,,Personal & Household Care,Each,128.7,2024-03_Annexure1.pdf,131.62,131.29,130.0,120.0,130.0,130.0,130.0,125.0,133.25,130.0,130.0,138.0,120.0,130.0,125.0,130.0,125.0
2024-03,2024-03-01,46,Match Box Each,Match Box,,Household Goods,Each,6.18,2024-03_Annexure1.pdf,6.0,6.0,6.0,5.0,6.32,7.0,6.0,7.0,7.0,7.0,6.56,6.0,7.0,7.0,5.0,5.97,5.0
2024-03,2024-03-01,47,Petrol Super Per Litre,Petrol Super,,Fuel & Transport,Per Litre,280.79,2024-03_Annexure1.pdf,280.59,280.58,280.6,280.76,280.59,280.5,280.85,280.62,281.09,280.57,281.8,280.4,280.89,280.59,281.9,280.5,280.59
2024-03,2024-03-01,48,Hi-Speed Diesel Per Litre,Hi-Speed Diesel,,Fuel & Transport,Per Litre,287.53,2024-03_Annexure1.pdf,287.27,287.28,287.3,287.45,287.26,287.2,287.54,287.34,287.76,287.26,288.55,287.8,287.59,287.27,288.71,287.2,287.28
2024-03,2024-03-01,49,LPG,LPG 11.67 kg Cylinder,,Energy & Utilities,Each,3257.89,2024-03_Annexure1.pdf,11.67,3491.23,3515.13,3527.75,3548.23,3469.46,3377.67,3224.9,3581.52,3325.37,3335.08,3412.45,3444.56,3289.58,3473.08,3324.53,3462.37
2024-03,2024-03-01,50,Telephone Call Charges Per Minute,Telephone Call Charges,,Communication,Per Minute,1.79,2024-03_Annexure1.pdf,1.79,1.79,1.79,1.79,1.79,1.79,1.79,1.79,1.79,1.79,1.79,1.79,1.79,1.79,1.79,1.79,1.79
2024-03,2024-03-01,51,Toilet Soap LIFEBUOY 115 gm Each,Toilet Soap LIFEBUOY 115 gm,,Personal & Household Care,Each,110.39,2024-03_Annexure1.pdf,111.47,111.47,105.8,111.47,111.47,105.0,117.47,111.47,111.48,111.48,111.48,110.0,118.6,103.32,111.47,111.48,103.0
2024-04,2024-04-01,1,Wheat Flour Bag 20 Kg,Wheat Flour Bag,,Cereals & Grains,20 Kg,2410.13,2024-04_Annexure1.pdf,2501.31,2492.95,2329.14,2358.19,2388.37,2308.34,2381.57,2408.12,2336.95,2387.75,2454.4,2213.75,2474.97,2404.19,2446.92,2599.95,2513.38
2024-04,2024-04-01,2,Rice Basmati Broken (Average Quality)1 Kg,Rice Basmati Broken (Average Quality),,Cereals & Grains,1 Kg,224.19,2024-04_Annexure1.pdf,254.82,245.28,198.78,160.0,240.88,221.63,200.0,200.0,186.43,268.49,251.51,220.0,264.12,227.42,187.45,268.68,256.62
2024-04,2024-04-01,3,Rice IRRI-6/9 (Sindh/Punjab) 1 Kg,Rice IRRI-6/9 (Sindh/Punjab),,Cereals & Grains,1 Kg,0.24,2024-04_Annexure1.pdf,171.14,148.93,160.0,176.6,167.66,170.0,180.25,192.45,170.0,156.59,175.48,170.0,184.95,166.6,170.42,170.02,140.27
2024-04,2024-04-01,4,Bread plain (Small Size) Each,Bread plain (Small Size),,Bakery & Confectionery,Each,116.18,2024-04_Annexure1.pdf,120.0,120.0,120.0,120.0,116.41,120.0,110.0,120.0,120.0,120.0,120.0,130.0,112.92,110.0,100.0,120.0,100.0
2024-04,2024-04-01,5,Beef with Bone (Average Quality) 1 Kg,Beef with Bone (Average Quality),,Meat & Poultry,1 Kg,902.49,2024-04_Annexure1.pdf,1126.36,1065.88,883.01,898.61,896.53,1000.0,843.32,900.0,848.53,1116.38,822.54,800.0,923.33,856.94,750.0,911.14,800.0
2024-04,2024-04-01,6,Mutton (Average Quality) 1 Kg,Mutton (Average Quality),,Meat & Poultry,1 Kg,1833.88,2024-04_Annexure1.pdf,2152.46,2119.02,2000.0,1923.54,2182.26,2000.0,1566.49,1911.0,1665.99,1937.94,1720.54,1600.0,1815.36,1763.91,1550.0,1854.73,1600.0
2024-04,2024-04-01,7,Chicken Farm Broiler (Live) 1 Kg,Chicken Farm Broiler (Live),,Meat & Poultry,1 Kg,473.86,2024-04_Annexure1.pdf,477.5,461.49,451.91,446.71,444.18,456.86,440.7,456.95,429.64,513.87,492.35,484.33,476.74,466.38,480.11,540.24,554.93
2024-04,2024-04-01,8,Milk fresh (Un-boiled) 1 Ltr,Milk fresh (Un-boiled),,Dairy & Eggs,1 Ltr,185.55,2024-04_Annexure1.pdf,212.34,213.12,200.0,160.0,160.93,186.43,146.59,176.6,146.59,200.0,200.0,200.0,213.12,211.59,156.59,200.0,196.61
2024-04,2024-04-01,9,Curd (Dahi) Loose 1 Kg,Curd (Dahi) Loose,,Dairy & Eggs,1 Kg,217.5,2024-04_Annexure1.pdf,233.18,232.42,220.0,180.0,185.9,220.0,180.0,217.68,186.43,309.29,276.56,220.0,246.49,228.46,176.6,220.0,206.61
2024-04,2024-04-01,10,Powdered Milk NIDO 390 gm PolybagEach,Powdered Milk NIDO 390 gm Polybag,,Dairy & Eggs,Each,830.71,2024-04_Annexure1.pdf,845.27,843.35,820.0,832.22,844.63,820.0,820.0,832.22,820.0,816.14,842.6,820.0,820.0,832.11,820.0,854.96,840.0
2024-04,2024-04-01,11,Eggs Hen (Farm) 1 Dozen,Eggs Hen (Farm),,Dairy & Eggs,1 Dozen,262.64,2024-04_Annexure1.pdf,266.39,268.09,255.35,252.36,247.67,261.0,247.67,243.72,256.03,272.46,253.35,264.47,265.37,271.38,268.67,282.8,293.12
2024-04,2024-04-01,12,Mustard Oil (Average Quality) 1 Kg,Mustard Oil (Average Quality),,Oils & Fats,1 Kg,499.85,2024-04_Annexure1.pdf,667.35,653.94,450.0,480.0,482.26,600.0,500.0,469.88,459.79,499.94,409.04,370.0,496.48,554.42,442.08,552.41,506.58
2024-04,2024-04-01,13,"Cooking Oil DALDA or Other Similar Brand (SN), 5 Litre TinEach","Cooking Oil DALDA or Other Similar Brand (SN), 5 Litre Tin",,Oils & Fats,Each,2634.24,2024-04_Annexure1.pdf,2615.0,2615.0,2615.0,2695.0,2615.0,2615.0,2695.0,2695.0,2634.77,2615.0,2654.7,2695.0,2615.0,2613.32,2500.0,2615.0,2686.77
2024-04,2024-04-01,14,Vegetable Ghee DALDA/HABIB 2.5 kg TinEach,Vegetable Ghee DALDA/HABIB 2.5 kg Tin,,Oils & Fats,Each,1282.93,2024-04_Annexure1.pdf,1285.0,1285.0,1285.0,1285.0,1285.0,1310.0,1310.0,1285.0,1291.2,1285.0,1297.44,1285.0,1285.0,1280.0,1200.0,1285.0,1274.75
2024-04,2024-04-01,15,Vegetable Ghee DALDA/HABIB or Other superior Quality 1 kg PouchEach,Vegetable Ghee DALDA/HABIB or Other superior Quality 1 kg Pouch,,Oils & Fats,Each,498.51,2024-04_Annexure1.pdf,501.48,501.48,499.0,499.0,501.48,483.32,503.98,501.48,501.48,499.3,499.0,499.0,499.0,500.0,480.0,501.48,504.98
2024-04,2024-04-01,16,Bananas (Kela) Local 1 Dozen,Bananas (Kela) Local,,Fruits,1 Dozen,169.74,2024-04_Annexure1.pdf,284.25,248.48,200.55,203.47,163.49,165.52,163.96,206.67,173.27,146.3,153.01,136.68,98.46,193.94,190.19,110.59,143.26
2024-04,2024-04-01,17,Pulse Masoor (Washed) 1 Kg,Pulse Masoor (Washed),Pulse Masoor (Washed),Pulses & Legumes,1 Kg,329.69,2024-04_Annexure1.pdf,383.94,365.17,310.0,310.0,340.87,346.54,320.0,303.72,300.0,335.33,312.91,320.0,320.0,325.65,320.0,382.43,323.3
2024-04,2024-04-01,18,Pulse Moong (Washed) 1 Kg,Pulse Moong (Washed),Pulse Moong (Washed),Pulses & Legumes,1 Kg,311.71,2024-04_Annexure1.pdf,326.26,302.59,300.0,290.0,289.38,288.31,320.0,304.37,289.88,307.33,323.91,340.0,323.25,296.35,302.47,389.95,320.0
2024-04,2024-04-01,19,Pulse Mash (Washed) 1 Kg,Pulse Mash (Washed),Pulse Mash (Washed),Pulses & Legumes,1 Kg,541.09,2024-04_Annexure1.pdf,580.55,557.27,534.75,517.43,582.2,569.94,540.0,528.62,506.58,513.86,493.99,489.7,548.13,552.66,584.81,613.69,503.31
2024-04,2024-04-01,20,Pulse Gram 1 Kg,Pulse Gram,Pulse Gram,Pulses & Legumes,1 Kg,257.76,2024-04_Annexure1.pdf,287.35,271.92,240.0,232.49,250.9,233.29,240.0,252.14,256.62,265.77,248.24,260.0,240.0,280.47,260.0,297.44,276.63
2024-04,2024-04-01,21,Potatoes 1 Kg,Potatoes,Potatoes,Vegetables,1 Kg,72.2,2024-04_Annexure1.pdf,93.63,82.49,76.32,77.07,72.66,67.76,69.28,69.88,75.85,66.27,61.38,57.19,56.78,88.2,79.91,67.24,76.58
2024-04,2024-04-01,22,Onions 1 Kg,Onions,Onions,Vegetables,1 Kg,192.31,2024-04_Annexure1.pdf,233.23,219.72,202.1,202.69,190.06,174.55,203.34,158.74,159.18,225.74,209.01,171.2,154.09,210.24,163.81,223.38,196.36
2024-04,2024-04-01,23,Tomatoes 1 Kg,Tomatoes,Tomatoes,Vegetables,1 Kg,103.9,2024-04_Annexure1.pdf,133.7,116.67,120.98,134.21,108.61,102.15,115.83,107.56,101.53,95.13,84.95,85.72,77.69,116.42,92.49,103.05,90.21
2024-04,2024-04-01,24,Sugar Refined 1 Kg,Sugar Refined,,Sugar & Sweeteners,1 Kg,143.32,2024-04_Annexure1.pdf,148.73,147.73,143.49,143.49,145.94,142.4,141.23,139.38,138.72,143.82,140.16,136.98,140.0,146.65,140.0,155.98,142.98
2024-04,2024-04-01,25,Gur (Average Quality) 1 Kg,Gur (Average Quality),,Sugar & Sweeteners,1 Kg,204.39,2024-04_Annexure1.pdf,229.79,211.8,200.0,220.0,208.03,206.46,200.0,222.18,176.6,225.86,235.74,167.3,173.27,201.09,186.43,219.91,206.46
2024-04,2024-04-01,26,Salt Powdered (NATIONAL/SHAN) 800 gm PacketEach,Salt Powdered (NATIONAL/SHAN) 800 gm Packet,,Condiments & Spices,Each,69.23,2024-04_Annexure1.pdf,71.19,70.0,70.0,70.0,70.0,70.0,70.0,70.0,70.0,70.0,70.0,70.0,70.0,70.0,60.0,70.0,66.49
2024-04,2024-04-01,27,Chilies Powder NATIONAL 200 gm PacketEach,Chilies Powder NATIONAL 200 gm Packet,,Condiments & Spices,Each,393.49,2024-04_Annexure1.pdf,378.3,378.3,400.0,400.0,400.0,400.0,400.0,378.3,400.0,357.77,400.0,400.0,400.0,400.0,400.0,400.0,400.0
2024-04,2024-04-01,28,Garlic (Lehsun) 1 Kg,Garlic (Lehsun),,Vegetables,1 Kg,595.76,2024-04_Annexure1.pdf,635.2,605.68,644.08,646.69,462.21,582.04,646.65,604.32,600.0,539.84,465.5,582.85,589.92,687.86,612.13,597.38,682.92
2024-04,2024-04-01,29,Tea Lipton Yellow Label 190 gm PacketEach,Tea Lipton Yellow Label 190 gm Packet,,Beverages,Each,544.71,2024-04_Annexure1.pdf,542.86,542.86,542.86,542.86,542.85,542.83,542.86,542.85,542.86,542.86,542.85,558.82,542.85,542.85,542.85,542.85,558.82
2024-04,2024-04-01,30,Cooked Beef at Average Hotel Per Plate,Cooked Beef at Average Hotel,,Food Away from Home,Per Plate,278.19,2024-04_Annexure1.pdf,309.02,285.47,387.3,324.04,217.75,300.0,250.0,300.0,273.17,322.16,283.24,200.0,240.0,200.0,250.0,344.98,319.68
2024-04,2024-04-01,31,Cooked Daal at Average Hotel Per Plate,Cooked Daal at Average Hotel,,Food Away from Home,Per Plate,145.21,2024-04_Annexure1.pdf,225.36,207.15,150.0,120.0,133.18,166.41,120.0,125.01,132.99,153.78,163.9,150.0,120.0,115.98,120.0,139.76,173.07
2024-04,2024-04-01,32,Tea Prepared Ordinary Per Cup,Tea Prepared Ordinary,,Food Away from Home,Per Cup,59.12,2024-04_Annexure1.pdf,70.0,68.58,60.0,50.0,56.95,63.16,56.46,70.0,50.0,69.35,71.45,60.0,61.56,40.13,50.0,70.0,50.0
2024-04,2024-04-01,33,Cigarettes Capstan 20'S Packet Each,Cigarettes Capstan 20'S Packet,,Tobacco,Each,221.8,2024-04_Annexure1.pdf,220.0,220.0,220.0,220.0,220.0,220.0,220.0,220.0,220.0,232.99,220.0,220.0,220.0,230.0,220.0,224.94,223.28
2024-04,2024-04-01,34,"Long Cloth 57"" Gul Ahmed/Al Karam 1 mtr","Long Cloth 57"" Gul Ahmed/Al Karam",,Textiles & Apparel,1 mtr,597.66,2024-04_Annexure1.pdf,620.73,598.36,617.14,613.35,678.0,491.3,680.0,670.0,685.64,726.84,494.92,500.0,516.14,642.0,700.0,648.72,400.0
2024-04,2024-04-01,35,Shirting (Average Quality) 1 mtr,Shirting (Average Quality),,Textiles & Apparel,1 mtr,444.11,2024-04_Annexure1.pdf,662.08,604.87,447.21,408.04,428.7,774.02,586.59,520.7,586.59,423.47,410.43,229.58,313.19,617.79,450.0,229.85,293.18
2024-04,2024-04-01,36,Lawn Printed Gul Ahmed/Al Karam 1 mtr,Lawn Printed Gul Ahmed/Al Karam,,Textiles & Apparel,1 mtr,580.09,2024-04_Annexure1.pdf,507.72,464.05,641.4,597.91,784.81,582.85,650.0,586.0,600.0,588.0,494.92,550.0,532.8,702.0,650.0,648.72,400.0
2024-04,2024-04-01,37,Georgette (Average Quality) 1 mtr,Georgette (Average Quality),,Textiles & Apparel,1 mtr,272.1,2024-04_Annexure1.pdf,340.92,326.25,223.61,300.0,349.32,350.0,367.82,251.09,269.62,302.6,278.05,206.46,265.66,236.33,160.0,219.62,282.31
2024-04,2024-04-01,38,Gents Sandal Bata Pair,Gents Sandal Bata,,Footwear,Pair,2499.0,2024-04_Annexure1.pdf,2499.0,2499.0,2499.0,2499.0,2499.0,2499.0,2499.0,2499.0,2499.0,2499.0,2499.0,2499.0,2499.0,2499.0,2499.0,2499.0,2499.0
2024-04,2024-04-01,39,Gents Sponge Chappal Bata Pair,Gents Sponge Chappal Bata,,Footwear,Pair,599.0,2024-04_Annexure1.pdf,599.0,599.0,599.0,599.0,599.0,599.0,599.0,599.0,599.0,599.0,599.0,599.0,599.0,599.0,599.0,599.0,599.0
2024-04,2024-04-01,40,Ladies Sandal Bata Pair,Ladies Sandal Bata,,Footwear,Pair,899.0,2024-04_Annexure1.pdf,899.0,899.0,899.0,899.0,899.0,899.0,899.0,899.0,899.0,899.0,899.0,899.0,899.0,899.0,899.0,899.0,899.0
2024-04,2024-04-01,41,Electricity Charges upto 50 Units Per Unit,Electricity Charges upto 50 Units,,Energy & Utilities,Per Unit,7.13,2024-04_Annexure1.pdf,7.13,7.13,7.13,7.13,7.13,7.13,7.13,7.13,7.13,7.13,7.13,7.13,7.13,7.13,7.13,7.13,7.13
2024-04,2024-04-01,42,Gas Charges upto,Gas Charges upto 3.3719 MMBTU,,Energy & Utilities,MMBTU,1976.5,2024-04_Annexure1.pdf,3.3719,1976.5,1976.5,1976.5,1976.5,1976.5,1976.5,1976.5,1976.5,1976.5,1976.5,1976.5,1976.5,1976.5,1976.5,1976.5,1976.5
2024-04,2024-04-01,43,Firewood Whole 40 Kg,Firewood Whole,,Energy & Utilities,40 Kg,1191.49,2024-04_Annexure1.pdf,1827.75,1507.08,1500.0,1200.0,1587.95,1600.0,1000.0,1440.97,1300.0,1109.28,1000.0,800.0,874.64,968.11,795.81,1349.38,1032.28
2024-04,2024-04-01,44,Energy Saver Philips 14 Watt Each,Energy Saver Philips 14 Watt,,Household Goods,Each,370.4,2024-04_Annexure1.pdf,276.63,260.4,550.0,575.0,500.0,400.0,550.0,575.0,272.7,350.0,350.0,300.0,370.0,260.0,250.0,350.0,382.59
2024-04,2024-04-01,45,Sufi Washing Soap 250 gm Cake Each,Sufi Washing Soap 250 gm Cake,,Personal & Household Care,Each,128.7,2024-04_Annexure1.pdf,131.62,131.29,130.0,120.0,130.0,130.0,130.0,125.0,133.25,130.0,130.0,138.0,120.0,130.0,125.0,130.0,125.0
2024-04,2024-04-01,46,Match Box Each,Match Box,,Household Goods,Each,6.18,2024-04_Annexure1.pdf,6.0,6.0,6.0,5.0,6.32,7.0,6.0,7.0,7.0,7.0,6.56,6.0,7.0,7.0,5.0,5.97,5.0
2024-04,2024-04-01,47,Petrol Super Per Litre,Petrol Super,,Fuel & Transport,Per Litre,292.72,2024-04_Annexure1.pdf,292.49,292.5,292.54,292.67,292.5,292.44,292.76,292.53,293.01,292.49,293.72,292.5,292.81,292.5,293.84,292.47,292.5
2024-04,2024-04-01,48,Hi-Speed Diesel Per Litre,Hi-Speed Diesel,,Fuel & Transport,Per Litre,287.33,2024-04_Annexure1.pdf,287.11,287.1,287.12,287.29,287.11,287.12,287.38,287.17,287.6,287.1,288.43,287.12,287.43,287.11,288.32,287.07,287.11
2024-04,2024-04-01,49,LPG,LPG 11.67 kg Cylinder,,Energy & Utilities,Each,3316.58,2024-04_Annexure1.pdf,11.67,3432.65,3434.23,3351.54,3382.01,3218.46,3236.85,3108.28,3176.0,3188.1,3166.4,3227.19,3442.02,3276.66,3245.26,3132.44,3499.67
2024-04,2024-04-01,50,Telephone Call Charges Per Minute,Telephone Call Charges,,Communication,Per Minute,1.79,2024-04_Annexure1.pdf,1.79,1.79,1.79,1.79,1.79,1.79,1.79,1.79,1.79,1.79,1.79,1.79,1.79,1.79,1.79,1.79,1.79
2024-04,2024-04-01,51,Toilet Soap LIFEBUOY 115 gm Each,Toilet Soap LIFEBUOY 115 gm,,Personal & Household Care,Each,110.39,2024-04_Annexure1.pdf,111.47,111.47,105.8,111.47,111.47,105.0,117.47,111.47,111.48,111.48,111.48,110.0,118.6,103.32,111.47,111.48,103.0
2024-05,2024-05-01,1,Wheat Flour Bag 20 Kg,Wheat Flour Bag,,Cereals & Grains,20 Kg,1907.34,2024-05_Annexure1.pdf,1983.67,1973.96,1808.46,1798.35,1807.18,1782.19,1926.49,1770.28,1830.8,2047.98,2115.25,1816.31,1879.0,1817.29,1839.02,2170.92,2130.24
2024-05,2024-05-01,2,Rice Basmati Broken (Average Quality)1 Kg,Rice Basmati Broken (Average Quality),,Cereals & Grains,1 Kg,217.5,2024-05_Annexure1.pdf,252.44,241.47,197.18,157.98,228.67,207.77,200.0,198.6,186.43,265.74,224.13,200.0,263.9,222.84,177.95,260.81,251.2
2024-05,2024-05-01,3,Rice IRRI-6/9 (Sindh/Punjab) 1 Kg,Rice IRRI-6/9 (Sindh/Punjab),,Cereals & Grains,1 Kg,-1.84,2024-05_Annexure1.pdf,171.14,148.93,160.0,176.6,165.39,170.0,178.52,179.43,170.0,149.27,162.61,168.63,184.95,161.13,167.29,170.42,144.56
2024-05,2024-05-01,4,Bread plain (Small Size) Each,Bread plain (Small Size),,Bakery & Confectionery,Each,116.17,2024-05_Annexure1.pdf,120.0,120.0,120.0,120.0,120.0,120.0,110.0,120.0,120.0,120.0,120.0,130.0,112.92,106.56,100.0,120.0,100.0
2024-05,2024-05-01,5,Beef with Bone (Average Quality) 1 Kg,Beef with Bone (Average Quality),,Meat & Poultry,1 Kg,933.39,2024-05_Annexure1.pdf,1193.59,1109.88,900.0,950.0,925.85,1122.4,847.32,929.16,879.45,1161.95,859.43,800.0,965.49,878.54,750.0,934.95,800.0
2024-05,2024-05-01,6,Mutton (Average Quality) 1 Kg,Mutton (Average Quality),,Meat & Poultry,1 Kg,1876.99,2024-05_Annexure1.pdf,2211.15,2201.57,2000.0,2000.0,2232.84,2137.99,1616.07,1943.93,1665.99,1991.41,1750.28,1600.0,1866.06,1781.45,1550.0,1991.68,1600.0
2024-05,2024-05-01,7,Chicken Farm Broiler (Live) 1 Kg,Chicken Farm Broiler (Live),,Meat & Poultry,1 Kg,347.09,2024-05_Annexure1.pdf,354.53,341.61,311.81,311.59,316.76,321.99,310.65,331.29,305.6,399.43,388.21,356.29,339.03,344.68,362.69,386.7,450.6
2024-05,2024-05-01,8,Milk fresh (Un-boiled) 1 Ltr,Milk fresh (Un-boiled),,Dairy & Eggs,1 Ltr,187.15,2024-05_Annexure1.pdf,212.34,213.12,200.0,160.0,163.06,197.21,147.27,176.6,146.59,200.0,200.0,200.0,226.47,214.02,156.59,200.0,196.61
2024-05,2024-05-01,9,Curd (Dahi) Loose 1 Kg,Curd (Dahi) Loose,,Dairy & Eggs,1 Kg,219.26,2024-05_Annexure1.pdf,233.18,232.42,220.0,180.0,188.81,220.0,183.83,217.68,186.43,311.54,276.56,220.0,266.5,232.03,176.6,220.0,206.61
2024-05,2024-05-01,10,Powdered Milk NIDO 390 gm PolybagEach,Powdered Milk NIDO 390 gm Polybag,,Dairy & Eggs,Each,850.25,2024-05_Annexure1.pdf,870.0,870.0,870.0,870.0,870.0,839.65,820.0,870.0,820.0,830.42,861.82,840.0,840.0,844.18,820.0,870.0,851.94
2024-05,2024-05-01,11,Eggs Hen (Farm) 1 Dozen,Eggs Hen (Farm),,Dairy & Eggs,1 Dozen,252.43,2024-05_Annexure1.pdf,260.83,258.4,255.8,253.8,248.66,257.79,248.66,239.58,239.68,258.64,245.09,251.89,260.45,265.96,251.91,256.36,239.78
2024-05,2024-05-01,12,Mustard Oil (Average Quality) 1 Kg,Mustard Oil (Average Quality),,Oils & Fats,1 Kg,495.43,2024-05_Annexure1.pdf,667.35,653.94,450.0,480.0,482.26,532.8,500.0,469.88,486.36,498.04,402.94,349.83,485.25,554.86,436.41,564.39,506.58
2024-05,2024-05-01,13,"Cooking Oil DALDA or Other Similar Brand (SN), 5 Litre TinEach","Cooking Oil DALDA or Other Similar Brand (SN), 5 Litre Tin",,Oils & Fats,Each,2652.29,2024-05_Annexure1.pdf,2678.81,2678.81,2678.81,2695.0,2615.0,2615.0,2695.0,2695.0,2695.0,2678.81,2615.0,2695.0,2615.0,2613.32,2500.0,2678.81,2654.89
2024-05,2024-05-01,14,Vegetable Ghee DALDA/HABIB 2.5 kg TinEach,Vegetable Ghee DALDA/HABIB 2.5 kg Tin,,Oils & Fats,Each,1292.15,2024-05_Annexure1.pdf,1310.0,1310.0,1310.0,1310.0,1285.0,1310.0,1310.0,1304.96,1310.0,1304.96,1285.0,1304.96,1304.96,1280.0,1159.61,1304.96,1270.88
2024-05,2024-05-01,15,Vegetable Ghee DALDA/HABIB or Other superior Quality 1 kg PouchEach,Vegetable Ghee DALDA/HABIB or Other superior Quality 1 kg Pouch,,Oils & Fats,Each,503.29,2024-05_Annexure1.pdf,509.0,509.0,509.0,509.0,509.0,479.3,509.0,509.0,509.0,506.98,499.0,504.98,506.98,500.0,471.98,509.0,507.76
2024-05,2024-05-01,16,Bananas (Kela) Local 1 Dozen,Bananas (Kela) Local,,Fruits,1 Dozen,146.63,2024-05_Annexure1.pdf,242.88,222.78,160.76,154.59,143.18,140.32,123.8,192.38,157.9,120.52,123.7,119.53,86.69,174.04,150.71,108.48,150.0
2024-05,2024-05-01,17,Pulse Masoor (Washed) 1 Kg,Pulse Masoor (Washed),Pulse Masoor (Washed),Pulses & Legumes,1 Kg,320.94,2024-05_Annexure1.pdf,383.94,365.17,310.0,305.96,333.59,338.53,311.84,297.71,300.0,321.16,300.4,320.0,311.84,301.08,311.84,358.67,299.87
2024-05,2024-05-01,18,Pulse Moong (Washed) 1 Kg,Pulse Moong (Washed),Pulse Moong (Washed),Pulses & Legumes,1 Kg,308.75,2024-05_Annexure1.pdf,323.89,299.88,300.0,290.0,289.38,282.3,300.66,304.37,300.0,301.94,320.26,340.0,321.3,299.55,300.0,369.67,316.59
2024-05,2024-05-01,19,Pulse Mash (Washed) 1 Kg,Pulse Mash (Washed),Pulse Mash (Washed),Pulses & Legumes,1 Kg,548.27,2024-05_Annexure1.pdf,580.55,557.27,561.99,545.94,587.17,566.94,542.64,535.17,515.94,536.91,530.09,531.91,540.0,561.98,567.78,571.39,495.36
2024-05,2024-05-01,20,Pulse Gram 1 Kg,Pulse Gram,Pulse Gram,Pulses & Legumes,1 Kg,260.01,2024-05_Annexure1.pdf,287.35,271.92,246.51,239.96,242.87,233.29,240.33,254.54,269.15,271.05,253.54,260.0,256.83,288.33,263.95,289.93,259.85
2024-05,2024-05-01,21,Potatoes 1 Kg,Potatoes,Potatoes,Vegetables,1 Kg,87.85,2024-05_Annexure1.pdf,112.18,99.24,98.61,98.61,93.11,86.46,83.79,96.22,98.61,76.13,70.0,69.85,66.47,100.0,99.73,69.7,92.83
2024-05,2024-05-01,22,Onions 1 Kg,Onions,Onions,Vegetables,1 Kg,113.91,2024-05_Annexure1.pdf,124.65,116.85,123.36,121.78,116.32,108.96,108.45,108.51,111.98,123.8,123.87,117.44,110.12,104.25,101.44,103.57,115.38
2024-05,2024-05-01,23,Tomatoes 1 Kg,Tomatoes,Tomatoes,Vegetables,1 Kg,67.68,2024-05_Annexure1.pdf,96.49,88.39,82.02,88.54,70.95,59.46,63.1,53.53,44.81,84.02,72.19,46.04,52.21,78.25,60.93,63.9,74.66
2024-05,2024-05-01,24,Sugar Refined 1 Kg,Sugar Refined,,Sugar & Sweeteners,1 Kg,143.78,2024-05_Annexure1.pdf,148.73,148.18,145.0,143.79,145.75,140.53,142.38,140.4,140.66,146.12,140.33,138.6,140.0,146.65,140.0,152.88,145.2
2024-05,2024-05-01,25,Gur (Average Quality) 1 Kg,Gur (Average Quality),,Sugar & Sweeteners,1 Kg,204.63,2024-05_Annexure1.pdf,229.79,211.8,200.0,223.95,208.03,206.46,200.0,222.18,168.55,227.87,235.74,180.0,167.95,200.65,186.43,219.91,206.46
2024-05,2024-05-01,26,Salt Powdered (NATIONAL/SHAN) 800 gm PacketEach,Salt Powdered (NATIONAL/SHAN) 800 gm Packet,,Condiments & Spices,Each,69.9,2024-05_Annexure1.pdf,71.19,70.75,70.0,70.0,70.0,70.0,70.0,70.0,70.0,70.0,70.0,70.0,70.0,70.0,70.0,70.0,66.49
2024-05,2024-05-01,27,Chilies Powder NATIONAL 200 gm PacketEach,Chilies Powder NATIONAL 200 gm Packet,,Condiments & Spices,Each,362.5,2024-05_Annexure1.pdf,320.0,320.0,320.0,320.0,382.54,391.17,400.0,320.0,382.54,320.0,349.88,400.0,400.0,382.54,382.54,400.0,400.0
2024-05,2024-05-01,28,Garlic (Lehsun) 1 Kg,Garlic (Lehsun),,Vegetables,1 Kg,549.07,2024-05_Annexure1.pdf,558.18,589.95,559.61,560.01,431.94,600.0,607.58,567.41,571.53,527.92,438.85,465.01,518.89,560.21,605.06,565.19,663.96
2024-05,2024-05-01,29,Tea Lipton Yellow Label 190 gm PacketEach,Tea Lipton Yellow Label 190 gm Packet,,Beverages,Each,544.71,2024-05_Annexure1.pdf,542.86,542.86,542.86,542.86,542.85,542.83,542.86,542.85,542.86,542.86,542.85,558.82,542.85,542.85,542.85,542.85,558.82
2024-05,2024-05-01,30,Cooked Beef at Average Hotel Per Plate,Cooked Beef at Average Hotel,,Food Away from Home,Per Plate,280.85,2024-05_Annexure1.pdf,309.02,285.47,400.0,350.0,217.75,300.0,250.0,300.0,273.17,339.49,283.24,200.0,240.0,200.0,250.0,344.98,319.68
2024-05,2024-05-01,31,Cooked Daal at Average Hotel Per Plate,Cooked Daal at Average Hotel,,Food Away from Home,Per Plate,147.53,2024-05_Annexure1.pdf,225.36,207.15,150.0,137.19,133.18,166.41,120.0,134.28,132.99,164.01,163.9,150.0,120.0,115.98,120.0,139.76,173.07
2024-05,2024-05-01,32,Tea Prepared Ordinary Per Cup,Tea Prepared Ordinary,,Food Away from Home,Per Cup,59.46,2024-05_Annexure1.pdf,70.0,68.58,60.0,50.0,56.95,63.16,56.46,70.0,50.0,69.35,71.45,60.0,67.87,40.13,50.0,70.0,50.0
2024-05,2024-05-01,33,Cigarettes Capstan 20'S Packet Each,Cigarettes Capstan 20'S Packet,,Tobacco,Each,223.29,2024-05_Annexure1.pdf,220.0,220.0,220.0,220.0,223.86,220.0,220.0,220.0,220.0,232.99,220.0,220.0,220.0,230.0,240.0,226.95,223.28
2024-05,2024-05-01,34,"Long Cloth 57"" Gul Ahmed/Al Karam 1 mtr","Long Cloth 57"" Gul Ahmed/Al Karam",,Textiles & Apparel,1 mtr,605.62,2024-05_Annexure1.pdf,620.73,598.36,667.0,660.0,678.0,491.3,680.0,721.49,685.64,726.84,494.92,500.0,516.14,642.0,700.0,648.72,400.0
2024-05,2024-05-01,35,Shirting (Average Quality) 1 mtr,Shirting (Average Quality),,Textiles & Apparel,1 mtr,458.24,2024-05_Annexure1.pdf,662.08,604.87,500.0,450.0,428.7,839.17,586.59,520.7,586.59,435.17,420.95,229.58,313.19,656.62,450.0,229.85,333.39
2024-05,2024-05-01,36,Lawn Printed Gul Ahmed/Al Karam 1 mtr,Lawn Printed Gul Ahmed/Al Karam,,Textiles & Apparel,1 mtr,590.29,2024-05_Annexure1.pdf,507.72,464.05,748.0,650.0,784.81,600.0,650.0,586.0,600.0,605.85,494.92,550.0,532.8,702.0,650.0,648.72,400.0
2024-05,2024-05-01,37,Georgette (Average Quality) 1 mtr,Georgette (Average Quality),,Textiles & Apparel,1 mtr,274.75,2024-05_Annexure1.pdf,340.92,326.25,250.0,300.0,349.32,350.0,386.55,251.09,269.62,302.6,278.05,206.46,265.66,237.03,160.0,219.62,282.31
2024-05,2024-05-01,38,Gents Sandal Bata Pair,Gents Sandal Bata,,Footwear,Pair,2499.0,2024-05_Annexure1.pdf,2499.0,2499.0,2499.0,2499.0,2499.0,2499.0,2499.0,2499.0,2499.0,2499.0,2499.0,2499.0,2499.0,2499.0,2499.0,2499.0,2499.0
2024-05,2024-05-01,39,Gents Sponge Chappal Bata Pair,Gents Sponge Chappal Bata,,Footwear,Pair,599.0,2024-05_Annexure1.pdf,599.0,599.0,599.0,599.0,599.0,599.0,599.0,599.0,599.0,599.0,599.0,599.0,599.0,599.0,599.0,599.0,599.0
2024-05,2024-05-01,40,Ladies Sandal Bata Pair,Ladies Sandal Bata,,Footwear,Pair,899.0,2024-05_Annexure1.pdf,899.0,899.0,899.0,899.0,899.0,899.0,899.0,899.0,899.0,899.0,899.0,899.0,899.0,899.0,899.0,899.0,899.0
2024-05,2024-05-01,41,Electricity Charges upto 50 Units Per Unit,Electricity Charges upto 50 Units,,Energy & Utilities,Per Unit,6.87,2024-05_Annexure1.pdf,6.87,6.87,6.87,6.87,6.87,6.87,6.87,6.87,6.87,6.87,6.87,6.87,6.87,6.87,6.87,6.87,6.87
2024-05,2024-05-01,42,Gas Charges upto,Gas Charges upto 3.3719 MMBTU,,Energy & Utilities,MMBTU,1976.5,2024-05_Annexure1.pdf,3.3719,1976.5,1976.5,1976.5,1976.5,1976.5,1976.5,1976.5,1976.5,1976.5,1976.5,1976.5,1976.5,1976.5,1976.5,1976.5,1976.5
2024-05,2024-05-01,43,Firewood Whole 40 Kg,Firewood Whole,,Energy & Utilities,40 Kg,1191.12,2024-05_Annexure1.pdf,1827.75,1507.08,1500.0,1200.0,1587.95,1600.0,1000.0,1440.97,1352.41,1106.08,1000.0,800.0,883.01,927.86,795.81,1337.47,1032.28
2024-05,2024-05-01,44,Energy Saver Philips 14 Watt Each,Energy Saver Philips 14 Watt,,Household Goods,Each,372.97,2024-05_Annexure1.pdf,276.63,260.4,550.0,575.0,500.0,400.0,550.0,575.0,272.7,350.0,350.0,300.0,370.0,271.54,250.0,350.0,411.9
2024-05,2024-05-01,45,Sufi Washing Soap 250 gm Cake Each,Sufi Washing Soap 250 gm Cake,,Personal & Household Care,Each,129.0,2024-05_Annexure1.pdf,131.62,131.29,130.0,120.0,130.0,130.0,130.0,125.0,133.25,130.0,130.0,138.0,120.0,130.0,130.0,130.0,125.0
2024-05,2024-05-01,46,Match Box Each,Match Box,,Household Goods,Each,6.18,2024-05_Annexure1.pdf,6.0,6.0,6.0,5.0,6.32,7.0,6.0,7.0,7.0,7.0,6.56,6.0,7.0,7.0,5.0,5.97,5.0
2024-05,2024-05-01,47,Petrol Super Per Litre,Petrol Super,,Fuel & Transport,Per Litre,280.23,2024-05_Annexure1.pdf,279.99,280.07,280.06,280.16,279.97,279.96,280.25,280.04,280.5,280.0,281.22,280.0,280.3,279.99,281.36,279.96,280.02
2024-05,2024-05-01,48,Hi-Speed Diesel Per Litre,Hi-Speed Diesel,,Fuel & Transport,Per Litre,278.25,2024-05_Annexure1.pdf,278.02,277.97,278.09,278.21,278.03,278.03,278.3,278.01,278.54,278.05,279.25,278.03,278.35,278.04,279.23,278.03,278.04
2024-05,2024-05-01,49,LPG,LPG 11.67 kg Cylinder,,Energy & Utilities,Each,3078.22,2024-05_Annexure1.pdf,11.67,3008.05,3100.1,2905.25,2912.33,2785.64,2844.21,2897.24,2747.4,2765.63,2676.92,2653.29,2888.89,2935.07,2841.93,2735.5,3207.0
2024-05,2024-05-01,50,Telephone Call Charges Per Minute,Telephone Call Charges,,Communication,Per Minute,1.79,2024-05_Annexure1.pdf,1.79,1.79,1.79,1.79,1.79,1.79,1.79,1.79,1.79,1.79,1.79,1.79,1.79,1.79,1.79,1.79,1.79
2024-05,2024-05-01,51,Toilet Soap LIFEBUOY 115 gm Each,Toilet Soap LIFEBUOY 115 gm,,Personal & Household Care,Each,110.39,2024-05_Annexure1.pdf,111.47,111.47,105.8,111.47,111.47,105.0,117.47,111.47,111.48,111.48,111.48,110.0,118.6,103.32,111.47,111.48,103.0
2024-06,2024-06-01,1,Wheat Flour Bag 20 Kg,Wheat Flour Bag,,Cereals & Grains,20 Kg,1773.12,2024-06_Annexure1.pdf,1843.27,1841.6,1683.26,1683.26,1690.86,1606.6,1800.0,1606.8,1649.96,1943.23,1972.56,1704.98,1772.89,1686.47,1685.56,2064.87,1996.05
2024-06,2024-06-01,2,Rice Basmati Broken (Average Quality)1 Kg,Rice Basmati Broken (Average Quality),,Cereals & Grains,1 Kg,206.3,2024-06_Annexure1.pdf,244.56,226.89,173.07,156.24,215.94,200.0,184.8,193.1,186.43,253.72,194.29,200.0,246.62,222.18,159.9,263.46,226.4
2024-06,2024-06-01,3,Rice IRRI-6/9 (Sindh/Punjab) 1 Kg,Rice IRRI-6/9 (Sindh/Punjab),,Cereals & Grains,1 Kg,-4.08,2024-06_Annexure1.pdf,171.14,148.93,160.0,169.05,156.59,170.0,167.77,157.79,170.0,123.24,160.0,166.6,184.95,149.53,160.46,167.29,149.73
2024-06,2024-06-01,4,Bread plain (Small Size) Each,Bread plain (Small Size),,Bakery & Confectionery,Each,111.58,2024-06_Annexure1.pdf,110.0,110.0,110.0,110.0,110.0,112.42,110.0,110.0,117.42,118.43,120.0,130.0,112.92,100.0,100.0,120.0,100.0
2024-06,2024-06-01,5,Beef with Bone (Average Quality) 1 Kg,Beef with Bone (Average Quality),,Meat & Poultry,1 Kg,952.8,2024-06_Annexure1.pdf,1208.19,1128.34,900.0,950.0,925.85,1190.92,850.0,977.46,895.72,1170.22,906.72,800.0,991.26,889.97,750.0,949.91,861.48
2024-06,2024-06-01,6,Mutton (Average Quality) 1 Kg,Mutton (Average Quality),,Meat & Poultry,1 Kg,1896.53,2024-06_Annexure1.pdf,2224.58,2234.64,2000.0,2000.0,2232.84,2191.28,1650.0,1994.38,1665.99,2007.24,1753.64,1600.0,1915.87,1793.24,1550.0,1998.33,1661.98
2024-06,2024-06-01,7,Chicken Farm Broiler (Live) 1 Kg,Chicken Farm Broiler (Live),,Meat & Poultry,1 Kg,341.91,2024-06_Annexure1.pdf,355.04,342.82,303.72,302.9,307.13,318.98,322.14,320.76,302.93,366.78,357.64,356.77,354.63,342.9,355.7,383.63,447.31
2024-06,2024-06-01,8,Milk fresh (Un-boiled) 1 Ltr,Milk fresh (Un-boiled),,Dairy & Eggs,1 Ltr,189.24,2024-06_Annexure1.pdf,212.34,213.12,200.0,160.0,172.45,200.0,154.92,176.6,146.59,209.76,200.0,200.0,226.47,218.36,156.59,200.0,196.61
2024-06,2024-06-01,9,Curd (Dahi) Loose 1 Kg,Curd (Dahi) Loose,,Dairy & Eggs,1 Kg,222.43,2024-06_Annexure1.pdf,233.18,232.42,220.0,180.0,203.09,220.0,200.0,217.68,191.41,321.2,276.56,220.0,266.5,235.19,176.6,220.0,209.92
2024-06,2024-06-01,10,Powdered Milk NIDO 390 gm PolybagEach,Powdered Milk NIDO 390 gm Polybag,,Dairy & Eggs,Each,852.26,2024-06_Annexure1.pdf,870.0,870.0,870.0,870.0,870.0,870.0,820.0,870.0,820.0,832.37,865.82,840.0,840.0,834.36,820.0,870.0,860.0
2024-06,2024-06-01,11,Eggs Hen (Farm) 1 Dozen,Eggs Hen (Farm),,Dairy & Eggs,1 Dozen,246.38,2024-06_Annexure1.pdf,258.16,254.62,247.36,245.71,244.95,248.31,244.95,234.67,234.5,253.85,238.36,247.46,249.9,255.29,249.97,245.46,236.62
2024-06,2024-06-01,12,Mustard Oil (Average Quality) 1 Kg,Mustard Oil (Average Quality),,Oils & Fats,1 Kg,492.51,2024-06_Annexure1.pdf,667.35,653.94,450.0,480.0,482.26,532.8,500.0,469.88,457.32,492.86,400.0,342.88,500.0,584.41,401.63,564.39,506.58
2024-06,2024-06-01,13,"Cooking Oil DALDA or Other Similar Brand (SN), 5 Litre TinEach","Cooking Oil DALDA or Other Similar Brand (SN), 5 Litre Tin",,Oils & Fats,Each,2659.67,2024-06_Annexure1.pdf,2695.0,2695.0,2695.0,2695.0,2615.0,2615.0,2695.0,2695.0,2695.0,2695.0,2640.02,2695.0,2615.0,2613.32,2500.0,2695.0,2675.0
2024-06,2024-06-01,14,Vegetable Ghee DALDA/HABIB 2.5 kg TinEach,Vegetable Ghee DALDA/HABIB 2.5 kg Tin,,Oils & Fats,Each,1293.35,2024-06_Annexure1.pdf,1310.0,1310.0,1310.0,1310.0,1285.0,1310.0,1310.0,1310.0,1310.0,1310.0,1291.2,1310.0,1310.0,1280.0,1137.43,1310.0,1285.0
2024-06,2024-06-01,15,Vegetable Ghee DALDA/HABIB or Other superior Quality 1 kg PouchEach,Vegetable Ghee DALDA/HABIB or Other superior Quality 1 kg Pouch,,Oils & Fats,Each,503.93,2024-06_Annexure1.pdf,509.0,509.0,509.0,509.0,509.0,476.64,509.0,509.0,509.0,509.0,501.48,509.0,509.0,500.0,470.0,509.0,513.0
2024-06,2024-06-01,16,Bananas (Kela) Local 1 Dozen,Bananas (Kela) Local,,Fruits,1 Dozen,161.01,2024-06_Annexure1.pdf,262.0,241.15,186.43,181.59,152.43,138.16,143.85,210.88,156.59,138.95,131.29,117.21,111.22,185.66,194.8,118.94,150.0
2024-06,2024-06-01,17,Pulse Masoor (Washed) 1 Kg,Pulse Masoor (Washed),Pulse Masoor (Washed),Pulses & Legumes,1 Kg,314.68,2024-06_Annexure1.pdf,383.94,365.17,304.96,300.0,331.8,333.3,292.19,306.19,303.24,302.24,300.01,300.0,299.77,298.87,308.18,347.34,289.82
2024-06,2024-06-01,18,Pulse Moong (Washed) 1 Kg,Pulse Moong (Washed),Pulse Moong (Washed),Pulses & Legumes,1 Kg,313.54,2024-06_Annexure1.pdf,328.45,305.19,309.84,306.84,294.03,295.3,312.28,320.95,309.76,299.71,325.11,329.85,320.0,301.33,314.88,359.74,303.3
2024-06,2024-06-01,19,Pulse Mash (Washed) 1 Kg,Pulse Mash (Washed),Pulse Mash (Washed),Pulses & Legumes,1 Kg,564.73,2024-06_Annexure1.pdf,589.35,573.54,580.0,560.0,624.64,564.95,554.98,574.06,546.65,549.77,546.58,532.48,540.0,574.11,600.0,561.12,536.34
2024-06,2024-06-01,20,Pulse Gram 1 Kg,Pulse Gram,Pulse Gram,Pulses & Legumes,1 Kg,293.21,2024-06_Annexure1.pdf,322.76,292.1,304.62,282.12,263.36,272.16,270.6,311.38,290.46,288.89,295.56,304.88,293.21,318.06,290.26,313.31,278.86
2024-06,2024-06-01,21,Potatoes 1 Kg,Potatoes,Potatoes,Vegetables,1 Kg,95.4,2024-06_Annexure1.pdf,118.59,110.4,103.09,107.97,94.2,95.67,103.78,100.0,100.0,85.91,75.25,73.19,77.38,104.67,110.5,82.28,94.57
2024-06,2024-06-01,22,Onions 1 Kg,Onions,Onions,Vegetables,1 Kg,129.98,2024-06_Annexure1.pdf,142.92,140.69,129.57,147.43,136.74,122.92,125.43,130.17,133.18,133.86,138.96,125.61,127.95,132.93,114.73,124.23,108.55
2024-06,2024-06-01,23,Tomatoes 1 Kg,Tomatoes,Tomatoes,Vegetables,1 Kg,108.42,2024-06_Annexure1.pdf,130.31,116.58,117.71,112.11,102.57,102.77,92.12,107.0,90.9,135.16,120.15,103.6,114.87,103.08,91.15,109.98,104.49
2024-06,2024-06-01,24,Sugar Refined 1 Kg,Sugar Refined,,Sugar & Sweeteners,1 Kg,143.27,2024-06_Annexure1.pdf,148.73,148.31,145.0,143.5,145.0,140.82,140.0,140.0,140.0,144.54,140.33,138.08,140.0,147.7,140.0,149.62,144.75
2024-06,2024-06-01,25,Gur (Average Quality) 1 Kg,Gur (Average Quality),,Sugar & Sweeteners,1 Kg,208.85,2024-06_Annexure1.pdf,229.79,211.8,200.0,230.0,213.19,206.46,200.0,222.18,166.6,231.54,235.74,200.0,182.32,222.72,186.43,219.91,206.46
2024-06,2024-06-01,26,Salt Powdered (NATIONAL/SHAN) 800 gm PacketEach,Salt Powdered (NATIONAL/SHAN) 800 gm Packet,,Condiments & Spices,Each,70.09,2024-06_Annexure1.pdf,73.4,71.9,70.0,70.0,70.0,70.0,70.0,70.0,70.0,70.0,70.0,70.0,70.0,70.0,70.0,70.0,66.49
2024-06,2024-06-01,27,Chilies Powder NATIONAL 200 gm PacketEach,Chilies Powder NATIONAL 200 gm Packet,,Condiments & Spices,Each,334.49,2024-06_Annexure1.pdf,320.0,320.0,320.0,320.0,320.0,329.05,320.0,320.0,320.0,320.0,320.0,400.0,400.0,320.0,320.0,400.0,338.36
2024-06,2024-06-01,28,Garlic (Lehsun) 1 Kg,Garlic (Lehsun),,Vegetables,1 Kg,473.49,2024-06_Annexure1.pdf,456.18,497.29,400.0,472.78,431.63,510.47,474.34,420.92,554.0,523.69,416.72,411.96,376.27,461.28,565.4,534.58,612.75
2024-06,2024-06-01,29,Tea Lipton Yellow Label 190 gm PacketEach,Tea Lipton Yellow Label 190 gm Packet,,Beverages,Each,544.71,2024-06_Annexure1.pdf,542.86,542.86,542.86,542.86,542.85,542.83,542.86,542.85,542.86,542.86,542.85,558.82,542.85,542.85,542.85,542.85,558.82
2024-06,2024-06-01,30,Cooked Beef at Average Hotel Per Plate,Cooked Beef at Average Hotel,,Food Away from Home,Per Plate,282.11,2024-06_Annexure1.pdf,309.02,285.47,400.0,350.0,217.75,300.0,250.0,300.0,273.17,351.32,292.29,200.0,240.0,202.13,250.0,344.98,319.68
2024-06,2024-06-01,31,Cooked Daal at Average Hotel Per Plate,Cooked Daal at Average Hotel,,Food Away from Home,Per Plate,150.36,2024-06_Annexure1.pdf,229.27,210.5,150.0,157.0,133.18,166.41,120.0,134.28,132.99,171.38,163.9,150.0,120.0,129.51,120.0,139.76,173.07
2024-06,2024-06-01,32,Tea Prepared Ordinary Per Cup,Tea Prepared Ordinary,,Food Away from Home,Per Cup,59.57,2024-06_Annexure1.pdf,70.0,68.58,60.0,50.0,56.95,63.16,56.46,70.0,50.0,69.35,71.45,60.0,70.0,40.13,50.0,70.0,50.0
2024-06,2024-06-01,33,Cigarettes Capstan 20'S Packet Each,Cigarettes Capstan 20'S Packet,,Tobacco,Each,227.99,2024-06_Annexure1.pdf,229.58,230.56,220.0,220.0,240.0,220.0,220.0,220.0,220.0,241.96,241.15,220.0,220.0,230.0,244.95,237.46,223.28
2024-06,2024-06-01,34,"Long Cloth 57"" Gul Ahmed/Al Karam 1 mtr","Long Cloth 57"" Gul Ahmed/Al Karam",,Textiles & Apparel,1 mtr,607.38,2024-06_Annexure1.pdf,620.73,598.36,667.0,660.0,678.0,491.3,680.0,758.0,685.64,726.84,494.92,500.0,516.14,642.0,700.0,648.72,400.0
2024-06,2024-06-01,35,Shirting (Average Quality) 1 mtr,Shirting (Average Quality),,Textiles & Apparel,1 mtr,463.84,2024-06_Annexure1.pdf,662.08,604.87,500.0,450.0,428.7,866.35,586.59,520.7,586.59,435.17,434.8,229.58,313.19,656.62,476.22,229.85,363.21
2024-06,2024-06-01,36,Lawn Printed Gul Ahmed/Al Karam 1 mtr,Lawn Printed Gul Ahmed/Al Karam,,Textiles & Apparel,1 mtr,594.17,2024-06_Annexure1.pdf,507.72,464.05,748.0,650.0,784.81,600.0,650.0,655.0,600.0,605.85,494.92,550.0,532.8,702.0,650.0,648.72,400.0
2024-06,2024-06-01,37,Georgette (Average Quality) 1 mtr,Georgette (Average Quality),,Textiles & Apparel,1 mtr,279.66,2024-06_Annexure1.pdf,340.92,326.25,250.0,300.0,349.32,350.0,386.55,327.54,269.62,302.6,284.7,206.46,265.66,239.86,160.0,219.62,282.31
2024-06,2024-06-01,38,Gents Sandal Bata Pair,Gents Sandal Bata,,Footwear,Pair,2499.0,2024-06_Annexure1.pdf,2499.0,2499.0,2499.0,2499.0,2499.0,2499.0,2499.0,2499.0,2499.0,2499.0,2499.0,2499.0,2499.0,2499.0,2499.0,2499.0,2499.0
2024-06,2024-06-01,39,Gents Sponge Chappal Bata Pair,Gents Sponge Chappal Bata,,Footwear,Pair,599.0,2024-06_Annexure1.pdf,599.0,599.0,599.0,599.0,599.0,599.0,599.0,599.0,599.0,599.0,599.0,599.0,599.0,599.0,599.0,599.0,599.0
2024-06,2024-06-01,40,Ladies Sandal Bata Pair,Ladies Sandal Bata,,Footwear,Pair,899.0,2024-06_Annexure1.pdf,899.0,899.0,899.0,899.0,899.0,899.0,899.0,899.0,899.0,899.0,899.0,899.0,899.0,899.0,899.0,899.0,899.0
2024-06,2024-06-01,41,Electricity Charges upto 50 Units Per Unit,Electricity Charges upto 50 Units,,Energy & Utilities,Per Unit,7.32,2024-06_Annexure1.pdf,7.32,7.32,7.32,7.32,7.32,7.32,7.32,7.32,7.32,7.32,7.32,7.32,7.32,7.32,7.32,7.32,7.32
2024-06,2024-06-01,42,Gas Charges upto,Gas Charges upto 3.3719 MMBTU,,Energy & Utilities,MMBTU,1976.5,2024-06_Annexure1.pdf,3.3719,1976.5,1976.5,1976.5,1976.5,1976.5,1976.5,1976.5,1976.5,1976.5,1976.5,1976.5,1976.5,1976.5,1976.5,1976.5,1976.5
2024-06,2024-06-01,43,Firewood Whole 40 Kg,Firewood Whole,,Energy & Utilities,40 Kg,1188.47,2024-06_Annexure1.pdf,1827.75,1507.08,1500.0,1200.0,1587.95,1600.0,1000.0,1440.97,1400.0,1106.08,1000.0,800.0,883.01,888.25,795.81,1299.36,1032.28
2024-06,2024-06-01,44,Energy Saver Philips 14 Watt Each,Energy Saver Philips 14 Watt,,Household Goods,Each,379.01,2024-06_Annexure1.pdf,276.63,260.4,550.0,575.0,500.0,400.0,550.0,575.0,272.7,350.0,350.0,300.0,370.0,339.77,250.0,350.0,432.67
2024-06,2024-06-01,45,Sufi Washing Soap 250 gm Cake Each,Sufi Washing Soap 250 gm Cake,,Personal & Household Care,Each,129.14,2024-06_Annexure1.pdf,131.62,131.29,130.0,120.0,130.0,130.0,130.0,125.0,135.74,130.0,130.0,138.0,120.0,130.0,130.0,130.0,125.0
2024-06,2024-06-01,46,Match Box Each,Match Box,,Household Goods,Each,6.18,2024-06_Annexure1.pdf,6.0,6.0,6.0,5.0,6.32,7.0,6.0,7.0,7.0,7.0,6.56,6.0,7.0,7.0,5.0,5.97,5.0
2024-06,2024-06-01,47,Petrol Super Per Litre,Petrol Super,,Fuel & Transport,Per Litre,264.27,2024-06_Annexure1.pdf,264.03,264.04,264.05,264.2,264.03,263.95,264.29,264.11,264.54,264.04,265.23,264.04,264.34,264.03,265.15,263.95,264.63
2024-06,2024-06-01,48,Hi-Speed Diesel Per Litre,Hi-Speed Diesel,,Fuel & Transport,Per Litre,270.06,2024-06_Annexure1.pdf,269.87,269.88,269.9,270.04,269.87,269.91,270.13,269.91,270.38,269.88,271.04,270.05,270.18,269.87,269.85,269.85,270.46
2024-06,2024-06-01,49,LPG,LPG 11.67 kg Cylinder,,Energy & Utilities,Each,2745.16,2024-06_Annexure1.pdf,11.67,2976.56,3034.09,2881.58,2949.11,2824.6,2877.07,2824.67,2910.25,2825.54,2859.42,2372.27,2941.59,2866.89,2839.62,2698.99,2793.23
2024-06,2024-06-01,50,Telephone Call Charges Per Minute,Telephone Call Charges,,Communication,Per Minute,1.79,2024-06_Annexure1.pdf,1.79,1.79,1.79,1.79,1.79,1.79,1.79,1.79,1.79,1.79,1.79,1.79,1.79,1.79,1.79,1.79,1.79
2024-06,2024-06-01,51,Toilet Soap LIFEBUOY 115 gm Each,Toilet Soap LIFEBUOY 115 gm,,Personal & Household Care,Each,110.39,2024-06_Annexure1.pdf,111.47,111.47,105.8,111.47,111.47,105.0,117.47,111.47,111.48,111.48,111.48,110.0,118.6,103.32,111.47,111.48,103.0
2024-07,2024-07-01,1,Wheat Flour Bag 20 Kg,Wheat Flour Bag,,Cereals & Grains,20 Kg,1943.47,2024-07_Annexure1.pdf,2117.63,2092.24,1916.28,1933.0,1828.45,1723.42,1899.2,1833.96,1985.06,2007.46,2004.94,1864.87,1926.27,1949.19,1887.37,2110.81,2005.38
2024-07,2024-07-01,2,Rice Basmati Broken (Average Quality)1 Kg,Rice Basmati Broken (Average Quality),,Cereals & Grains,1 Kg,207.06,2024-07_Annexure1.pdf,243.55,225.25,180.0,160.0,202.28,200.0,180.0,193.1,186.43,260.0,207.27,200.0,253.29,222.18,153.26,274.97,223.28
2024-07,2024-07-01,3,Rice IRRI-6/9 (Sindh/Punjab) 1 Kg,Rice IRRI-6/9 (Sindh/Punjab),,Cereals & Grains,1 Kg,0.87,2024-07_Annexure1.pdf,171.14,148.93,160.0,166.6,158.86,170.0,171.69,167.4,170.0,129.14,160.0,166.6,184.95,148.31,161.85,160.46,153.95
2024-07,2024-07-01,4,Bread plain (Small Size) Each,Bread plain (Small Size),,Bakery & Confectionery,Each,110.77,2024-07_Annexure1.pdf,110.0,110.0,110.0,110.0,110.0,110.0,110.0,110.0,110.0,114.21,120.0,130.0,112.92,100.0,100.0,120.0,100.0
2024-07,2024-07-01,5,Beef with Bone (Average Quality) 1 Kg,Beef with Bone (Average Quality),,Meat & Poultry,1 Kg,966.15,2024-07_Annexure1.pdf,1208.19,1128.34,924.02,950.0,925.85,1200.0,850.0,985.86,900.0,1178.83,970.41,807.89,1000.0,900.56,787.2,959.97,883.01
2024-07,2024-07-01,6,Mutton (Average Quality) 1 Kg,Mutton (Average Quality),,Meat & Poultry,1 Kg,1903.39,2024-07_Annexure1.pdf,2224.58,2234.64,2008.15,2000.0,2232.84,2200.0,1650.0,1994.38,1665.99,2029.66,1785.21,1600.0,1932.77,1798.5,1550.0,1998.33,1683.17
2024-07,2024-07-01,7,Chicken Farm Broiler (Live) 1 Kg,Chicken Farm Broiler (Live),,Meat & Poultry,1 Kg,381.82,2024-07_Annexure1.pdf,404.6,390.45,355.09,356.76,352.96,365.55,379.56,363.42,337.46,373.76,370.15,394.92,378.75,389.83,405.74,427.36,463.5
2024-07,2024-07-01,8,Milk fresh (Un-boiled) 1 Ltr,Milk fresh (Un-boiled),,Dairy & Eggs,1 Ltr,192.69,2024-07_Annexure1.pdf,219.28,215.61,200.0,160.0,174.22,200.0,160.0,182.13,146.59,220.0,203.65,200.0,226.47,222.86,173.84,200.0,196.61
2024-07,2024-07-01,9,Curd (Dahi) Loose 1 Kg,Curd (Dahi) Loose,,Dairy & Eggs,1 Kg,226.55,2024-07_Annexure1.pdf,238.28,237.68,220.0,180.0,209.77,240.0,200.0,222.14,193.1,331.5,276.56,220.0,266.5,239.43,186.56,220.0,213.28
2024-07,2024-07-01,10,Powdered Milk NIDO 390 gm PolybagEach,Powdered Milk NIDO 390 gm Polybag,,Dairy & Eggs,Each,992.2,2024-07_Annexure1.pdf,1014.89,1014.89,1030.0,987.43,987.43,946.63,972.93,1034.99,972.93,1014.14,939.85,930.16,978.81,1033.04,1050.0,1030.0,941.17
2024-07,2024-07-01,11,Eggs Hen (Farm) 1 Dozen,Eggs Hen (Farm),,Dairy & Eggs,1 Dozen,250.82,2024-07_Annexure1.pdf,267.58,262.6,249.8,249.9,253.96,254.12,253.96,236.94,236.16,263.41,246.52,256.17,248.14,252.12,250.0,248.58,236.62
2024-07,2024-07-01,12,Mustard Oil (Average Quality) 1 Kg,Mustard Oil (Average Quality),,Oils & Fats,1 Kg,496.02,2024-07_Annexure1.pdf,667.35,653.94,450.0,480.0,482.26,532.8,500.0,469.88,450.0,493.19,401.63,374.9,500.0,602.67,406.56,564.39,506.58
2024-07,2024-07-01,13,"Cooking Oil DALDA or Other Similar Brand (SN), 5 Litre TinEach","Cooking Oil DALDA or Other Similar Brand (SN), 5 Litre Tin",,Oils & Fats,Each,2672.91,2024-07_Annexure1.pdf,2695.0,2695.0,2695.0,2695.0,2654.7,2615.0,2695.0,2695.0,2695.0,2695.0,2700.37,2695.0,2634.77,2613.32,2600.0,2695.0,2675.0
2024-07,2024-07-01,14,Vegetable Ghee DALDA/HABIB 2.5 kg TinEach,Vegetable Ghee DALDA/HABIB 2.5 kg Tin,,Oils & Fats,Each,1299.02,2024-07_Annexure1.pdf,1310.0,1310.0,1310.0,1310.0,1285.0,1310.0,1310.0,1310.0,1310.0,1310.0,1310.0,1310.0,1310.0,1294.97,1193.7,1310.0,1285.0
2024-07,2024-07-01,15,Vegetable Ghee DALDA/HABIB or Other superior Quality 1 kg PouchEach,Vegetable Ghee DALDA/HABIB or Other superior Quality 1 kg Pouch,,Oils & Fats,Each,505.98,2024-07_Annexure1.pdf,510.49,510.49,509.0,509.0,509.0,494.97,509.0,509.0,509.0,509.0,509.0,509.0,509.0,500.0,474.97,509.0,513.0
2024-07,2024-07-01,16,Bananas (Kela) Local 1 Dozen,Bananas (Kela) Local,,Fruits,1 Dozen,159.79,2024-07_Annexure1.pdf,258.75,242.8,171.2,166.82,151.05,138.16,150.0,217.78,167.89,133.83,129.61,129.27,98.89,189.07,193.1,115.8,150.0
2024-07,2024-07-01,17,Pulse Masoor (Washed) 1 Kg,Pulse Masoor (Washed),Pulse Masoor (Washed),Pulses & Legumes,1 Kg,325.02,2024-07_Annexure1.pdf,383.94,370.21,300.0,300.0,331.8,333.3,316.63,333.1,313.19,317.3,323.99,300.0,316.5,312.89,309.84,379.95,300.0
2024-07,2024-07-01,18,Pulse Moong (Washed) 1 Kg,Pulse Moong (Washed),Pulse Moong (Washed),Pulses & Legumes,1 Kg,337.77,2024-07_Annexure1.pdf,360.24,335.35,332.25,320.0,323.32,309.84,334.13,352.75,329.1,328.14,346.27,360.0,329.75,320.0,334.1,392.36,343.3
2024-07,2024-07-01,19,Pulse Mash (Washed) 1 Kg,Pulse Mash (Washed),Pulse Mash (Washed),Pulses & Legumes,1 Kg,573.48,2024-07_Annexure1.pdf,609.87,593.73,580.0,552.48,624.64,564.95,574.07,601.77,548.31,565.02,553.27,540.0,542.48,591.31,600.0,614.87,506.58
2024-07,2024-07-01,20,Pulse Gram 1 Kg,Pulse Gram,Pulse Gram,Pulses & Legumes,1 Kg,330.02,2024-07_Annexure1.pdf,357.17,331.03,332.32,317.16,310.97,300.0,294.9,352.69,327.26,336.49,341.16,334.89,329.32,354.33,320.82,354.94,323.3
2024-07,2024-07-01,21,Potatoes 1 Kg,Potatoes,Potatoes,Vegetables,1 Kg,98.28,2024-07_Annexure1.pdf,118.59,115.58,100.0,113.24,96.62,99.53,105.77,104.69,106.26,92.24,78.77,74.84,80.0,115.57,99.66,84.61,100.0
2024-07,2024-07-01,22,Onions 1 Kg,Onions,Onions,Vegetables,1 Kg,112.88,2024-07_Annexure1.pdf,141.91,138.65,114.65,123.1,113.01,105.25,101.94,104.14,126.93,116.49,121.53,100.0,102.51,125.67,101.53,95.19,100.0
2024-07,2024-07-01,23,Tomatoes 1 Kg,Tomatoes,Tomatoes,Vegetables,1 Kg,165.1,2024-07_Annexure1.pdf,193.09,182.75,189.15,173.7,176.71,183.62,122.04,177.7,189.88,180.2,201.75,186.12,147.51,150.13,128.53,138.59,121.67
2024-07,2024-07-01,24,Sugar Refined 1 Kg,Sugar Refined,,Sugar & Sweeteners,1 Kg,146.37,2024-07_Annexure1.pdf,151.22,150.61,147.48,146.98,146.23,143.32,145.0,146.22,144.55,147.58,142.43,138.0,140.0,149.44,143.31,158.96,148.16
2024-07,2024-07-01,25,Gur (Average Quality) 1 Kg,Gur (Average Quality),,Sugar & Sweeteners,1 Kg,212.65,2024-07_Annexure1.pdf,229.79,211.8,200.0,230.0,229.45,206.46,212.33,222.18,177.3,231.86,240.3,200.0,176.32,231.09,196.52,219.91,213.62
2024-07,2024-07-01,26,Salt Powdered (NATIONAL/SHAN) 800 gm PacketEach,Salt Powdered (NATIONAL/SHAN) 800 gm Packet,,Condiments & Spices,Each,70.31,2024-07_Annexure1.pdf,75.67,73.51,70.0,70.0,70.0,70.0,70.0,70.0,70.0,70.0,70.0,70.0,70.0,70.0,70.0,70.0,66.49
2024-07,2024-07-01,27,Chilies Powder NATIONAL 200 gm PacketEach,Chilies Powder NATIONAL 200 gm Packet,,Condiments & Spices,Each,333.24,2024-07_Annexure1.pdf,320.0,320.0,320.0,320.0,320.0,320.0,320.0,320.0,320.0,320.0,320.0,407.93,400.0,320.0,320.0,400.0,320.0
2024-07,2024-07-01,28,Garlic (Lehsun) 1 Kg,Garlic (Lehsun),,Vegetables,1 Kg,481.02,2024-07_Annexure1.pdf,515.77,515.51,436.94,450.0,457.65,448.74,500.0,424.51,556.99,525.34,443.31,420.12,394.9,444.59,600.0,477.33,632.89
2024-07,2024-07-01,29,Tea Lipton Yellow Label 190 gm PacketEach,Tea Lipton Yellow Label 190 gm Packet,,Beverages,Each,544.71,2024-07_Annexure1.pdf,542.86,542.86,542.86,542.86,542.85,542.83,542.86,542.85,542.86,542.86,542.85,558.82,542.85,542.85,542.85,542.85,558.82
2024-07,2024-07-01,30,Cooked Beef at Average Hotel Per Plate,Cooked Beef at Average Hotel,,Food Away from Home,Per Plate,282.81,2024-07_Annexure1.pdf,309.02,285.47,400.0,350.0,217.75,300.0,250.0,300.0,273.17,351.32,301.62,200.0,240.0,204.28,250.0,344.98,319.68
2024-07,2024-07-01,31,Cooked Daal at Average Hotel Per Plate,Cooked Daal at Average Hotel,,Food Away from Home,Per Plate,152.6,2024-07_Annexure1.pdf,241.4,220.86,150.0,180.0,133.18,166.41,120.0,134.28,132.99,173.14,164.7,150.0,120.0,129.51,120.0,139.76,173.07
2024-07,2024-07-01,32,Tea Prepared Ordinary Per Cup,Tea Prepared Ordinary,,Food Away from Home,Per Cup,60.19,2024-07_Annexure1.pdf,70.0,68.58,60.0,50.0,56.95,63.16,60.0,70.0,50.0,69.35,71.45,60.0,70.0,41.48,50.0,76.09,50.0
2024-07,2024-07-01,33,Cigarettes Capstan 20'S Packet Each,Cigarettes Capstan 20'S Packet,,Tobacco,Each,231.95,2024-07_Annexure1.pdf,243.15,244.5,230.0,230.0,240.0,220.0,222.46,220.0,220.0,249.69,243.29,220.0,220.0,230.0,250.0,241.23,223.28
2024-07,2024-07-01,34,"Long Cloth 57"" Gul Ahmed/Al Karam 1 mtr","Long Cloth 57"" Gul Ahmed/Al Karam",,Textiles & Apparel,1 mtr,614.58,2024-07_Annexure1.pdf,657.87,637.91,667.0,660.0,678.0,491.3,680.0,758.0,741.4,726.84,494.92,500.0,516.14,642.0,700.0,648.72,400.0
2024-07,2024-07-01,35,Shirting (Average Quality) 1 mtr,Shirting (Average Quality),,Textiles & Apparel,1 mtr,467.03,2024-07_Annexure1.pdf,662.08,604.87,500.0,450.0,428.7,866.35,600.0,520.7,586.59,462.74,449.21,229.58,313.19,656.62,476.22,229.85,363.21
2024-07,2024-07-01,36,Lawn Printed Gul Ahmed/Al Karam 1 mtr,Lawn Printed Gul Ahmed/Al Karam,,Textiles & Apparel,1 mtr,606.56,2024-07_Annexure1.pdf,524.61,482.96,748.0,650.0,784.81,600.0,650.0,655.0,757.63,633.74,494.92,550.0,532.8,702.0,650.0,648.72,400.0
2024-07,2024-07-01,37,Georgette (Average Quality) 1 mtr,Georgette (Average Quality),,Textiles & Apparel,1 mtr,281.36,2024-07_Annexure1.pdf,340.92,326.25,250.0,300.0,349.32,350.0,400.0,327.54,282.19,302.6,291.5,206.46,265.66,239.86,160.0,219.62,282.31
2024-07,2024-07-01,38,Gents Sandal Bata Pair,Gents Sandal Bata,,Footwear,Pair,2499.0,2024-07_Annexure1.pdf,2499.0,2499.0,2499.0,2499.0,2499.0,2499.0,2499.0,2499.0,2499.0,2499.0,2499.0,2499.0,2499.0,2499.0,2499.0,2499.0,2499.0
2024-07,2024-07-01,39,Gents Sponge Chappal Bata Pair,Gents Sponge Chappal Bata,,Footwear,Pair,599.0,2024-07_Annexure1.pdf,599.0,599.0,599.0,599.0,599.0,599.0,599.0,599.0,599.0,599.0,599.0,599.0,599.0,599.0,599.0,599.0,599.0
2024-07,2024-07-01,40,Ladies Sandal Bata Pair,Ladies Sandal Bata,,Footwear,Pair,899.0,2024-07_Annexure1.pdf,899.0,899.0,899.0,899.0,899.0,899.0,899.0,899.0,899.0,899.0,899.0,899.0,899.0,899.0,899.0,899.0,899.0
2024-07,2024-07-01,41,Electricity Charges upto 50 Units Per Unit,Electricity Charges upto 50 Units,,Energy & Utilities,Per Unit,7.47,2024-07_Annexure1.pdf,7.47,7.47,7.47,7.47,7.47,7.47,7.47,7.47,7.47,7.47,7.47,7.47,7.47,7.47,7.47,7.47,7.47
2024-07,2024-07-01,42,Gas Charges upto,Gas Charges upto 3.3719 MMBTU,,Energy & Utilities,MMBTU,1976.5,2024-07_Annexure1.pdf,3.3719,1976.5,1976.5,1976.5,1976.5,1976.5,1976.5,1976.5,1976.5,1976.5,1976.5,1976.5,1976.5,1976.5,1976.5,1976.5,1976.5
2024-07,2024-07-01,43,Firewood Whole 40 Kg,Firewood Whole,,Energy & Utilities,40 Kg,1194.17,2024-07_Annexure1.pdf,1827.75,1507.08,1500.0,1200.0,1587.95,1600.0,1000.0,1440.97,1400.0,1106.08,1016.01,800.0,883.01,934.98,795.81,1317.89,1032.28
2024-07,2024-07-01,44,Energy Saver Philips 14 Watt Each,Energy Saver Philips 14 Watt,,Household Goods,Each,379.68,2024-07_Annexure1.pdf,276.63,260.4,550.0,575.0,500.0,400.0,550.0,575.0,272.7,350.0,350.0,300.0,370.0,350.0,250.0,350.0,432.67
2024-07,2024-07-01,45,Sufi Washing Soap 250 gm Cake Each,Sufi Washing Soap 250 gm Cake,,Personal & Household Care,Each,129.18,2024-07_Annexure1.pdf,131.62,131.29,130.0,120.0,130.0,130.0,130.0,125.0,136.58,130.0,130.0,138.0,120.0,130.0,130.0,130.0,125.0
2024-07,2024-07-01,46,Match Box Each,Match Box,,Household Goods,Each,6.18,2024-07_Annexure1.pdf,6.0,6.0,6.0,5.0,6.32,7.0,6.0,7.0,7.0,7.0,6.56,6.0,7.0,7.0,5.0,5.97,5.0
2024-07,2024-07-01,47,Petrol Super Per Litre,Petrol Super,,Fuel & Transport,Per Litre,271.7,2024-07_Annexure1.pdf,271.5,271.45,271.55,271.69,271.5,271.4,271.8,271.49,271.99,271.46,272.84,271.44,271.77,271.5,272.75,271.35,271.44
2024-07,2024-07-01,48,Hi-Speed Diesel Per Litre,Hi-Speed Diesel,,Fuel & Transport,Per Litre,281.65,2024-07_Annexure1.pdf,281.46,281.42,281.48,281.66,281.46,281.38,281.76,281.46,281.94,281.43,282.81,281.43,281.73,281.46,282.58,281.28,281.4
2024-07,2024-07-01,49,LPG,LPG 11.67 kg Cylinder,,Energy & Utilities,Each,2963.32,2024-07_Annexure1.pdf,11.67,3224.32,3265.4,3151.0,3238.35,3305.34,3120.59,2900.0,3119.56,3080.0,2990.5,2372.27,3239.58,3150.0,3222.8,3000.0,2949.71
2024-07,2024-07-01,50,Telephone Call Charges Per Minute,Telephone Call Charges,,Communication,Per Minute,1.79,2024-07_Annexure1.pdf,1.79,1.79,1.79,1.79,1.79,1.79,1.79,1.79,1.79,1.79,1.79,1.79,1.79,1.79,1.79,1.79,1.79
2024-07,2024-07-01,51,Toilet Soap LIFEBUOY 115 gm Each,Toilet Soap LIFEBUOY 115 gm,,Personal & Household Care,Each,110.39,2024-07_Annexure1.pdf,111.47,111.47,105.8,111.47,111.47,105.0,117.47,111.47,111.48,111.48,111.48,110.0,118.6,103.32,111.47,111.48,103.0
2024-08,2024-08-01,1,Wheat Flour Bag 20 Kg,Wheat Flour Bag,,Cereals & Grains,20 Kg,1846.25,2024-08_Annexure1.pdf,1928.74,1919.59,1772.4,1811.55,1755.62,1621.93,1865.45,1694.37,1830.99,1994.82,1997.79,1775.3,1859.35,1785.43,1779.2,2031.46,2023.16
2024-08,2024-08-01,2,Rice Basmati Broken (Average Quality)1 Kg,Rice Basmati Broken (Average Quality),,Cereals & Grains,1 Kg,209.22,2024-08_Annexure1.pdf,253.13,233.2,180.0,160.0,207.65,201.28,180.0,193.1,186.43,264.92,222.46,200.0,253.29,222.18,153.26,269.88,223.28
2024-08,2024-08-01,3,Rice IRRI-6/9 (Sindh/Punjab) 1 Kg,Rice IRRI-6/9 (Sindh/Punjab),,Cereals & Grains,1 Kg,0.93,2024-08_Annexure1.pdf,171.14,148.93,160.0,166.6,158.86,170.0,175.82,174.93,170.0,130.0,160.0,166.6,184.95,156.59,163.35,161.85,158.45
2024-08,2024-08-01,4,Bread plain (Small Size) Each,Bread plain (Small Size),,Bakery & Confectionery,Each,110.32,2024-08_Annexure1.pdf,110.0,110.0,107.92,110.0,105.89,110.0,110.0,110.0,110.0,112.88,120.0,130.0,112.92,100.0,100.0,120.0,100.0
2024-08,2024-08-01,5,Beef with Bone (Average Quality) 1 Kg,Beef with Bone (Average Quality),,Meat & Poultry,1 Kg,982.27,2024-08_Annexure1.pdf,1208.19,1128.34,1000.0,969.69,925.85,1200.0,850.0,988.67,900.0,1196.8,1011.58,832.03,1000.0,911.67,800.0,959.97,941.74
2024-08,2024-08-01,6,Mutton (Average Quality) 1 Kg,Mutton (Average Quality),,Meat & Poultry,1 Kg,1911.47,2024-08_Annexure1.pdf,2224.58,2234.64,2032.79,2000.0,2232.84,2200.0,1650.0,1994.38,1665.99,2051.04,1843.65,1600.0,1932.77,1829.62,1550.0,1998.33,1683.17
2024-08,2024-08-01,7,Chicken Farm Broiler (Live) 1 Kg,Chicken Farm Broiler (Live),,Meat & Poultry,1 Kg,449.27,2024-08_Annexure1.pdf,442.37,439.02,405.55,405.55,410.67,415.97,419.95,434.99,413.87,494.65,484.57,470.93,465.26,440.54,459.75,511.83,551.2
2024-08,2024-08-01,8,Milk fresh (Un-boiled) 1 Ltr,Milk fresh (Un-boiled),,Dairy & Eggs,1 Ltr,195.07,2024-08_Annexure1.pdf,221.64,216.86,200.0,163.93,179.46,200.0,160.0,184.82,146.59,220.0,217.49,200.0,226.47,228.0,180.0,200.0,196.61
2024-08,2024-08-01,9,Curd (Dahi) Loose 1 Kg,Curd (Dahi) Loose,,Dairy & Eggs,1 Kg,228.83,2024-08_Annexure1.pdf,240.0,239.67,220.0,180.0,212.65,240.0,200.0,224.83,193.1,333.63,300.13,220.0,266.5,244.86,190.0,220.0,213.28
2024-08,2024-08-01,10,Powdered Milk NIDO 390 gm PolybagEach,Powdered Milk NIDO 390 gm Polybag,,Dairy & Eggs,Each,1031.14,2024-08_Annexure1.pdf,1030.0,1030.0,1030.0,1030.0,1030.0,1030.0,1030.0,1030.0,1030.0,1015.66,1029.33,1030.0,1030.0,1044.86,1050.0,1030.0,1030.0
2024-08,2024-08-01,11,Eggs Hen (Farm) 1 Dozen,Eggs Hen (Farm),,Dairy & Eggs,1 Dozen,284.71,2024-08_Annexure1.pdf,292.64,290.76,289.43,283.53,284.02,290.56,284.02,282.05,279.55,291.35,292.75,287.76,284.31,286.61,267.6,279.96,274.43
2024-08,2024-08-01,12,Mustard Oil (Average Quality) 1 Kg,Mustard Oil (Average Quality),,Oils & Fats,1 Kg,501.36,2024-08_Annexure1.pdf,667.35,653.94,450.0,480.0,482.26,532.8,500.0,469.88,489.57,496.88,409.54,395.97,500.0,605.36,423.41,548.31,506.58
2024-08,2024-08-01,13,"Cooking Oil DALDA or Other Similar Brand (SN), 5 Litre TinEach","Cooking Oil DALDA or Other Similar Brand (SN), 5 Litre Tin",,Oils & Fats,Each,2681.19,2024-08_Annexure1.pdf,2695.0,2695.0,2695.0,2695.0,2678.81,2678.81,2695.0,2695.0,2695.0,2695.0,2695.0,2695.0,2695.0,2614.32,2600.0,2678.81,2686.98
2024-08,2024-08-01,14,Vegetable Ghee DALDA/HABIB 2.5 kg TinEach,Vegetable Ghee DALDA/HABIB 2.5 kg Tin,,Oils & Fats,Each,1306.07,2024-08_Annexure1.pdf,1318.98,1318.98,1310.0,1310.0,1315.98,1315.98,1310.0,1315.98,1315.98,1318.98,1310.0,1310.0,1310.0,1304.96,1219.96,1315.98,1285.0
2024-08,2024-08-01,15,Vegetable Ghee DALDA/HABIB or Other superior Quality 1 kg PouchEach,Vegetable Ghee DALDA/HABIB or Other superior Quality 1 kg Pouch,,Oils & Fats,Each,510.25,2024-08_Annexure1.pdf,515.0,515.0,515.0,513.79,513.79,507.98,515.0,512.59,513.79,512.48,509.0,510.19,511.39,504.76,480.0,512.59,513.0
2024-08,2024-08-01,16,Bananas (Kela) Local 1 Dozen,Bananas (Kela) Local,,Fruits,1 Dozen,143.87,2024-08_Annexure1.pdf,223.48,211.71,150.0,140.0,131.28,120.28,123.19,172.47,175.89,124.97,109.3,129.27,112.71,163.25,153.69,114.2,144.99
2024-08,2024-08-01,17,Pulse Masoor (Washed) 1 Kg,Pulse Masoor (Washed),Pulse Masoor (Washed),Pulses & Legumes,1 Kg,320.92,2024-08_Annexure1.pdf,383.94,371.89,285.89,287.83,319.08,334.63,310.53,333.1,313.19,320.03,314.8,300.0,305.83,312.51,300.0,369.78,311.84
2024-08,2024-08-01,18,Pulse Moong (Washed) 1 Kg,Pulse Moong (Washed),Pulse Moong (Washed),Pulses & Legumes,1 Kg,341.16,2024-08_Annexure1.pdf,363.77,337.2,341.92,309.87,324.54,322.62,335.27,353.3,334.61,350.0,351.71,360.0,332.63,328.84,325.05,393.87,343.3
2024-08,2024-08-01,19,Pulse Mash (Washed) 1 Kg,Pulse Mash (Washed),Pulse Mash (Washed),Pulses & Legumes,1 Kg,581.03,2024-08_Annexure1.pdf,620.72,601.88,561.92,545.94,624.55,567.94,600.94,601.77,559.27,573.31,550.58,540.0,571.77,599.55,600.0,638.94,532.2
2024-08,2024-08-01,20,Pulse Gram 1 Kg,Pulse Gram,Pulse Gram,Pulses & Legumes,1 Kg,354.44,2024-08_Annexure1.pdf,378.95,360.21,362.96,349.09,334.63,311.84,334.29,370.3,356.04,365.9,350.58,361.7,364.45,375.72,331.62,386.83,339.2
2024-08,2024-08-01,21,Potatoes 1 Kg,Potatoes,Potatoes,Vegetables,1 Kg,100.61,2024-08_Annexure1.pdf,123.97,117.31,107.57,115.9,101.28,95.2,100.0,118.32,112.92,90.2,79.72,80.0,83.86,120.0,93.56,87.67,100.0
2024-08,2024-08-01,22,Onions 1 Kg,Onions,Onions,Vegetables,1 Kg,134.87,2024-08_Annexure1.pdf,167.79,163.95,142.69,150.22,148.58,119.09,128.93,135.44,132.23,131.94,132.87,116.84,130.81,147.27,123.06,117.04,118.02
2024-08,2024-08-01,23,Tomatoes 1 Kg,Tomatoes,Tomatoes,Vegetables,1 Kg,132.16,2024-08_Annexure1.pdf,158.61,150.23,161.65,143.41,148.59,122.09,115.46,118.25,139.02,154.42,142.62,131.63,142.24,125.01,98.31,98.64,120.4
2024-08,2024-08-01,24,Sugar Refined 1 Kg,Sugar Refined,,Sugar & Sweeteners,1 Kg,145.37,2024-08_Annexure1.pdf,152.45,150.75,144.97,144.56,147.98,145.0,142.98,143.28,142.98,145.73,140.25,136.8,140.0,148.38,141.58,157.57,147.45
2024-08,2024-08-01,25,Gur (Average Quality) 1 Kg,Gur (Average Quality),,Sugar & Sweeteners,1 Kg,216.34,2024-08_Annexure1.pdf,229.79,211.8,200.0,230.0,229.45,206.46,219.32,222.18,189.21,232.77,246.62,207.43,177.24,231.97,200.0,219.91,236.62
2024-08,2024-08-01,26,Salt Powdered (NATIONAL/SHAN) 800 gm PacketEach,Salt Powdered (NATIONAL/SHAN) 800 gm Packet,,Condiments & Spices,Each,70.42,2024-08_Annexure1.pdf,75.67,73.84,70.0,70.0,70.0,70.0,70.0,70.0,70.0,71.6,70.0,70.0,70.0,70.0,70.0,70.0,66.49
2024-08,2024-08-01,27,Chilies Powder NATIONAL 200 gm PacketEach,Chilies Powder NATIONAL 200 gm Packet,,Condiments & Spices,Each,328.82,2024-08_Annexure1.pdf,320.0,320.0,320.0,320.0,320.0,320.0,320.0,320.0,320.0,320.0,320.0,388.6,400.0,320.0,320.0,334.6,320.0
2024-08,2024-08-01,28,Garlic (Lehsun) 1 Kg,Garlic (Lehsun),,Vegetables,1 Kg,517.36,2024-08_Annexure1.pdf,534.87,520.5,459.58,473.84,471.75,509.9,504.39,524.16,556.99,539.59,481.74,561.36,434.95,523.22,586.24,521.76,624.76
2024-08,2024-08-01,29,Tea Lipton Yellow Label 190 gm PacketEach,Tea Lipton Yellow Label 190 gm Packet,,Beverages,Each,544.71,2024-08_Annexure1.pdf,542.86,542.86,542.86,542.86,542.85,542.83,542.86,542.85,542.86,542.86,542.85,558.82,542.85,542.85,542.85,542.85,558.82
2024-08,2024-08-01,30,Cooked Beef at Average Hotel Per Plate,Cooked Beef at Average Hotel,,Food Away from Home,Per Plate,286.02,2024-08_Annexure1.pdf,309.02,285.47,400.0,350.0,229.01,300.0,285.06,300.0,273.17,351.32,301.62,200.0,240.0,206.46,250.0,344.98,319.68
2024-08,2024-08-01,31,Cooked Daal at Average Hotel Per Plate,Cooked Daal at Average Hotel,,Food Away from Home,Per Plate,155.1,2024-08_Annexure1.pdf,241.4,220.86,150.0,180.0,141.39,166.41,147.27,134.28,132.99,174.41,165.51,150.0,120.0,129.51,120.0,139.76,173.07
2024-08,2024-08-01,32,Tea Prepared Ordinary Per Cup,Tea Prepared Ordinary,,Food Away from Home,Per Cup,60.51,2024-08_Annexure1.pdf,70.0,68.58,60.0,50.0,56.95,63.16,60.0,70.0,50.0,69.35,71.45,60.0,70.0,43.13,50.0,80.0,50.0
2024-08,2024-08-01,33,Cigarettes Capstan 20'S Packet Each,Cigarettes Capstan 20'S Packet,,Tobacco,Each,231.99,2024-08_Annexure1.pdf,243.15,244.5,230.0,230.0,240.0,220.0,228.64,220.0,222.62,240.0,240.33,220.0,220.0,230.0,250.0,244.95,223.28
2024-08,2024-08-01,34,"Long Cloth 57"" Gul Ahmed/Al Karam 1 mtr","Long Cloth 57"" Gul Ahmed/Al Karam",,Textiles & Apparel,1 mtr,617.0,2024-08_Annexure1.pdf,670.74,651.66,667.0,660.0,678.0,491.3,680.0,758.0,760.98,726.84,494.92,500.0,516.14,642.0,700.0,648.72,400.0
2024-08,2024-08-01,35,Shirting (Average Quality) 1 mtr,Shirting (Average Quality),,Textiles & Apparel,1 mtr,470.54,2024-08_Annexure1.pdf,662.08,604.87,500.0,450.0,428.7,866.35,600.0,520.7,586.59,507.82,464.76,229.58,313.19,656.62,476.22,229.85,363.21
2024-08,2024-08-01,36,Lawn Printed Gul Ahmed/Al Karam 1 mtr,Lawn Printed Gul Ahmed/Al Karam,,Textiles & Apparel,1 mtr,611.82,2024-08_Annexure1.pdf,530.36,489.43,748.0,650.0,784.81,600.0,650.0,655.0,818.89,662.91,494.92,550.0,532.8,702.0,650.0,648.72,400.0
2024-08,2024-08-01,37,Georgette (Average Quality) 1 mtr,Georgette (Average Quality),,Textiles & Apparel,1 mtr,285.27,2024-08_Annexure1.pdf,340.92,326.25,250.0,300.0,349.32,350.0,400.0,327.54,290.49,302.6,299.46,206.46,265.66,239.86,191.27,219.62,282.31
2024-08,2024-08-01,38,Gents Sandal Bata Pair,Gents Sandal Bata,,Footwear,Pair,2499.0,2024-08_Annexure1.pdf,2499.0,2499.0,2499.0,2499.0,2499.0,2499.0,2499.0,2499.0,2499.0,2499.0,2499.0,2499.0,2499.0,2499.0,2499.0,2499.0,2499.0
2024-08,2024-08-01,39,Gents Sponge Chappal Bata Pair,Gents Sponge Chappal Bata,,Footwear,Pair,599.0,2024-08_Annexure1.pdf,599.0,599.0,599.0,599.0,599.0,599.0,599.0,599.0,599.0,599.0,599.0,599.0,599.0,599.0,599.0,599.0,599.0
2024-08,2024-08-01,40,Ladies Sandal Bata Pair,Ladies Sandal Bata,,Footwear,Pair,899.0,2024-08_Annexure1.pdf,899.0,899.0,899.0,899.0,899.0,899.0,899.0,899.0,899.0,899.0,899.0,899.0,899.0,899.0,899.0,899.0,899.0
2024-08,2024-08-01,41,Electricity Charges upto 50 Units Per Unit,Electricity Charges upto 50 Units,,Energy & Utilities,Per Unit,6.29,2024-08_Annexure1.pdf,6.29,6.29,6.29,6.29,6.29,6.29,6.29,6.29,6.29,6.29,6.29,6.29,6.29,6.29,6.29,6.29,6.29
2024-08,2024-08-01,42,Gas Charges upto,Gas Charges upto 3.3719 MMBTU,,Energy & Utilities,MMBTU,1976.5,2024-08_Annexure1.pdf,3.3719,1976.5,1976.5,1976.5,1976.5,1976.5,1976.5,1976.5,1976.5,1976.5,1976.5,1976.5,1976.5,1976.5,1976.5,1976.5,1976.5
2024-08,2024-08-01,43,Firewood Whole 40 Kg,Firewood Whole,,Energy & Utilities,40 Kg,1203.73,2024-08_Annexure1.pdf,1827.75,1507.08,1500.0,1200.0,1587.95,1600.0,1079.23,1440.97,1400.0,1106.08,1032.28,800.0,883.01,971.92,795.81,1324.13,1032.28
2024-08,2024-08-01,44,Energy Saver Philips 14 Watt Each,Energy Saver Philips 14 Watt,,Household Goods,Each,379.68,2024-08_Annexure1.pdf,276.63,260.4,550.0,575.0,500.0,400.0,550.0,575.0,272.7,350.0,350.0,300.0,370.0,350.0,250.0,350.0,432.67
2024-08,2024-08-01,45,Sufi Washing Soap 250 gm Cake Each,Sufi Washing Soap 250 gm Cake,,Personal & Household Care,Each,129.18,2024-08_Annexure1.pdf,131.62,131.29,130.0,120.0,130.0,130.0,130.0,125.0,136.58,130.0,130.0,138.0,120.0,130.0,130.0,130.0,125.0
2024-08,2024-08-01,46,Match Box Each,Match Box,,Household Goods,Each,6.18,2024-08_Annexure1.pdf,6.0,6.0,6.0,5.0,6.32,7.0,6.0,7.0,7.0,7.0,6.56,6.0,7.0,7.0,5.0,5.97,5.0
2024-08,2024-08-01,47,Petrol Super Per Litre,Petrol Super,,Fuel & Transport,Per Litre,265.47,2024-08_Annexure1.pdf,265.26,265.26,265.33,265.46,265.26,264.72,265.56,265.32,265.83,265.3,266.66,265.26,265.62,265.26,266.47,265.2,265.26
2024-08,2024-08-01,48,Hi-Speed Diesel Per Litre,Hi-Speed Diesel,,Fuel & Transport,Per Litre,269.91,2024-08_Annexure1.pdf,269.68,269.69,269.7,269.88,269.68,269.64,269.99,269.73,270.21,269.72,271.02,269.84,270.03,269.68,270.76,269.6,269.68
2024-08,2024-08-01,49,LPG,LPG 11.67 kg Cylinder,,Energy & Utilities,Each,2963.32,2024-08_Annexure1.pdf,11.67,3388.98,3377.6,3173.87,3197.09,3142.69,3126.45,2979.73,3088.08,3080.0,3026.42,2372.27,3150.0,3150.0,3119.87,2989.93,3084.54
2024-08,2024-08-01,50,Telephone Call Charges Per Minute,Telephone Call Charges,,Communication,Per Minute,1.79,2024-08_Annexure1.pdf,1.79,1.79,1.79,1.79,1.79,1.79,1.79,1.79,1.79,1.79,1.79,1.79,1.79,1.79,1.79,1.79,1.79
2024-08,2024-08-01,51,Toilet Soap LIFEBUOY 115 gm Each,Toilet Soap LIFEBUOY 115 gm,,Personal & Household Care,Each,110.39,2024-08_Annexure1.pdf,111.47,111.47,105.8,111.47,111.47,105.0,117.47,111.47,111.48,111.48,111.48,110.0,118.6,103.32,111.47,111.48,103.0
2024-09,2024-09-01,1,Wheat Flour Bag 20 Kg,Wheat Flour Bag,,Cereals & Grains,20 Kg,1744.64,2024-09_Annexure1.pdf,1834.49,1817.01,1653.44,1667.0,1719.94,1610.0,1733.0,1598.98,1729.81,1878.9,1937.54,1669.91,1724.82,1654.67,1630.66,1880.83,1980.69
2024-09,2024-09-01,2,Rice Basmati Broken (Average Quality)1 Kg,Rice Basmati Broken (Average Quality),,Cereals & Grains,1 Kg,211.22,2024-09_Annexure1.pdf,253.13,233.2,180.0,164.92,213.71,206.46,180.0,193.1,186.43,269.11,228.19,200.0,256.62,222.18,153.26,276.16,223.28
2024-09,2024-09-01,3,Rice IRRI-6/9 (Sindh/Punjab) 1 Kg,Rice IRRI-6/9 (Sindh/Punjab),,Cereals & Grains,1 Kg,-0.17,2024-09_Annexure1.pdf,171.14,148.93,160.0,167.44,158.86,170.0,177.62,175.76,170.0,130.0,160.0,166.6,184.95,150.0,163.08,163.35,172.65
2024-09,2024-09-01,4,Bread plain (Small Size) Each,Bread plain (Small Size),,Bakery & Confectionery,Each,109.0,2024-09_Annexure1.pdf,110.0,110.0,107.41,110.0,107.41,110.0,110.0,110.0,110.0,110.87,120.0,106.78,112.92,100.0,100.0,120.0,100.0
2024-09,2024-09-01,5,Beef with Bone (Average Quality) 1 Kg,Beef with Bone (Average Quality),,Meat & Poultry,1 Kg,999.37,2024-09_Annexure1.pdf,1208.19,1128.34,1000.0,1000.0,994.36,1200.0,850.0,996.82,965.94,1204.72,1057.77,832.03,1000.0,928.32,800.0,959.97,983.05
2024-09,2024-09-01,6,Mutton (Average Quality) 1 Kg,Mutton (Average Quality),,Meat & Poultry,1 Kg,1923.88,2024-09_Annexure1.pdf,2224.58,2234.64,2032.79,2000.0,2232.84,2200.0,1650.0,1994.38,1789.54,2068.36,1875.09,1600.0,1932.77,1853.82,1550.0,1998.33,1683.17
2024-09,2024-09-01,7,Chicken Farm Broiler (Live) 1 Kg,Chicken Farm Broiler (Live),,Meat & Poultry,1 Kg,441.61,2024-09_Annexure1.pdf,445.88,437.21,401.67,401.67,403.14,414.98,424.96,420.74,400.99,484.85,466.57,454.83,449.55,437.36,453.56,483.14,552.44
2024-09,2024-09-01,8,Milk fresh (Un-boiled) 1 Ltr,Milk fresh (Un-boiled),,Dairy & Eggs,1 Ltr,196.2,2024-09_Annexure1.pdf,221.64,216.86,200.0,170.0,179.46,200.0,160.0,185.49,148.23,220.0,218.32,200.0,233.14,231.33,180.0,200.0,196.61
2024-09,2024-09-01,9,Curd (Dahi) Loose 1 Kg,Curd (Dahi) Loose,,Dairy & Eggs,1 Kg,229.83,2024-09_Annexure1.pdf,240.0,239.67,220.0,180.0,212.88,240.0,200.0,225.5,194.8,335.48,312.35,220.0,266.5,248.69,190.0,220.0,213.28
2024-09,2024-09-01,10,Powdered Milk NIDO 390 gm PolybagEach,Powdered Milk NIDO 390 gm Polybag,,Dairy & Eggs,Each,1031.99,2024-09_Annexure1.pdf,1030.0,1030.0,1030.0,1030.0,1030.0,1030.0,1030.0,1030.0,1030.0,1015.66,1043.1,1030.0,1030.0,1045.53,1050.0,1030.0,1030.0
2024-09,2024-09-01,11,Eggs Hen (Farm) 1 Dozen,Eggs Hen (Farm),,Dairy & Eggs,1 Dozen,304.83,2024-09_Annexure1.pdf,318.12,312.63,300.0,302.49,304.5,314.88,303.74,286.6,291.07,313.67,313.17,304.96,306.3,318.31,296.63,304.17,293.18
2024-09,2024-09-01,12,Mustard Oil (Average Quality) 1 Kg,Mustard Oil (Average Quality),,Oils & Fats,1 Kg,504.77,2024-09_Annexure1.pdf,664.44,651.6,450.0,480.0,482.26,541.33,500.0,469.88,500.0,499.72,419.5,402.48,493.24,605.36,450.0,544.36,506.58
2024-09,2024-09-01,13,"Cooking Oil DALDA or Other Similar Brand (SN), 5 Litre TinEach","Cooking Oil DALDA or Other Similar Brand (SN), 5 Litre Tin",,Oils & Fats,Each,2652.11,2024-09_Annexure1.pdf,2615.0,2615.0,2654.7,2674.77,2615.0,2654.7,2634.77,2695.0,2668.07,2649.25,2695.0,2695.0,2695.0,2618.33,2600.0,2615.0,2695.0
2024-09,2024-09-01,14,Vegetable Ghee DALDA/HABIB 2.5 kg TinEach,Vegetable Ghee DALDA/HABIB 2.5 kg Tin,,Oils & Fats,Each,1312.34,2024-09_Annexure1.pdf,1325.0,1325.0,1317.48,1313.73,1325.0,1317.48,1310.0,1325.0,1325.0,1325.0,1310.0,1324.97,1310.0,1325.0,1225.0,1325.0,1285.0
2024-09,2024-09-01,15,Vegetable Ghee DALDA/HABIB or Other superior Quality 1 kg PouchEach,Vegetable Ghee DALDA/HABIB or Other superior Quality 1 kg Pouch,,Oils & Fats,Each,512.46,2024-09_Annexure1.pdf,515.0,515.0,515.0,515.0,515.0,510.0,515.0,515.0,515.0,515.0,515.0,515.0,515.0,515.0,480.0,515.0,513.0
2024-09,2024-09-01,16,Bananas (Kela) Local 1 Dozen,Bananas (Kela) Local,,Fruits,1 Dozen,131.81,2024-09_Annexure1.pdf,198.19,177.13,150.0,140.0,123.89,106.27,109.54,163.79,132.89,112.04,101.95,129.27,99.32,141.87,132.63,135.37,126.58
2024-09,2024-09-01,17,Pulse Masoor (Washed) 1 Kg,Pulse Masoor (Washed),Pulse Masoor (Washed),Pulses & Legumes,1 Kg,311.65,2024-09_Annexure1.pdf,372.93,364.57,280.0,280.0,290.84,340.0,300.0,330.91,306.52,315.8,314.88,300.0,284.87,296.11,294.87,337.41,307.39
2024-09,2024-09-01,18,Pulse Moong (Washed) 1 Kg,Pulse Moong (Washed),Pulse Moong (Washed),Pulses & Legumes,1 Kg,336.24,2024-09_Annexure1.pdf,360.47,334.02,312.47,310.0,309.38,330.77,304.88,353.3,322.87,354.82,354.11,360.0,338.11,310.18,313.19,389.95,373.21
2024-09,2024-09-01,19,Pulse Mash (Washed) 1 Kg,Pulse Mash (Washed),Pulse Mash (Washed),Pulses & Legumes,1 Kg,568.62,2024-09_Annexure1.pdf,603.02,590.91,519.81,504.78,593.21,569.94,563.4,599.61,564.04,557.49,530.95,554.93,557.16,583.52,588.08,644.95,556.65
2024-09,2024-09-01,20,Pulse Gram 1 Kg,Pulse Gram,Pulse Gram,Pulses & Legumes,1 Kg,390.4,2024-09_Annexure1.pdf,424.37,399.4,395.76,389.8,383.03,339.77,386.6,403.28,395.39,410.31,397.48,412.42,360.0,405.14,373.23,399.76,370.3
2024-09,2024-09-01,21,Potatoes 1 Kg,Potatoes,Potatoes,Vegetables,1 Kg,102.33,2024-09_Annexure1.pdf,129.57,121.01,108.98,120.0,102.61,116.7,100.0,120.0,112.92,88.31,80.79,80.0,84.02,116.8,93.75,84.61,100.0
2024-09,2024-09-01,22,Onions 1 Kg,Onions,Onions,Vegetables,1 Kg,149.2,2024-09_Annexure1.pdf,176.58,168.47,159.9,171.98,153.56,139.88,147.43,157.16,149.89,147.58,148.37,129.62,144.8,163.08,135.43,117.03,138.77
2024-09,2024-09-01,23,Tomatoes 1 Kg,Tomatoes,Tomatoes,Vegetables,1 Kg,117.82,2024-09_Annexure1.pdf,132.1,121.74,132.23,116.19,108.99,106.49,100.0,123.65,135.86,141.39,137.27,109.54,123.71,96.45,92.54,96.93,148.23
2024-09,2024-09-01,24,Sugar Refined 1 Kg,Sugar Refined,,Sugar & Sweeteners,1 Kg,141.33,2024-09_Annexure1.pdf,147.68,146.45,142.24,141.0,144.4,141.65,137.48,137.74,138.73,142.11,139.7,133.23,140.0,141.68,137.9,147.24,144.16
2024-09,2024-09-01,25,Gur (Average Quality) 1 Kg,Gur (Average Quality),,Sugar & Sweeteners,1 Kg,218.52,2024-09_Annexure1.pdf,229.79,211.8,200.0,230.0,234.4,206.46,226.55,222.18,209.76,235.23,246.62,197.65,180.0,240.43,200.0,219.91,236.62
2024-09,2024-09-01,26,Salt Powdered (NATIONAL/SHAN) 800 gm PacketEach,Salt Powdered (NATIONAL/SHAN) 800 gm Packet,,Condiments & Spices,Each,70.75,2024-09_Annexure1.pdf,75.67,73.84,70.0,70.0,70.0,70.0,70.0,70.0,70.0,75.59,70.0,70.0,70.0,70.0,70.0,70.0,68.22
2024-09,2024-09-01,27,Chilies Powder NATIONAL 200 gm PacketEach,Chilies Powder NATIONAL 200 gm Packet,,Condiments & Spices,Each,320.0,2024-09_Annexure1.pdf,320.0,320.0,320.0,320.0,320.0,320.0,320.0,320.0,320.0,320.0,320.0,320.0,320.0,320.0,320.0,320.0,320.0
2024-09,2024-09-01,28,Garlic (Lehsun) 1 Kg,Garlic (Lehsun),,Vegetables,1 Kg,551.25,2024-09_Annexure1.pdf,577.9,548.2,537.05,531.6,467.61,500.0,530.6,557.58,556.99,553.5,567.95,600.0,489.04,557.4,600.0,546.01,682.92
2024-09,2024-09-01,29,Tea Lipton Yellow Label 190 gm PacketEach,Tea Lipton Yellow Label 190 gm Packet,,Beverages,Each,544.71,2024-09_Annexure1.pdf,542.86,542.86,542.86,542.86,542.85,542.83,542.86,542.85,542.86,542.86,542.85,558.82,542.85,542.85,542.85,542.85,558.82
2024-09,2024-09-01,30,Cooked Beef at Average Hotel Per Plate,Cooked Beef at Average Hotel,,Food Away from Home,Per Plate,290.83,2024-09_Annexure1.pdf,309.02,285.47,400.0,350.0,271.75,307.81,300.0,300.0,273.17,351.32,301.62,200.0,240.0,206.46,250.0,344.98,331.23
2024-09,2024-09-01,31,Cooked Daal at Average Hotel Per Plate,Cooked Daal at Average Hotel,,Food Away from Home,Per Plate,158.0,2024-09_Annexure1.pdf,241.4,220.86,150.0,180.0,174.13,166.41,150.0,134.28,134.77,174.41,165.51,150.0,120.0,129.51,122.43,139.76,182.81
2024-09,2024-09-01,32,Tea Prepared Ordinary Per Cup,Tea Prepared Ordinary,,Food Away from Home,Per Cup,60.59,2024-09_Annexure1.pdf,70.0,68.58,60.0,50.0,56.95,63.16,60.0,70.0,50.0,69.35,71.45,60.0,70.0,44.17,50.0,80.0,50.0
2024-09,2024-09-01,33,Cigarettes Capstan 20'S Packet Each,Cigarettes Capstan 20'S Packet,,Tobacco,Each,231.8,2024-09_Annexure1.pdf,243.15,244.5,230.0,230.0,234.95,220.0,230.0,220.0,223.28,240.0,240.0,220.0,220.0,230.0,250.0,244.95,223.28
2024-09,2024-09-01,34,"Long Cloth 57"" Gul Ahmed/Al Karam 1 mtr","Long Cloth 57"" Gul Ahmed/Al Karam",,Textiles & Apparel,1 mtr,617.0,2024-09_Annexure1.pdf,670.74,651.66,667.0,660.0,678.0,491.3,680.0,758.0,760.98,726.84,494.92,500.0,516.14,642.0,700.0,648.72,400.0
2024-09,2024-09-01,35,Shirting (Average Quality) 1 mtr,Shirting (Average Quality),,Textiles & Apparel,1 mtr,473.88,2024-09_Annexure1.pdf,662.08,604.87,500.0,450.0,428.7,866.35,600.0,520.7,586.59,572.83,464.76,229.58,313.19,656.62,476.22,229.85,363.21
2024-09,2024-09-01,36,Lawn Printed Gul Ahmed/Al Karam 1 mtr,Lawn Printed Gul Ahmed/Al Karam,,Textiles & Apparel,1 mtr,611.82,2024-09_Annexure1.pdf,530.36,489.43,748.0,650.0,784.81,600.0,650.0,655.0,818.89,662.91,494.92,550.0,532.8,702.0,650.0,648.72,400.0
2024-09,2024-09-01,37,Georgette (Average Quality) 1 mtr,Georgette (Average Quality),,Textiles & Apparel,1 mtr,287.72,2024-09_Annexure1.pdf,340.92,326.25,250.0,300.0,349.32,350.0,400.0,327.54,300.0,318.3,304.88,206.46,265.66,239.86,200.0,219.62,282.31
2024-09,2024-09-01,38,Gents Sandal Bata Pair,Gents Sandal Bata,,Footwear,Pair,2499.0,2024-09_Annexure1.pdf,2499.0,2499.0,2499.0,2499.0,2499.0,2499.0,2499.0,2499.0,2499.0,2499.0,2499.0,2499.0,2499.0,2499.0,2499.0,2499.0,2499.0
2024-09,2024-09-01,39,Gents Sponge Chappal Bata Pair,Gents Sponge Chappal Bata,,Footwear,Pair,599.0,2024-09_Annexure1.pdf,599.0,599.0,599.0,599.0,599.0,599.0,599.0,599.0,599.0,599.0,599.0,599.0,599.0,599.0,599.0,599.0,599.0
2024-09,2024-09-01,40,Ladies Sandal Bata Pair,Ladies Sandal Bata,,Footwear,Pair,899.0,2024-09_Annexure1.pdf,899.0,899.0,899.0,899.0,899.0,899.0,899.0,899.0,899.0,899.0,899.0,899.0,899.0,899.0,899.0,899.0,899.0
2024-09,2024-09-01,41,Electricity Charges upto 50 Units Per Unit,Electricity Charges upto 50 Units,,Energy & Utilities,Per Unit,6.48,2024-09_Annexure1.pdf,6.48,6.48,6.48,6.48,6.48,6.48,6.48,6.48,6.48,6.48,6.48,6.48,6.48,6.48,6.48,6.48,6.48
2024-09,2024-09-01,42,Gas Charges upto,Gas Charges upto 3.3719 MMBTU,,Energy & Utilities,MMBTU,1976.5,2024-09_Annexure1.pdf,3.3719,1976.5,1976.5,1976.5,1976.5,1976.5,1976.5,1976.5,1976.5,1976.5,1976.5,1976.5,1976.5,1976.5,1976.5,1976.5,1976.5
2024-09,2024-09-01,43,Firewood Whole 40 Kg,Firewood Whole,,Energy & Utilities,40 Kg,1208.11,2024-09_Annexure1.pdf,1827.75,1507.08,1500.0,1200.0,1587.95,1600.0,1100.0,1440.97,1400.0,1106.08,1032.28,800.0,883.01,1014.26,795.81,1324.13,1032.28
2024-09,2024-09-01,44,Energy Saver Philips 14 Watt Each,Energy Saver Philips 14 Watt,,Household Goods,Each,379.68,2024-09_Annexure1.pdf,276.63,260.4,550.0,575.0,500.0,400.0,550.0,575.0,272.7,350.0,350.0,300.0,370.0,350.0,250.0,350.0,432.67
2024-09,2024-09-01,45,Sufi Washing Soap 250 gm Cake Each,Sufi Washing Soap 250 gm Cake,,Personal & Household Care,Each,128.96,2024-09_Annexure1.pdf,131.62,131.29,130.0,120.0,126.23,130.0,130.0,125.0,136.58,130.0,130.0,138.0,120.0,130.0,130.0,130.0,125.0
2024-09,2024-09-01,46,Match Box Each,Match Box,,Household Goods,Each,6.18,2024-09_Annexure1.pdf,6.0,6.0,6.0,5.0,6.32,7.0,6.0,7.0,7.0,7.0,6.56,6.0,7.0,7.0,5.0,5.97,5.0
2024-09,2024-09-01,47,Petrol Super Per Litre,Petrol Super,,Fuel & Transport,Per Litre,255.21,2024-09_Annexure1.pdf,254.98,254.99,255.05,255.17,254.98,254.95,255.27,255.05,255.52,255.02,255.58,255.1,255.05,254.97,256.15,255.75,254.98
2024-09,2024-09-01,48,Hi-Speed Diesel Per Litre,Hi-Speed Diesel,,Fuel & Transport,Per Litre,257.28,2024-09_Annexure1.pdf,257.06,257.08,257.07,257.26,257.06,257.07,257.39,257.11,257.6,257.1,257.54,257.11,257.49,257.06,258.17,257.49,257.06
2024-09,2024-09-01,49,LPG,LPG 11.67 kg Cylinder,,Energy & Utilities,Each,2766.57,2024-09_Annexure1.pdf,11.67,3373.98,3379.76,3151.0,3179.85,3081.91,2903.02,3100.0,2978.42,2997.13,2938.75,3143.03,3150.0,3150.0,3139.71,2924.68,3193.52
2024-09,2024-09-01,50,Telephone Call Charges Per Minute,Telephone Call Charges,,Communication,Per Minute,1.79,2024-09_Annexure1.pdf,1.79,1.79,1.79,1.79,1.79,1.79,1.79,1.79,1.79,1.79,1.79,1.79,1.79,1.79,1.79,1.79,1.79
2024-09,2024-09-01,51,Toilet Soap LIFEBUOY 115 gm Each,Toilet Soap LIFEBUOY 115 gm,,Personal & Household Care,Each,108.99,2024-09_Annexure1.pdf,105.43,105.44,105.8,111.47,102.54,105.0,117.47,111.47,111.48,105.45,111.48,110.0,118.6,103.32,111.47,111.48,106.44
2024-10,2024-10-01,1,Wheat Flour Bag 20 Kg,Wheat Flour Bag,,Cereals & Grains,20 Kg,1832.69,2024-10_Annexure1.pdf,1952.62,1939.39,1792.29,1783.46,1715.93,1679.51,1768.98,1666.36,1815.76,1974.49,1964.88,1791.66,1852.2,1821.75,1799.35,1909.12,1973.16
2024-10,2024-10-01,2,Rice Basmati Broken (Average Quality)1 Kg,Rice Basmati Broken (Average Quality),,Cereals & Grains,1 Kg,209.71,2024-10_Annexure1.pdf,253.13,233.2,180.0,175.93,205.47,205.15,180.0,193.1,186.43,269.26,229.04,200.0,256.62,212.67,153.26,273.95,203.28
2024-10,2024-10-01,3,Rice IRRI-6/9 (Sindh/Punjab) 1 Kg,Rice IRRI-6/9 (Sindh/Punjab),,Cereals & Grains,1 Kg,-0.09,2024-10_Annexure1.pdf,171.14,148.93,160.0,170.0,158.86,170.0,178.94,175.76,170.0,130.0,154.59,166.6,184.95,150.0,162.94,163.08,168.06
2024-10,2024-10-01,4,Bread plain (Small Size) Each,Bread plain (Small Size),,Bakery & Confectionery,Each,108.85,2024-10_Annexure1.pdf,110.0,110.0,110.0,110.0,110.0,110.0,110.0,110.0,110.0,110.29,120.0,100.0,112.92,100.0,100.0,120.0,100.0
2024-10,2024-10-01,5,Beef with Bone (Average Quality) 1 Kg,Beef with Bone (Average Quality),,Meat & Poultry,1 Kg,1005.65,2024-10_Annexure1.pdf,1208.19,1128.34,1000.0,1000.0,1018.31,1200.0,850.0,1021.66,983.05,1213.51,1088.67,832.03,1000.0,932.52,800.0,959.97,983.05
2024-10,2024-10-01,6,Mutton (Average Quality) 1 Kg,Mutton (Average Quality),,Meat & Poultry,1 Kg,1933.15,2024-10_Annexure1.pdf,2224.58,2234.64,2032.79,2000.0,2232.84,2200.0,1716.51,1994.38,1832.73,2086.32,1888.01,1600.0,1932.77,1858.98,1550.0,1998.33,1683.17
2024-10,2024-10-01,7,Chicken Farm Broiler (Live) 1 Kg,Chicken Farm Broiler (Live),,Meat & Poultry,1 Kg,442.54,2024-10_Annexure1.pdf,441.35,441.32,420.41,419.47,407.42,414.55,420.93,424.82,405.16,475.26,456.85,449.08,451.51,442.26,450.32,485.14,535.6
2024-10,2024-10-01,8,Milk fresh (Un-boiled) 1 Ltr,Milk fresh (Un-boiled),,Dairy & Eggs,1 Ltr,196.69,2024-10_Annexure1.pdf,221.64,216.86,200.0,170.0,179.46,200.0,160.0,186.16,153.26,220.0,218.32,200.0,233.14,232.45,180.0,200.0,196.61
2024-10,2024-10-01,9,Curd (Dahi) Loose 1 Kg,Curd (Dahi) Loose,,Dairy & Eggs,1 Kg,230.61,2024-10_Annexure1.pdf,240.0,239.67,220.0,180.0,214.57,240.0,200.0,225.5,200.0,335.48,314.88,220.0,266.5,252.53,190.0,220.0,213.28
2024-10,2024-10-01,10,Powdered Milk NIDO 390 gm PolybagEach,Powdered Milk NIDO 390 gm Polybag,,Dairy & Eggs,Each,1032.32,2024-10_Annexure1.pdf,1030.0,1030.0,1030.0,1030.0,1030.0,1030.0,1030.0,1030.0,1030.0,1015.66,1047.49,1030.0,1030.0,1046.87,1050.0,1030.0,1030.0
2024-10,2024-10-01,11,Eggs Hen (Farm) 1 Dozen,Eggs Hen (Farm),,Dairy & Eggs,1 Dozen,305.14,2024-10_Annexure1.pdf,315.51,313.3,303.9,304.9,302.64,305.9,302.64,295.25,291.69,315.78,301.01,313.96,307.84,319.53,301.72,300.39,293.18
2024-10,2024-10-01,12,Mustard Oil (Average Quality) 1 Kg,Mustard Oil (Average Quality),,Oils & Fats,1 Kg,513.84,2024-10_Annexure1.pdf,648.21,638.16,467.77,480.0,486.2,550.0,500.0,481.3,500.0,508.96,467.03,435.88,493.24,605.36,461.57,544.36,522.42
2024-10,2024-10-01,13,"Cooking Oil DALDA or Other Similar Brand (SN), 5 Litre TinEach","Cooking Oil DALDA or Other Similar Brand (SN), 5 Litre Tin",,Oils & Fats,Each,2647.35,2024-10_Annexure1.pdf,2626.96,2626.96,2615.0,2615.0,2615.0,2615.0,2678.81,2695.0,2668.07,2639.94,2695.0,2695.0,2695.0,2618.33,2600.0,2615.0,2695.0
2024-10,2024-10-01,14,Vegetable Ghee DALDA/HABIB 2.5 kg TinEach,Vegetable Ghee DALDA/HABIB 2.5 kg Tin,,Oils & Fats,Each,1319.63,2024-10_Annexure1.pdf,1338.87,1338.87,1325.0,1325.0,1325.0,1318.98,1329.96,1325.0,1325.0,1332.99,1326.99,1330.0,1310.0,1325.0,1250.0,1325.0,1285.0
2024-10,2024-10-01,15,Vegetable Ghee DALDA/HABIB or Other superior Quality 1 kg PouchEach,Vegetable Ghee DALDA/HABIB or Other superior Quality 1 kg Pouch,,Oils & Fats,Each,516.39,2024-10_Annexure1.pdf,518.59,518.59,518.94,518.94,520.59,511.98,520.59,518.98,515.0,518.2,519.71,515.0,516.98,518.98,500.0,515.0,513.0
2024-10,2024-10-01,16,Bananas (Kela) Local 1 Dozen,Bananas (Kela) Local,,Fruits,1 Dozen,121.86,2024-10_Annexure1.pdf,193.09,169.78,135.61,140.0,120.38,106.27,109.3,149.15,123.24,104.82,86.39,106.56,87.47,134.72,112.92,113.36,123.72
2024-10,2024-10-01,17,Pulse Masoor (Washed) 1 Kg,Pulse Masoor (Washed),Pulse Masoor (Washed),Pulses & Legumes,1 Kg,306.86,2024-10_Annexure1.pdf,367.07,361.65,280.0,280.0,290.84,340.0,298.65,309.25,300.0,312.79,313.86,300.0,282.61,286.93,280.0,327.91,303.3
2024-10,2024-10-01,18,Pulse Moong (Washed) 1 Kg,Pulse Moong (Washed),Pulse Moong (Washed),Pulses & Legumes,1 Kg,357.86,2024-10_Annexure1.pdf,374.6,356.36,352.06,340.96,325.04,344.06,331.37,381.86,353.79,367.39,381.26,375.45,326.84,346.87,359.89,401.83,374.23
2024-10,2024-10-01,19,Pulse Mash (Washed) 1 Kg,Pulse Mash (Washed),Pulse Mash (Washed),Pulses & Legumes,1 Kg,542.87,2024-10_Annexure1.pdf,595.35,582.86,475.93,480.0,567.94,569.94,547.31,566.24,514.55,532.13,478.53,560.0,575.94,515.48,551.95,617.7,522.97
2024-10,2024-10-01,20,Pulse Gram 1 Kg,Pulse Gram,Pulse Gram,Pulses & Legumes,1 Kg,411.18,2024-10_Annexure1.pdf,451.34,425.06,407.17,397.64,395.58,386.55,394.64,413.09,429.62,434.6,407.21,420.0,381.13,427.4,398.65,417.93,409.14
2024-10,2024-10-01,21,Potatoes 1 Kg,Potatoes,Potatoes,Vegetables,1 Kg,102.37,2024-10_Annexure1.pdf,134.07,127.25,116.94,120.64,106.0,117.97,97.91,120.0,112.92,86.87,80.61,80.0,80.0,115.95,94.97,75.56,100.0
2024-10,2024-10-01,22,Onions 1 Kg,Onions,Onions,Vegetables,1 Kg,154.97,2024-10_Annexure1.pdf,179.89,167.6,158.27,165.57,155.9,147.87,145.51,161.81,160.92,157.66,159.21,147.94,147.76,158.31,133.36,138.31,155.09
2024-10,2024-10-01,23,Tomatoes 1 Kg,Tomatoes,Tomatoes,Vegetables,1 Kg,138.29,2024-10_Annexure1.pdf,160.18,146.64,140.71,144.07,134.89,126.15,120.0,147.93,151.78,172.25,155.8,139.68,150.33,115.9,92.91,117.17,159.47
2024-10,2024-10-01,24,Sugar Refined 1 Kg,Sugar Refined,,Sugar & Sweeteners,1 Kg,134.92,2024-10_Annexure1.pdf,139.39,140.83,136.19,135.69,138.03,136.98,132.98,132.28,131.84,137.42,129.88,126.77,132.15,137.57,131.32,138.08,137.19
2024-10,2024-10-01,25,Gur (Average Quality) 1 Kg,Gur (Average Quality),,Sugar & Sweeteners,1 Kg,215.01,2024-10_Annexure1.pdf,229.79,211.8,180.0,220.0,234.07,205.15,233.29,222.18,193.62,237.64,246.62,193.1,171.76,235.16,200.0,235.77,224.06
2024-10,2024-10-01,26,Salt Powdered (NATIONAL/SHAN) 800 gm PacketEach,Salt Powdered (NATIONAL/SHAN) 800 gm Packet,,Condiments & Spices,Each,70.9,2024-10_Annexure1.pdf,75.67,73.84,70.0,70.0,70.0,70.0,70.0,70.0,70.0,76.21,70.0,70.0,70.0,70.0,70.0,70.0,70.0
2024-10,2024-10-01,27,Chilies Powder NATIONAL 200 gm PacketEach,Chilies Powder NATIONAL 200 gm Packet,,Condiments & Spices,Each,320.0,2024-10_Annexure1.pdf,320.0,320.0,320.0,320.0,320.0,320.0,320.0,320.0,320.0,320.0,320.0,320.0,320.0,320.0,320.0,320.0,320.0
2024-10,2024-10-01,28,Garlic (Lehsun) 1 Kg,Garlic (Lehsun),,Vegetables,1 Kg,585.04,2024-10_Annexure1.pdf,614.97,582.46,607.26,601.29,489.86,577.72,555.87,598.54,580.12,584.79,582.76,579.48,542.64,585.83,600.0,599.59,682.92
2024-10,2024-10-01,29,Tea Lipton Yellow Label 190 gm PacketEach,Tea Lipton Yellow Label 190 gm Packet,,Beverages,Each,544.71,2024-10_Annexure1.pdf,542.86,542.86,542.86,542.86,542.85,542.83,542.86,542.85,542.86,542.86,542.85,558.82,542.85,542.85,542.85,542.85,558.82
2024-10,2024-10-01,30,Cooked Beef at Average Hotel Per Plate,Cooked Beef at Average Hotel,,Food Away from Home,Per Plate,292.8,2024-10_Annexure1.pdf,309.02,285.47,400.0,350.0,275.71,315.82,300.0,300.0,273.17,352.3,301.62,200.0,240.0,214.03,250.0,344.98,343.2
2024-10,2024-10-01,31,Cooked Daal at Average Hotel Per Plate,Cooked Daal at Average Hotel,,Food Away from Home,Per Plate,159.84,2024-10_Annexure1.pdf,241.4,220.86,150.0,180.0,181.88,166.41,150.0,134.28,136.58,174.6,169.52,150.0,120.0,129.51,130.0,139.76,193.1
2024-10,2024-10-01,32,Tea Prepared Ordinary Per Cup,Tea Prepared Ordinary,,Food Away from Home,Per Cup,60.84,2024-10_Annexure1.pdf,70.0,68.58,60.0,50.0,56.95,63.16,60.0,70.0,50.0,69.35,71.45,60.0,70.0,47.37,50.0,80.0,50.0
2024-10,2024-10-01,33,Cigarettes Capstan 20'S Packet Each,Cigarettes Capstan 20'S Packet,,Tobacco,Each,231.93,2024-10_Annexure1.pdf,243.15,244.5,230.0,230.0,230.0,220.0,230.0,220.0,223.28,240.0,247.46,220.0,220.0,230.0,250.0,244.95,223.28
2024-10,2024-10-01,34,"Long Cloth 57"" Gul Ahmed/Al Karam 1 mtr","Long Cloth 57"" Gul Ahmed/Al Karam",,Textiles & Apparel,1 mtr,617.0,2024-10_Annexure1.pdf,670.74,651.66,667.0,660.0,678.0,491.3,680.0,758.0,760.98,726.84,494.92,500.0,516.14,642.0,700.0,648.72,400.0
2024-10,2024-10-01,35,Shirting (Average Quality) 1 mtr,Shirting (Average Quality),,Textiles & Apparel,1 mtr,475.67,2024-10_Annexure1.pdf,662.08,604.87,500.0,450.0,428.7,866.35,600.0,520.7,586.59,610.72,464.76,229.58,313.19,656.62,476.22,229.85,363.21
2024-10,2024-10-01,36,Lawn Printed Gul Ahmed/Al Karam 1 mtr,Lawn Printed Gul Ahmed/Al Karam,,Textiles & Apparel,1 mtr,611.82,2024-10_Annexure1.pdf,530.36,489.43,748.0,650.0,784.81,600.0,650.0,655.0,818.89,662.91,494.92,550.0,532.8,702.0,650.0,648.72,400.0
2024-10,2024-10-01,37,Georgette (Average Quality) 1 mtr,Georgette (Average Quality),,Textiles & Apparel,1 mtr,288.56,2024-10_Annexure1.pdf,340.92,326.25,250.0,300.0,349.32,350.0,400.0,327.54,300.0,334.54,304.88,206.46,265.66,239.86,200.0,219.62,282.31
2024-10,2024-10-01,38,Gents Sandal Bata Pair,Gents Sandal Bata,,Footwear,Pair,2499.0,2024-10_Annexure1.pdf,2499.0,2499.0,2499.0,2499.0,2499.0,2499.0,2499.0,2499.0,2499.0,2499.0,2499.0,2499.0,2499.0,2499.0,2499.0,2499.0,2499.0
2024-10,2024-10-01,39,Gents Sponge Chappal Bata Pair,Gents Sponge Chappal Bata,,Footwear,Pair,599.0,2024-10_Annexure1.pdf,599.0,599.0,599.0,599.0,599.0,599.0,599.0,599.0,599.0,599.0,599.0,599.0,599.0,599.0,599.0,599.0,599.0
2024-10,2024-10-01,40,Ladies Sandal Bata Pair,Ladies Sandal Bata,,Footwear,Pair,899.0,2024-10_Annexure1.pdf,899.0,899.0,899.0,899.0,899.0,899.0,899.0,899.0,899.0,899.0,899.0,899.0,899.0,899.0,899.0,899.0,899.0
2024-10,2024-10-01,41,Electricity Charges upto 50 Units Per Unit,Electricity Charges upto 50 Units,,Energy & Utilities,Per Unit,6.55,2024-10_Annexure1.pdf,6.55,6.55,6.55,6.55,6.55,6.55,6.55,6.55,6.55,6.55,6.55,6.55,6.55,6.55,6.55,6.55,6.55
2024-10,2024-10-01,42,Gas Charges upto,Gas Charges upto 3.3719 MMBTU,,Energy & Utilities,MMBTU,1976.5,2024-10_Annexure1.pdf,3.3719,1976.5,1976.5,1976.5,1976.5,1976.5,1976.5,1976.5,1976.5,1976.5,1976.5,1976.5,1976.5,1976.5,1976.5,1976.5,1976.5
2024-10,2024-10-01,43,Firewood Whole 40 Kg,Firewood Whole,,Energy & Utilities,40 Kg,1227.85,2024-10_Annexure1.pdf,1857.95,1524.18,1500.0,1200.0,1587.95,1600.0,1200.0,1440.97,1400.0,1106.08,1032.28,848.53,883.01,1123.17,795.81,1324.13,1032.28
2024-10,2024-10-01,44,Energy Saver Philips 14 Watt Each,Energy Saver Philips 14 Watt,,Household Goods,Each,379.68,2024-10_Annexure1.pdf,276.63,260.4,550.0,575.0,500.0,400.0,550.0,575.0,272.7,350.0,350.0,300.0,370.0,350.0,250.0,350.0,432.67
2024-10,2024-10-01,45,Sufi Washing Soap 250 gm Cake Each,Sufi Washing Soap 250 gm Cake,,Personal & Household Care,Each,128.89,2024-10_Annexure1.pdf,131.62,131.29,130.0,120.0,125.0,130.0,130.0,125.0,136.58,130.0,130.0,138.0,120.0,130.0,130.0,130.0,125.0
2024-10,2024-10-01,46,Match Box Each,Match Box,,Household Goods,Each,6.24,2024-10_Annexure1.pdf,6.0,6.0,7.0,5.0,6.32,7.0,6.0,7.0,7.0,7.0,6.56,6.0,7.0,7.0,5.0,5.97,5.0
2024-10,2024-10-01,47,Petrol Super Per Litre,Petrol Super,,Fuel & Transport,Per Litre,248.18,2024-10_Annexure1.pdf,247.93,247.95,248.0,248.12,247.93,248.0,248.22,247.99,248.48,248.02,249.61,247.93,248.0,247.9,249.1,247.95,247.93
2024-10,2024-10-01,48,Hi-Speed Diesel Per Litre,Hi-Speed Diesel,,Fuel & Transport,Per Litre,250.43,2024-10_Annexure1.pdf,250.19,250.22,250.19,250.37,250.18,250.19,250.46,250.27,250.72,250.26,251.63,250.18,250.59,250.18,251.29,250.27,250.18
2024-10,2024-10-01,49,LPG,LPG 11.67 kg Cylinder,,Energy & Utilities,Each,2726.49,2024-10_Annexure1.pdf,11.67,3444.34,3436.38,3242.84,3219.67,3087.22,3171.96,3159.94,3141.81,2991.68,3065.67,3294.07,3197.46,3150.0,3177.9,2900.0,3234.88
2024-10,2024-10-01,50,Telephone Call Charges Per Minute,Telephone Call Charges,,Communication,Per Minute,1.79,2024-10_Annexure1.pdf,1.79,1.79,1.79,1.79,1.79,1.79,1.79,1.79,1.79,1.79,1.79,1.79,1.79,1.79,1.79,1.79,1.79
2024-10,2024-10-01,51,Toilet Soap LIFEBUOY 115 gm Each,Toilet Soap LIFEBUOY 115 gm,,Personal & Household Care,Each,107.05,2024-10_Annexure1.pdf,98.61,98.85,105.8,111.47,94.33,105.0,117.47,111.47,104.29,99.74,111.48,110.0,118.6,103.32,111.47,111.48,110.0
2024-11,2024-11-01,1,Wheat Flour Bag 20 Kg,Wheat Flour Bag,,Cereals & Grains,20 Kg,1835.59,2024-11_Annexure1.pdf,1946.49,1936.81,1748.54,1727.09,1730.0,1724.47,1729.79,1673.41,1778.16,2017.91,1978.14,1769.91,1857.27,1868.8,1824.03,1956.22,1993.31
2024-11,2024-11-01,2,Rice Basmati Broken (Average Quality)1 Kg,Rice Basmati Broken (Average Quality),,Cereals & Grains,1 Kg,207.35,2024-11_Annexure1.pdf,253.13,233.2,180.0,190.0,189.61,200.0,168.29,193.1,186.43,269.26,229.04,200.0,255.75,206.03,147.08,268.67,203.28
2024-11,2024-11-01,3,Rice IRRI-6/9 (Sindh/Punjab) 1 Kg,Rice IRRI-6/9 (Sindh/Punjab),,Cereals & Grains,1 Kg,-0.69,2024-11_Annexure1.pdf,171.14,148.93,160.0,160.0,158.86,170.0,179.17,175.76,170.0,130.0,148.82,166.6,184.95,150.0,161.81,162.94,160.76
2024-11,2024-11-01,4,Bread plain (Small Size) Each,Bread plain (Small Size),,Bakery & Confectionery,Each,108.85,2024-11_Annexure1.pdf,110.0,110.0,110.0,110.0,110.0,110.0,110.0,110.0,110.0,110.29,120.0,100.0,112.92,100.0,100.0,120.0,100.0
2024-11,2024-11-01,5,Beef with Bone (Average Quality) 1 Kg,Beef with Bone (Average Quality),,Meat & Poultry,1 Kg,1015.12,2024-11_Annexure1.pdf,1208.19,1128.34,1000.0,1048.81,1018.31,1200.0,900.0,1051.92,983.05,1222.11,1099.62,832.03,1000.0,940.33,800.0,959.97,983.05
2024-11,2024-11-01,6,Mutton (Average Quality) 1 Kg,Mutton (Average Quality),,Meat & Poultry,1 Kg,1948.62,2024-11_Annexure1.pdf,2224.58,2234.64,2066.12,2049.39,2232.84,2200.0,1800.0,2046.51,1832.73,2111.74,1889.71,1600.0,1949.36,1858.98,1550.0,1998.33,1683.17
2024-11,2024-11-01,7,Chicken Farm Broiler (Live) 1 Kg,Chicken Farm Broiler (Live),,Meat & Poultry,1 Kg,373.66,2024-11_Annexure1.pdf,364.67,362.37,349.02,349.02,343.29,350.58,358.65,365.03,346.19,412.13,396.57,397.35,369.59,364.67,377.39,391.71,474.92
2024-11,2024-11-01,8,Milk fresh (Un-boiled) 1 Ltr,Milk fresh (Un-boiled),,Dairy & Eggs,1 Ltr,196.96,2024-11_Annexure1.pdf,222.84,216.86,200.0,170.0,179.46,200.0,160.0,189.67,153.26,220.0,218.32,200.0,233.14,232.45,180.0,200.0,196.61
2024-11,2024-11-01,9,Curd (Dahi) Loose 1 Kg,Curd (Dahi) Loose,,Dairy & Eggs,1 Kg,231.02,2024-11_Annexure1.pdf,240.0,240.36,220.0,180.0,220.47,240.0,200.0,225.5,200.0,335.48,314.88,220.0,266.5,252.53,190.0,220.0,213.28
2024-11,2024-11-01,10,Powdered Milk NIDO 390 gm PolybagEach,Powdered Milk NIDO 390 gm Polybag,,Dairy & Eggs,Each,1034.92,2024-11_Annexure1.pdf,1055.72,1047.89,1030.0,1030.0,1030.0,1030.0,1030.0,1030.0,1030.0,1015.66,1047.49,1030.0,1030.0,1047.77,1050.0,1030.0,1030.0
2024-11,2024-11-01,11,Eggs Hen (Farm) 1 Dozen,Eggs Hen (Farm),,Dairy & Eggs,1 Dozen,344.55,2024-11_Annexure1.pdf,349.58,349.47,349.78,354.61,338.87,351.53,338.87,342.5,335.64,346.57,345.23,344.89,337.69,353.78,346.41,336.24,336.56
2024-11,2024-11-01,12,Mustard Oil (Average Quality) 1 Kg,Mustard Oil (Average Quality),,Oils & Fats,1 Kg,547.27,2024-11_Annexure1.pdf,643.22,633.89,535.78,534.93,517.2,550.0,522.3,547.48,533.25,559.33,518.2,487.38,518.3,605.36,524.4,563.98,533.25
2024-11,2024-11-01,13,"Cooking Oil DALDA or Other Similar Brand (SN), 5 Litre TinEach","Cooking Oil DALDA or Other Similar Brand (SN), 5 Litre Tin",,Oils & Fats,Each,2713.29,2024-11_Annexure1.pdf,2769.66,2769.66,2719.66,2719.66,2715.0,2717.11,2704.98,2695.0,2688.24,2740.56,2695.0,2719.89,2695.0,2680.92,2709.46,2668.52,2719.89
2024-11,2024-11-01,14,Vegetable Ghee DALDA/HABIB 2.5 kg TinEach,Vegetable Ghee DALDA/HABIB 2.5 kg Tin,,Oils & Fats,Each,1358.61,2024-11_Annexure1.pdf,1393.71,1393.71,1343.36,1343.36,1385.0,1367.25,1350.0,1343.71,1374.09,1390.01,1335.0,1330.0,1366.29,1329.99,1386.99,1340.57,1326.82
2024-11,2024-11-01,15,Vegetable Ghee DALDA/HABIB or Other superior Quality 1 kg PouchEach,Vegetable Ghee DALDA/HABIB or Other superior Quality 1 kg Pouch,,Oils & Fats,Each,544.93,2024-11_Annexure1.pdf,554.4,554.4,549.93,549.93,557.86,539.86,550.86,546.94,555.33,547.68,539.0,534.63,546.56,542.39,537.34,529.15,528.76
2024-11,2024-11-01,16,Bananas (Kela) Local 1 Dozen,Bananas (Kela) Local,,Fruits,1 Dozen,116.33,2024-11_Annexure1.pdf,183.92,167.43,120.0,140.0,107.28,106.27,104.66,146.43,123.24,109.96,88.66,100.0,75.54,132.43,112.92,94.51,112.92
2024-11,2024-11-01,17,Pulse Masoor (Washed) 1 Kg,Pulse Masoor (Washed),Pulse Masoor (Washed),Pulses & Legumes,1 Kg,305.09,2024-11_Annexure1.pdf,359.98,353.41,280.0,280.0,290.84,336.63,293.98,307.42,281.64,306.28,313.19,300.0,292.96,287.71,284.87,329.94,303.3
2024-11,2024-11-01,18,Pulse Moong (Washed) 1 Kg,Pulse Moong (Washed),Pulse Moong (Washed),Pulses & Legumes,1 Kg,385.25,2024-11_Annexure1.pdf,393.28,380.54,380.0,360.0,349.39,373.3,380.0,376.74,363.3,408.75,422.64,414.97,401.4,361.64,380.0,419.92,393.22
2024-11,2024-11-01,19,Pulse Mash (Washed) 1 Kg,Pulse Mash (Washed),Pulse Mash (Washed),Pulses & Legumes,1 Kg,523.56,2024-11_Annexure1.pdf,573.56,564.24,474.92,480.0,513.42,566.62,541.65,507.49,484.94,499.98,492.45,560.0,548.25,474.31,539.95,594.9,506.58
2024-11,2024-11-01,20,Pulse Gram 1 Kg,Pulse Gram,Pulse Gram,Pulses & Legumes,1 Kg,398.51,2024-11_Annexure1.pdf,440.63,426.68,372.35,359.86,357.87,378.85,374.64,387.04,413.77,421.61,410.3,420.0,383.04,414.23,381.63,439.89,406.56
2024-11,2024-11-01,21,Potatoes 1 Kg,Potatoes,Potatoes,Vegetables,1 Kg,110.93,2024-11_Annexure1.pdf,146.22,139.8,135.96,135.37,133.15,125.57,108.98,142.17,112.92,93.06,81.99,80.0,86.18,119.03,100.0,84.61,100.0
2024-11,2024-11-01,22,Onions 1 Kg,Onions,Onions,Vegetables,1 Kg,149.69,2024-11_Annexure1.pdf,172.04,160.27,153.26,169.85,154.53,139.36,139.08,155.16,154.92,158.56,155.13,146.59,140.2,150.48,133.05,121.28,150.0
2024-11,2024-11-01,23,Tomatoes 1 Kg,Tomatoes,Tomatoes,Vegetables,1 Kg,165.65,2024-11_Annexure1.pdf,196.71,189.41,175.01,191.24,180.66,156.91,156.82,162.19,188.19,178.62,166.16,142.75,157.48,161.5,133.22,130.25,168.25
2024-11,2024-11-01,24,Sugar Refined 1 Kg,Sugar Refined,,Sugar & Sweeteners,1 Kg,131.61,2024-11_Annexure1.pdf,137.36,136.96,133.73,133.73,133.73,128.73,130.0,129.5,129.33,134.44,128.28,122.99,130.0,135.35,130.0,131.99,132.07
2024-11,2024-11-01,25,Gur (Average Quality) 1 Kg,Gur (Average Quality),,Sugar & Sweeteners,1 Kg,207.64,2024-11_Annexure1.pdf,229.79,211.8,180.0,220.0,212.16,200.0,211.47,222.18,155.7,241.61,244.52,180.0,174.93,222.45,200.0,242.43,206.46
2024-11,2024-11-01,26,Salt Powdered (NATIONAL/SHAN) 800 gm PacketEach,Salt Powdered (NATIONAL/SHAN) 800 gm Packet,,Condiments & Spices,Each,71.31,2024-11_Annexure1.pdf,75.67,73.84,70.0,70.0,70.0,70.0,77.37,70.0,70.0,76.21,70.0,70.0,70.0,70.0,70.0,70.0,70.0
2024-11,2024-11-01,27,Chilies Powder NATIONAL 200 gm PacketEach,Chilies Powder NATIONAL 200 gm Packet,,Condiments & Spices,Each,320.0,2024-11_Annexure1.pdf,320.0,320.0,320.0,320.0,320.0,320.0,320.0,320.0,320.0,320.0,320.0,320.0,320.0,320.0,320.0,320.0,320.0
2024-11,2024-11-01,28,Garlic (Lehsun) 1 Kg,Garlic (Lehsun),,Vegetables,1 Kg,651.33,2024-11_Annexure1.pdf,651.62,620.06,700.0,691.41,533.28,623.57,665.45,711.48,653.06,694.69,653.78,691.41,596.59,643.13,671.91,614.64,682.92
2024-11,2024-11-01,29,Tea Lipton Yellow Label 190 gm PacketEach,Tea Lipton Yellow Label 190 gm Packet,,Beverages,Each,543.78,2024-11_Annexure1.pdf,542.86,542.86,542.86,542.86,542.85,542.83,542.86,542.85,542.86,542.86,542.85,558.82,542.85,542.85,542.85,542.85,542.85
2024-11,2024-11-01,30,Cooked Beef at Average Hotel Per Plate,Cooked Beef at Average Hotel,,Food Away from Home,Per Plate,297.78,2024-11_Annexure1.pdf,335.49,305.01,400.0,350.0,281.76,315.82,300.0,300.0,273.17,353.68,301.62,200.0,240.0,239.57,250.0,344.98,343.2
2024-11,2024-11-01,31,Cooked Daal at Average Hotel Per Plate,Cooked Daal at Average Hotel,,Food Away from Home,Per Plate,160.91,2024-11_Annexure1.pdf,241.4,220.86,150.0,180.0,194.15,166.41,150.0,134.28,136.58,174.73,172.25,150.0,120.0,133.72,130.0,139.76,193.1
2024-11,2024-11-01,32,Tea Prepared Ordinary Per Cup,Tea Prepared Ordinary,,Food Away from Home,Per Cup,60.98,2024-11_Annexure1.pdf,70.0,68.58,60.0,50.0,59.22,63.16,60.0,70.0,50.0,69.35,71.45,60.0,70.0,47.37,50.0,80.0,50.0
2024-11,2024-11-01,33,Cigarettes Capstan 20'S Packet Each,Cigarettes Capstan 20'S Packet,,Tobacco,Each,232.06,2024-11_Annexure1.pdf,243.15,244.5,230.0,230.0,230.0,220.0,230.0,220.0,223.28,240.0,250.0,220.0,220.0,230.0,250.0,244.95,223.28
2024-11,2024-11-01,34,"Long Cloth 57"" Gul Ahmed/Al Karam 1 mtr","Long Cloth 57"" Gul Ahmed/Al Karam",,Textiles & Apparel,1 mtr,617.0,2024-11_Annexure1.pdf,670.74,651.66,667.0,660.0,678.0,491.3,680.0,758.0,760.98,726.84,494.92,500.0,516.14,642.0,700.0,648.72,400.0
2024-11,2024-11-01,35,Shirting (Average Quality) 1 mtr,Shirting (Average Quality),,Textiles & Apparel,1 mtr,476.2,2024-11_Annexure1.pdf,662.08,609.94,500.0,450.0,428.7,866.35,600.0,520.7,586.59,617.09,464.76,229.58,313.19,656.62,476.22,229.85,363.21
2024-11,2024-11-01,36,Lawn Printed Gul Ahmed/Al Karam 1 mtr,Lawn Printed Gul Ahmed/Al Karam,,Textiles & Apparel,1 mtr,611.82,2024-11_Annexure1.pdf,530.36,489.43,748.0,650.0,784.81,600.0,650.0,655.0,818.89,662.91,494.92,550.0,532.8,702.0,650.0,648.72,400.0
2024-11,2024-11-01,37,Georgette (Average Quality) 1 mtr,Georgette (Average Quality),,Textiles & Apparel,1 mtr,291.12,2024-11_Annexure1.pdf,361.59,357.24,250.0,300.0,349.32,350.0,400.0,327.54,300.0,334.54,304.88,206.46,265.66,239.86,200.0,219.62,282.31
2024-11,2024-11-01,38,Gents Sandal Bata Pair,Gents Sandal Bata,,Footwear,Pair,2499.0,2024-11_Annexure1.pdf,2499.0,2499.0,2499.0,2499.0,2499.0,2499.0,2499.0,2499.0,2499.0,2499.0,2499.0,2499.0,2499.0,2499.0,2499.0,2499.0,2499.0
2024-11,2024-11-01,39,Gents Sponge Chappal Bata Pair,Gents Sponge Chappal Bata,,Footwear,Pair,599.0,2024-11_Annexure1.pdf,599.0,599.0,599.0,599.0,599.0,599.0,599.0,599.0,599.0,599.0,599.0,599.0,599.0,599.0,599.0,599.0,599.0
2024-11,2024-11-01,40,Ladies Sandal Bata Pair,Ladies Sandal Bata,,Footwear,Pair,1121.47,2024-11_Annexure1.pdf,1121.47,1121.47,1121.47,1121.47,1121.47,1121.47,1121.47,1121.47,1121.47,1121.47,1121.47,1121.47,1121.47,1121.47,1121.47,1121.47,1121.47
2024-11,2024-11-01,41,Electricity Charges upto 50 Units Per Unit,Electricity Charges upto 50 Units,,Energy & Utilities,Per Unit,6.55,2024-11_Annexure1.pdf,6.55,6.55,6.55,6.55,6.55,6.55,6.55,6.55,6.55,6.55,6.55,6.55,6.55,6.55,6.55,6.55,6.55
2024-11,2024-11-01,42,Gas Charges upto,Gas Charges upto 3.3719 MMBTU,,Energy & Utilities,MMBTU,1976.5,2024-11_Annexure1.pdf,3.3719,1976.5,1976.5,1976.5,1976.5,1976.5,1976.5,1976.5,1976.5,1976.5,1976.5,1976.5,1976.5,1976.5,1976.5,1976.5,1976.5
2024-11,2024-11-01,43,Firewood Whole 40 Kg,Firewood Whole,,Energy & Utilities,40 Kg,1262.73,2024-11_Annexure1.pdf,1983.8,1611.24,1500.0,1347.07,1755.42,1600.0,1237.31,1440.97,1400.0,1106.08,1032.28,900.0,883.01,1180.49,795.81,1324.13,1032.28
2024-11,2024-11-01,44,Energy Saver Philips 14 Watt Each,Energy Saver Philips 14 Watt,,Household Goods,Each,379.68,2024-11_Annexure1.pdf,276.63,260.4,550.0,575.0,500.0,400.0,550.0,575.0,272.7,350.0,350.0,300.0,370.0,350.0,250.0,350.0,432.67
2024-11,2024-11-01,45,Sufi Washing Soap 250 gm Cake Each,Sufi Washing Soap 250 gm Cake,,Personal & Household Care,Each,129.67,2024-11_Annexure1.pdf,131.62,131.29,130.0,130.0,125.88,130.0,130.0,126.95,136.58,130.0,130.0,138.0,120.0,130.0,130.0,130.0,125.0
2024-11,2024-11-01,46,Match Box Each,Match Box,,Household Goods,Each,6.24,2024-11_Annexure1.pdf,6.0,6.0,7.0,5.0,6.32,7.0,6.0,7.0,7.0,7.0,6.56,6.0,7.0,7.0,5.0,5.97,5.0
2024-11,2024-11-01,47,Petrol Super Per Litre,Petrol Super,,Fuel & Transport,Per Litre,249.56,2024-11_Annexure1.pdf,249.28,249.29,249.3,249.47,249.28,249.29,249.57,249.38,249.83,249.37,250.65,249.29,250.1,249.3,250.5,249.3,249.29
2024-11,2024-11-01,48,Hi-Speed Diesel Per Litre,Hi-Speed Diesel,,Fuel & Transport,Per Litre,256.32,2024-11_Annexure1.pdf,256.05,256.08,256.1,256.23,256.05,256.05,256.33,256.12,256.56,256.13,257.35,256.5,256.5,256.1,257.2,256.1,256.05
2024-11,2024-11-01,49,LPG,LPG 11.67 kg Cylinder,,Energy & Utilities,Each,2964.85,2024-11_Annexure1.pdf,11.67,3580.86,3603.49,3683.79,3643.62,3557.9,3580.77,3336.48,3497.76,3434.43,3237.11,3255.24,3470.89,3401.22,3490.41,3182.32,3274.94
2024-11,2024-11-01,50,Telephone Call Charges Per Minute,Telephone Call Charges,,Communication,Per Minute,1.79,2024-11_Annexure1.pdf,1.79,1.79,1.79,1.79,1.79,1.79,1.79,1.79,1.79,1.79,1.79,1.79,1.79,1.79,1.79,1.79,1.79
2024-11,2024-11-01,51,Toilet Soap LIFEBUOY 115 gm Each,Toilet Soap LIFEBUOY 115 gm,,Personal & Household Care,Each,105.15,2024-11_Annexure1.pdf,94.34,95.39,105.8,111.47,94.33,105.0,117.47,111.47,99.75,99.74,105.45,110.0,118.6,103.32,98.35,111.48,110.0
2024-12,2024-12-01,1,Wheat Flour Bag 20 Kg,Wheat Flour Bag,,Cereals & Grains,20 Kg,1806.35,2024-12_Annexure1.pdf,1929.78,1917.14,1748.54,1727.09,1730.0,1624.93,1771.24,1661.75,1699.5,1967.43,1964.53,1679.88,1788.07,1844.5,1791.1,1956.85,1968.15
2024-12,2024-12-01,2,Rice Basmati Broken (Average Quality)1 Kg,Rice Basmati Broken (Average Quality),,Cereals & Grains,1 Kg,203.9,2024-12_Annexure1.pdf,253.13,233.2,180.0,190.0,185.6,200.0,164.93,193.1,186.43,269.26,229.04,200.0,249.02,190.15,130.0,264.97,203.28
2024-12,2024-12-01,3,Rice IRRI-6/9 (Sindh/Punjab) 1 Kg,Rice IRRI-6/9 (Sindh/Punjab),,Cereals & Grains,1 Kg,-1.15,2024-12_Annexure1.pdf,171.14,148.93,160.0,160.0,158.86,170.0,179.14,175.76,170.0,128.28,142.65,153.99,179.88,150.0,159.95,161.81,163.36
2024-12,2024-12-01,4,Bread plain (Small Size) Each,Bread plain (Small Size),,Bakery & Confectionery,Each,108.84,2024-12_Annexure1.pdf,110.0,110.0,110.0,110.0,110.0,110.0,110.0,110.0,110.0,110.14,120.0,100.0,112.92,100.0,100.0,120.0,100.0
2024-12,2024-12-01,5,Beef with Bone (Average Quality) 1 Kg,Beef with Bone (Average Quality),,Meat & Poultry,1 Kg,1022.15,2024-12_Annexure1.pdf,1208.19,1128.34,1000.0,1100.0,1018.31,1200.0,900.0,1083.07,983.05,1232.7,1099.62,848.53,1000.0,951.76,800.0,959.97,983.05
2024-12,2024-12-01,6,Mutton (Average Quality) 1 Kg,Mutton (Average Quality),,Meat & Poultry,1 Kg,1960.51,2024-12_Annexure1.pdf,2224.58,2234.64,2100.0,2100.0,2232.84,2200.0,1837.37,2100.0,1832.73,2116.32,1889.71,1600.0,1974.52,1861.63,1550.0,1998.33,1683.17
2024-12,2024-12-01,7,Chicken Farm Broiler (Live) 1 Kg,Chicken Farm Broiler (Live),,Meat & Poultry,1 Kg,348.37,2024-12_Annexure1.pdf,345.09,347.67,325.72,328.11,317.48,333.08,327.91,342.26,323.52,390.37,381.24,368.91,346.45,343.0,352.0,363.67,398.71
2024-12,2024-12-01,8,Milk fresh (Un-boiled) 1 Ltr,Milk fresh (Un-boiled),,Dairy & Eggs,1 Ltr,197.04,2024-12_Annexure1.pdf,224.04,216.86,200.0,170.0,179.46,200.0,160.0,189.94,153.26,220.0,218.32,200.0,233.14,232.45,180.0,200.0,196.61
2024-12,2024-12-01,9,Curd (Dahi) Loose 1 Kg,Curd (Dahi) Loose,,Dairy & Eggs,1 Kg,231.06,2024-12_Annexure1.pdf,240.0,241.06,220.0,180.0,220.47,240.0,200.0,225.5,200.0,335.48,314.88,220.0,266.5,252.53,190.0,220.0,213.28
2024-12,2024-12-01,10,Powdered Milk NIDO 390 gm PolybagEach,Powdered Milk NIDO 390 gm Polybag,,Dairy & Eggs,Each,1034.92,2024-12_Annexure1.pdf,1055.72,1047.89,1030.0,1030.0,1030.0,1030.0,1030.0,1030.0,1030.0,1015.66,1047.49,1030.0,1030.0,1047.77,1050.0,1030.0,1030.0
2024-12,2024-12-01,11,Eggs Hen (Farm) 1 Dozen,Eggs Hen (Farm),,Dairy & Eggs,1 Dozen,344.53,2024-12_Annexure1.pdf,343.6,346.18,335.67,342.25,331.58,346.44,331.32,336.22,341.13,350.04,352.86,342.4,354.89,350.93,356.64,354.9,341.52
2024-12,2024-12-01,12,Mustard Oil (Average Quality) 1 Kg,Mustard Oil (Average Quality),,Oils & Fats,1 Kg,566.63,2024-12_Annexure1.pdf,643.22,633.89,540.0,540.0,537.21,553.73,584.66,571.81,518.26,576.88,545.8,467.43,594.94,628.57,550.0,597.21,577.65
2024-12,2024-12-01,13,"Cooking Oil DALDA or Other Similar Brand (SN), 5 Litre TinEach","Cooking Oil DALDA or Other Similar Brand (SN), 5 Litre Tin",,Oils & Fats,Each,2805.73,2024-12_Annexure1.pdf,2887.47,2887.47,2844.56,2844.56,2734.78,2860.93,2856.75,2796.94,2767.27,2865.0,2821.52,2745.0,2869.99,2774.52,2695.0,2712.49,2745.0
2024-12,2024-12-01,14,Vegetable Ghee DALDA/HABIB 2.5 kg TinEach,Vegetable Ghee DALDA/HABIB 2.5 kg Tin,,Oils & Fats,Each,1440.21,2024-12_Annexure1.pdf,1473.66,1473.66,1454.56,1448.02,1456.04,1454.88,1463.74,1411.12,1463.74,1470.75,1431.35,1426.35,1461.01,1425.0,1425.0,1380.22,1370.0
2024-12,2024-12-01,15,Vegetable Ghee DALDA/HABIB or Other superior Quality 1 kg PouchEach,Vegetable Ghee DALDA/HABIB or Other superior Quality 1 kg Pouch,,Oils & Fats,Each,568.08,2024-12_Annexure1.pdf,577.48,577.48,574.46,572.81,570.71,557.48,575.97,575.0,577.48,573.04,555.85,559.93,572.96,571.99,550.0,571.16,545.0
2024-12,2024-12-01,16,Bananas (Kela) Local 1 Dozen,Bananas (Kela) Local,,Fruits,1 Dozen,119.42,2024-12_Annexure1.pdf,194.44,172.69,120.0,140.0,122.15,106.27,108.75,146.43,123.24,113.82,87.79,100.0,81.21,127.38,112.92,107.81,112.92
2024-12,2024-12-01,17,Pulse Masoor (Washed) 1 Kg,Pulse Masoor (Washed),Pulse Masoor (Washed),Pulses & Legumes,1 Kg,300.18,2024-12_Annexure1.pdf,348.79,347.96,280.0,280.0,290.84,343.3,266.62,307.42,280.0,299.88,314.88,300.0,280.0,287.71,277.47,329.86,286.51
2024-12,2024-12-01,18,Pulse Moong (Washed) 1 Kg,Pulse Moong (Washed),Pulse Moong (Washed),Pulses & Legumes,1 Kg,387.27,2024-12_Annexure1.pdf,409.87,388.75,388.23,374.97,349.39,370.42,369.58,372.01,373.3,400.09,399.61,420.0,393.09,368.83,380.0,442.32,393.22
2024-12,2024-12-01,19,Pulse Mash (Washed) 1 Kg,Pulse Mash (Washed),Pulse Mash (Washed),Pulses & Legumes,1 Kg,506.52,2024-12_Annexure1.pdf,526.41,502.71,476.62,477.48,508.49,566.62,520.0,490.39,478.3,472.9,484.93,554.93,544.95,459.41,509.71,557.44,496.27
2024-12,2024-12-01,20,Pulse Gram 1 Kg,Pulse Gram,Pulse Gram,Pulses & Legumes,1 Kg,378.97,2024-12_Annexure1.pdf,420.95,410.49,354.78,342.4,339.21,353.3,350.0,371.0,387.41,390.5,384.04,420.0,369.16,394.65,362.47,414.45,393.22
2024-12,2024-12-01,21,Potatoes 1 Kg,Potatoes,Potatoes,Vegetables,1 Kg,116.85,2024-12_Annexure1.pdf,135.77,129.14,120.0,127.75,132.51,114.23,113.0,131.53,126.22,113.97,108.5,114.65,90.33,121.07,108.75,97.78,112.19
2024-12,2024-12-01,22,Onions 1 Kg,Onions,Onions,Vegetables,1 Kg,141.85,2024-12_Annexure1.pdf,171.61,157.29,151.62,159.37,152.27,133.06,134.65,141.85,138.89,147.51,140.59,134.66,130.29,151.53,117.92,124.66,134.2
2024-12,2024-12-01,23,Tomatoes 1 Kg,Tomatoes,Tomatoes,Vegetables,1 Kg,178.45,2024-12_Annexure1.pdf,225.48,212.84,192.88,187.61,188.75,160.26,166.05,170.43,179.61,174.79,159.85,162.63,160.78,192.67,158.36,166.96,189.9
2024-12,2024-12-01,24,Sugar Refined 1 Kg,Sugar Refined,,Sugar & Sweeteners,1 Kg,134.84,2024-12_Annexure1.pdf,140.37,139.1,136.23,136.23,138.13,136.23,131.23,136.72,131.23,136.43,129.79,129.49,130.0,137.88,132.89,133.44,137.65
2024-12,2024-12-01,25,Gur (Average Quality) 1 Kg,Gur (Average Quality),,Sugar & Sweeteners,1 Kg,207.28,2024-12_Annexure1.pdf,235.96,215.79,180.0,220.0,207.35,200.0,200.0,222.18,158.79,246.91,235.65,180.0,169.9,222.18,200.0,249.92,206.46
2024-12,2024-12-01,26,Salt Powdered (NATIONAL/SHAN) 800 gm PacketEach,Salt Powdered (NATIONAL/SHAN) 800 gm Packet,,Condiments & Spices,Each,71.47,2024-12_Annexure1.pdf,75.88,73.84,70.0,70.0,70.0,70.0,80.0,70.0,70.0,76.21,70.0,70.0,70.0,70.0,70.0,70.0,70.0
2024-12,2024-12-01,27,Chilies Powder NATIONAL 200 gm PacketEach,Chilies Powder NATIONAL 200 gm Packet,,Condiments & Spices,Each,320.0,2024-12_Annexure1.pdf,320.0,320.0,320.0,320.0,320.0,320.0,320.0,320.0,320.0,320.0,320.0,320.0,320.0,320.0,320.0,320.0,320.0
2024-12,2024-12-01,28,Garlic (Lehsun) 1 Kg,Garlic (Lehsun),,Vegetables,1 Kg,686.75,2024-12_Annexure1.pdf,690.03,661.47,765.74,741.42,599.51,678.43,668.69,752.15,685.58,761.37,704.85,623.57,594.94,730.2,685.25,679.86,682.92
2024-12,2024-12-01,29,Tea Lipton Yellow Label 190 gm PacketEach,Tea Lipton Yellow Label 190 gm Packet,,Beverages,Each,543.78,2024-12_Annexure1.pdf,542.86,542.86,542.86,542.86,542.85,542.83,542.86,542.85,542.86,542.86,542.85,558.82,542.85,542.85,542.85,542.85,542.85
2024-12,2024-12-01,30,Cooked Beef at Average Hotel Per Plate,Cooked Beef at Average Hotel,,Food Away from Home,Per Plate,299.11,2024-12_Annexure1.pdf,344.81,310.75,411.95,350.0,281.76,315.82,300.0,300.0,273.17,353.92,301.62,200.0,240.0,239.57,250.0,344.98,343.2
2024-12,2024-12-01,31,Cooked Daal at Average Hotel Per Plate,Cooked Daal at Average Hotel,,Food Away from Home,Per Plate,161.89,2024-12_Annexure1.pdf,241.4,220.86,150.0,180.0,194.15,166.41,150.0,134.28,136.58,177.9,172.25,150.0,120.0,133.72,130.0,152.13,193.1
2024-12,2024-12-01,32,Tea Prepared Ordinary Per Cup,Tea Prepared Ordinary,,Food Away from Home,Per Cup,61.03,2024-12_Annexure1.pdf,70.0,68.58,60.0,50.0,60.0,63.16,60.0,70.0,50.0,69.35,71.45,60.0,70.0,47.37,50.0,80.0,50.0
2024-12,2024-12-01,33,Cigarettes Capstan 20'S Packet Each,Cigarettes Capstan 20'S Packet,,Tobacco,Each,232.72,2024-12_Annexure1.pdf,243.15,244.5,230.0,230.0,230.0,227.46,230.0,220.0,226.62,240.0,250.0,220.0,220.0,230.0,250.0,244.95,223.28
2024-12,2024-12-01,34,"Long Cloth 57"" Gul Ahmed/Al Karam 1 mtr","Long Cloth 57"" Gul Ahmed/Al Karam",,Textiles & Apparel,1 mtr,617.3,2024-12_Annexure1.pdf,670.74,651.66,667.0,660.0,678.0,491.3,680.0,758.0,760.98,726.84,499.08,500.0,516.14,642.0,700.0,648.72,400.0
2024-12,2024-12-01,35,Shirting (Average Quality) 1 mtr,Shirting (Average Quality),,Textiles & Apparel,1 mtr,476.44,2024-12_Annexure1.pdf,662.08,611.64,500.0,450.0,428.7,866.35,600.0,520.7,586.59,620.73,464.76,229.58,313.19,656.62,476.22,229.85,363.21
2024-12,2024-12-01,36,Lawn Printed Gul Ahmed/Al Karam 1 mtr,Lawn Printed Gul Ahmed/Al Karam,,Textiles & Apparel,1 mtr,611.82,2024-12_Annexure1.pdf,530.36,489.43,748.0,650.0,784.81,600.0,650.0,655.0,818.89,662.91,494.92,550.0,532.8,702.0,650.0,648.72,400.0
2024-12,2024-12-01,37,Georgette (Average Quality) 1 mtr,Georgette (Average Quality),,Textiles & Apparel,1 mtr,292.16,2024-12_Annexure1.pdf,368.76,368.21,250.0,300.0,349.32,350.0,400.0,327.54,300.0,334.54,308.18,206.46,265.66,239.86,200.0,219.62,282.31
2024-12,2024-12-01,38,Gents Sandal Bata Pair,Gents Sandal Bata,,Footwear,Pair,2499.0,2024-12_Annexure1.pdf,2499.0,2499.0,2499.0,2499.0,2499.0,2499.0,2499.0,2499.0,2499.0,2499.0,2499.0,2499.0,2499.0,2499.0,2499.0,2499.0,2499.0
2024-12,2024-12-01,39,Gents Sponge Chappal Bata Pair,Gents Sponge Chappal Bata,,Footwear,Pair,599.0,2024-12_Annexure1.pdf,599.0,599.0,599.0,599.0,599.0,599.0,599.0,599.0,599.0,599.0,599.0,599.0,599.0,599.0,599.0,599.0,599.0
2024-12,2024-12-01,40,Ladies Sandal Bata Pair,Ladies Sandal Bata,,Footwear,Pair,1399.0,2024-12_Annexure1.pdf,1399.0,1399.0,1399.0,1399.0,1399.0,1399.0,1399.0,1399.0,1399.0,1399.0,1399.0,1399.0,1399.0,1399.0,1399.0,1399.0,1399.0
2024-12,2024-12-01,41,Electricity Charges upto 50 Units Per Unit,Electricity Charges upto 50 Units,,Energy & Utilities,Per Unit,6.55,2024-12_Annexure1.pdf,6.55,6.55,6.55,6.55,6.55,6.55,6.55,6.55,6.55,6.55,6.55,6.55,6.55,6.55,6.55,6.55,6.55
2024-12,2024-12-01,42,Gas Charges upto,Gas Charges upto 3.3719 MMBTU,,Energy & Utilities,MMBTU,1976.5,2024-12_Annexure1.pdf,3.3719,1976.5,1976.5,1976.5,1976.5,1976.5,1976.5,1976.5,1976.5,1976.5,1976.5,1976.5,1976.5,1976.5,1976.5,1976.5,1976.5
2024-12,2024-12-01,43,Firewood Whole 40 Kg,Firewood Whole,,Energy & Utilities,40 Kg,1282.39,2024-12_Annexure1.pdf,2009.6,1621.14,1500.0,1449.14,1777.52,1600.0,1250.0,1440.97,1432.57,1192.0,1032.28,900.0,883.01,1188.24,808.79,1360.81,1032.28
2024-12,2024-12-01,44,Energy Saver Philips 14 Watt Each,Energy Saver Philips 14 Watt,,Household Goods,Each,380.57,2024-12_Annexure1.pdf,276.63,260.4,550.0,575.0,500.0,400.0,572.35,575.0,272.7,350.0,350.0,300.0,370.0,350.0,250.0,350.0,432.67
2024-12,2024-12-01,45,Sufi Washing Soap 250 gm Cake Each,Sufi Washing Soap 250 gm Cake,,Personal & Household Care,Each,130.99,2024-12_Annexure1.pdf,137.43,137.09,130.0,130.0,128.55,130.0,130.0,133.0,139.14,130.0,130.0,138.0,120.0,130.0,130.0,130.0,125.0
2024-12,2024-12-01,46,Match Box Each,Match Box,,Household Goods,Each,6.24,2024-12_Annexure1.pdf,6.0,6.0,7.0,5.0,6.32,7.0,6.0,7.0,7.0,7.0,6.56,6.0,7.0,7.0,5.0,5.97,5.0
2024-12,2024-12-01,47,Petrol Super Per Litre,Petrol Super,,Fuel & Transport,Per Litre,253.26,2024-12_Annexure1.pdf,253.01,253.03,253.0,253.2,253.01,253.1,253.3,253.11,253.56,253.1,254.35,253.01,253.36,253.0,254.2,253.0,253.01
2024-12,2024-12-01,48,Hi-Speed Diesel Per Litre,Hi-Speed Diesel,,Fuel & Transport,Per Litre,258.05,2024-12_Annexure1.pdf,257.82,257.81,257.85,258.01,257.82,257.85,258.06,257.89,258.37,257.91,259.13,257.81,258.17,257.8,259.0,257.75,257.82
2024-12,2024-12-01,49,LPG,LPG 11.67 kg Cylinder,,Energy & Utilities,Each,2972.89,2024-12_Annexure1.pdf,11.67,3649.79,3684.56,3772.6,3675.54,3588.16,3502.5,3487.43,3500.0,3400.69,3284.05,3315.73,3500.0,3369.97,3552.68,3232.99,3399.48
2024-12,2024-12-01,50,Telephone Call Charges Per Minute,Telephone Call Charges,,Communication,Per Minute,1.79,2024-12_Annexure1.pdf,1.79,1.79,1.79,1.79,1.79,1.79,1.79,1.79,1.79,1.79,1.79,1.79,1.79,1.79,1.79,1.79,1.79
2024-12,2024-12-01,51,Toilet Soap LIFEBUOY 115 gm Each,Toilet Soap LIFEBUOY 115 gm,,Personal & Household Care,Each,104.72,2024-12_Annexure1.pdf,94.34,95.39,105.8,111.47,97.0,105.0,117.47,111.47,99.75,99.74,99.74,110.0,118.6,103.32,94.33,111.48,110.0
2025-01,2025-01-01,1,Wheat Flour Bag 20 Kg,Wheat Flour Bag,,Cereals & Grains,20 Kg,1792.62,2025-01_Annexure1.pdf,1881.01,1873.27,1755.34,1750.4,1713.98,1669.56,1831.93,1663.87,1645.36,1974.12,1946.46,1707.41,1779.85,1772.24,1711.03,1928.56,1921.22
2025-01,2025-01-01,2,Rice Basmati Broken (Average Quality)1 Kg,Rice Basmati Broken (Average Quality),,Cereals & Grains,1 Kg,203.87,2025-01_Annexure1.pdf,253.13,233.2,180.0,190.0,185.6,211.77,157.91,193.1,186.43,270.54,229.04,200.0,237.94,194.93,130.0,264.97,203.28
2025-01,2025-01-01,3,Rice IRRI-6/9 (Sindh/Punjab) 1 Kg,Rice IRRI-6/9 (Sindh/Punjab),,Cereals & Grains,1 Kg,-0.81,2025-01_Annexure1.pdf,171.14,148.93,160.0,161.3,158.86,170.0,179.25,175.76,170.0,117.87,141.13,150.0,179.88,150.0,158.66,159.95,167.66
2025-01,2025-01-01,4,Bread plain (Small Size) Each,Bread plain (Small Size),,Bakery & Confectionery,Each,109.32,2025-01_Annexure1.pdf,110.0,110.0,110.0,110.0,110.0,110.0,110.0,110.0,110.0,110.0,120.0,107.92,112.92,100.0,100.0,120.0,100.0
2025-01,2025-01-01,5,Beef with Bone (Average Quality) 1 Kg,Beef with Bone (Average Quality),,Meat & Poultry,1 Kg,1030.14,2025-01_Annexure1.pdf,1218.09,1160.86,1000.0,1100.0,1018.31,1200.0,900.0,1083.07,983.05,1240.86,1099.62,900.0,1000.0,981.03,800.0,959.97,983.05
2025-01,2025-01-01,6,Mutton (Average Quality) 1 Kg,Mutton (Average Quality),,Meat & Poultry,1 Kg,1965.46,2025-01_Annexure1.pdf,2239.52,2240.96,2100.0,2100.0,2232.84,2200.0,1850.0,2100.0,1832.73,2136.26,1889.71,1600.0,2000.0,1869.61,1550.0,1998.33,1683.17
2025-01,2025-01-01,7,Chicken Farm Broiler (Live) 1 Kg,Chicken Farm Broiler (Live),,Meat & Poultry,1 Kg,447.27,2025-01_Annexure1.pdf,445.08,446.43,432.66,434.0,418.04,434.6,417.27,433.17,415.96,484.5,469.98,463.97,440.76,441.84,455.98,465.22,515.86
2025-01,2025-01-01,8,Milk fresh (Un-boiled) 1 Ltr,Milk fresh (Un-boiled),,Dairy & Eggs,1 Ltr,197.75,2025-01_Annexure1.pdf,224.04,216.86,200.0,170.0,187.47,200.0,160.0,189.94,155.92,220.0,218.32,200.0,233.14,232.45,180.0,200.0,196.61
2025-01,2025-01-01,9,Curd (Dahi) Loose 1 Kg,Curd (Dahi) Loose,,Dairy & Eggs,1 Kg,231.06,2025-01_Annexure1.pdf,240.0,241.06,220.0,180.0,220.47,240.0,200.0,225.5,200.0,335.48,314.88,220.0,266.5,252.53,190.0,220.0,213.28
2025-01,2025-01-01,10,Powdered Milk NIDO 390 gm PolybagEach,Powdered Milk NIDO 390 gm Polybag,,Dairy & Eggs,Each,1035.92,2025-01_Annexure1.pdf,1068.31,1055.91,1030.0,1030.0,1030.0,1030.0,1030.0,1030.0,1030.0,1015.66,1049.82,1030.0,1030.0,1049.11,1043.19,1030.0,1030.0
2025-01,2025-01-01,11,Eggs Hen (Farm) 1 Dozen,Eggs Hen (Farm),,Dairy & Eggs,1 Dozen,287.58,2025-01_Annexure1.pdf,289.86,283.95,272.93,275.74,273.21,278.23,272.81,265.75,275.63,288.02,300.62,273.05,298.35,291.49,319.82,316.79,321.19
2025-01,2025-01-01,12,Mustard Oil (Average Quality) 1 Kg,Mustard Oil (Average Quality),,Oils & Fats,1 Kg,572.15,2025-01_Annexure1.pdf,643.22,633.89,540.0,540.0,558.22,554.98,600.0,620.0,521.32,584.79,519.74,453.54,600.0,655.37,550.0,597.21,593.26
2025-01,2025-01-01,13,"Cooking Oil DALDA or Other Similar Brand (SN), 5 Litre TinEach","Cooking Oil DALDA or Other Similar Brand (SN), 5 Litre Tin",,Oils & Fats,Each,2900.6,2025-01_Annexure1.pdf,2934.93,2934.93,2904.93,2904.93,2914.37,2924.9,2934.93,2895.0,2924.0,2926.38,2904.93,2863.31,2885.0,2904.93,2893.21,2828.46,2834.04
2025-01,2025-01-01,14,Vegetable Ghee DALDA/HABIB 2.5 kg TinEach,Vegetable Ghee DALDA/HABIB 2.5 kg Tin,,Oils & Fats,Each,1489.96,2025-01_Annexure1.pdf,1510.97,1510.97,1505.98,1492.19,1507.29,1494.97,1489.95,1489.95,1502.9,1503.56,1502.99,1483.87,1500.0,1475.98,1444.97,1492.46,1423.31
2025-01,2025-01-01,15,Vegetable Ghee DALDA/HABIB or Other superior Quality 1 kg PouchEach,Vegetable Ghee DALDA/HABIB or Other superior Quality 1 kg Pouch,,Oils & Fats,Each,582.6,2025-01_Annexure1.pdf,590.99,590.99,586.99,584.3,582.65,572.96,587.99,587.99,588.99,586.87,586.99,577.97,585.0,585.97,557.99,581.98,568.66
2025-01,2025-01-01,16,Bananas (Kela) Local 1 Dozen,Bananas (Kela) Local,,Fruits,1 Dozen,125.67,2025-01_Annexure1.pdf,229.87,203.51,137.8,141.95,129.78,106.27,111.56,158.47,130.0,117.31,93.52,100.0,91.46,124.43,114.09,104.26,112.92
2025-01,2025-01-01,17,Pulse Masoor (Washed) 1 Kg,Pulse Masoor (Washed),Pulse Masoor (Washed),Pulses & Legumes,1 Kg,301.03,2025-01_Annexure1.pdf,348.79,347.96,280.0,280.0,290.84,332.16,272.58,311.51,280.0,296.52,307.85,300.0,282.59,293.46,280.0,343.85,286.51
2025-01,2025-01-01,18,Pulse Moong (Washed) 1 Kg,Pulse Moong (Washed),Pulse Moong (Washed),Pulses & Legumes,1 Kg,402.44,2025-01_Annexure1.pdf,419.04,393.48,396.64,380.0,400.05,376.21,375.25,424.28,385.18,398.37,410.52,427.98,397.14,397.69,395.92,463.93,409.14
2025-01,2025-01-01,19,Pulse Mash (Washed) 1 Kg,Pulse Mash (Washed),Pulse Mash (Washed),Pulses & Legumes,1 Kg,494.66,2025-01_Annexure1.pdf,513.17,493.85,474.62,465.97,508.49,512.41,506.38,486.58,476.64,456.4,476.77,520.0,552.59,455.31,500.0,577.95,450.5
2025-01,2025-01-01,20,Pulse Gram 1 Kg,Pulse Gram,Pulse Gram,Pulses & Legumes,1 Kg,361.46,2025-01_Annexure1.pdf,397.76,385.2,323.71,315.83,332.75,329.3,337.86,367.43,372.36,367.58,364.34,401.17,370.66,367.91,346.5,415.87,366.35
2025-01,2025-01-01,21,Potatoes 1 Kg,Potatoes,Potatoes,Vegetables,1 Kg,87.4,2025-01_Annexure1.pdf,108.04,101.82,90.72,86.53,87.92,76.21,72.59,86.53,89.62,86.49,77.79,76.74,72.83,109.73,84.09,87.67,102.32
2025-01,2025-01-01,22,Onions 1 Kg,Onions,Onions,Vegetables,1 Kg,118.07,2025-01_Annexure1.pdf,150.5,142.14,130.47,132.75,122.21,104.28,113.2,108.78,112.55,116.94,103.92,102.88,111.04,138.0,108.88,115.93,106.35
2025-01,2025-01-01,23,Tomatoes 1 Kg,Tomatoes,Tomatoes,Vegetables,1 Kg,119.02,2025-01_Annexure1.pdf,160.16,144.92,145.64,139.28,127.53,110.02,104.36,113.36,122.14,99.05,86.16,96.62,105.14,138.84,107.89,118.57,131.24
2025-01,2025-01-01,24,Sugar Refined 1 Kg,Sugar Refined,,Sugar & Sweeteners,1 Kg,143.19,2025-01_Annexure1.pdf,150.05,149.65,146.71,146.71,144.6,141.95,141.91,143.1,141.63,142.64,135.88,138.15,135.88,147.48,141.91,143.36,143.66
2025-01,2025-01-01,25,Gur (Average Quality) 1 Kg,Gur (Average Quality),,Sugar & Sweeteners,1 Kg,209.41,2025-01_Annexure1.pdf,244.23,224.71,191.75,207.77,206.59,200.0,207.13,222.18,176.52,248.92,229.85,180.0,175.93,222.18,200.0,234.75,206.46
2025-01,2025-01-01,26,Salt Powdered (NATIONAL/SHAN) 800 gm PacketEach,Salt Powdered (NATIONAL/SHAN) 800 gm Packet,,Condiments & Spices,Each,71.46,2025-01_Annexure1.pdf,75.67,73.84,70.0,70.0,70.0,70.0,80.0,70.0,70.0,76.21,70.0,70.0,70.0,70.0,70.0,70.0,70.0
2025-01,2025-01-01,27,Chilies Powder NATIONAL 200 gm PacketEach,Chilies Powder NATIONAL 200 gm Packet,,Condiments & Spices,Each,320.0,2025-01_Annexure1.pdf,320.0,320.0,320.0,320.0,320.0,320.0,320.0,320.0,320.0,320.0,320.0,320.0,320.0,320.0,320.0,320.0,320.0
2025-01,2025-01-01,28,Garlic (Lehsun) 1 Kg,Garlic (Lehsun),,Vegetables,1 Kg,688.18,2025-01_Annexure1.pdf,689.58,678.36,769.61,769.61,597.6,650.0,632.35,752.15,651.29,775.19,790.36,600.0,600.0,758.62,679.55,672.8,682.92
2025-01,2025-01-01,29,Tea Lipton Yellow Label 190 gm PacketEach,Tea Lipton Yellow Label 190 gm Packet,,Beverages,Each,543.78,2025-01_Annexure1.pdf,542.86,542.86,542.86,542.86,542.85,542.83,542.86,542.85,542.86,542.86,542.85,558.82,542.85,542.85,542.85,542.85,542.85
2025-01,2025-01-01,30,Cooked Beef at Average Hotel Per Plate,Cooked Beef at Average Hotel,,Food Away from Home,Per Plate,300.67,2025-01_Annexure1.pdf,344.81,310.75,450.0,350.0,281.76,315.82,300.0,300.0,273.17,353.92,301.62,200.0,240.0,239.57,250.0,344.98,343.2
2025-01,2025-01-01,31,Cooked Daal at Average Hotel Per Plate,Cooked Daal at Average Hotel,,Food Away from Home,Per Plate,162.95,2025-01_Annexure1.pdf,241.4,220.86,150.0,180.0,194.15,166.41,150.0,138.32,136.58,181.93,172.25,151.95,120.0,133.72,130.0,159.25,193.1
2025-01,2025-01-01,32,Tea Prepared Ordinary Per Cup,Tea Prepared Ordinary,,Food Away from Home,Per Cup,61.23,2025-01_Annexure1.pdf,70.0,68.58,60.0,50.0,60.0,63.16,60.0,73.84,50.0,69.48,71.45,60.0,70.0,47.37,50.0,80.0,50.0
2025-01,2025-01-01,33,Cigarettes Capstan 20'S Packet Each,Cigarettes Capstan 20'S Packet,,Tobacco,Each,233.24,2025-01_Annexure1.pdf,243.15,244.5,230.0,230.0,230.0,230.0,230.0,220.0,226.62,240.0,250.0,225.95,220.0,230.0,250.0,244.95,223.28
2025-01,2025-01-01,34,"Long Cloth 57"" Gul Ahmed/Al Karam 1 mtr","Long Cloth 57"" Gul Ahmed/Al Karam",,Textiles & Apparel,1 mtr,617.61,2025-01_Annexure1.pdf,670.74,651.66,667.0,660.0,678.0,491.3,680.0,758.0,760.98,726.84,503.28,500.0,516.14,642.0,700.0,648.72,400.0
2025-01,2025-01-01,35,Shirting (Average Quality) 1 mtr,Shirting (Average Quality),,Textiles & Apparel,1 mtr,478.56,2025-01_Annexure1.pdf,685.53,636.97,500.0,450.0,428.7,866.35,600.0,520.7,586.59,620.73,464.76,229.58,313.19,656.62,476.22,229.85,363.21
2025-01,2025-01-01,36,Lawn Printed Gul Ahmed/Al Karam 1 mtr,Lawn Printed Gul Ahmed/Al Karam,,Textiles & Apparel,1 mtr,611.82,2025-01_Annexure1.pdf,530.36,489.43,748.0,650.0,784.81,600.0,650.0,655.0,818.89,662.91,494.92,550.0,532.8,702.0,650.0,648.72,400.0
2025-01,2025-01-01,37,Georgette (Average Quality) 1 mtr,Georgette (Average Quality),,Textiles & Apparel,1 mtr,293.32,2025-01_Annexure1.pdf,384.09,374.2,250.0,300.0,349.32,350.0,400.0,327.54,300.0,334.54,311.51,206.46,265.66,239.86,200.0,219.62,282.31
2025-01,2025-01-01,38,Gents Sandal Bata Pair,Gents Sandal Bata,,Footwear,Pair,2499.0,2025-01_Annexure1.pdf,2499.0,2499.0,2499.0,2499.0,2499.0,2499.0,2499.0,2499.0,2499.0,2499.0,2499.0,2499.0,2499.0,2499.0,2499.0,2499.0,2499.0
2025-01,2025-01-01,39,Gents Sponge Chappal Bata Pair,Gents Sponge Chappal Bata,,Footwear,Pair,599.0,2025-01_Annexure1.pdf,599.0,599.0,599.0,599.0,599.0,599.0,599.0,599.0,599.0,599.0,599.0,599.0,599.0,599.0,599.0,599.0,599.0
2025-01,2025-01-01,40,Ladies Sandal Bata Pair,Ladies Sandal Bata,,Footwear,Pair,1399.0,2025-01_Annexure1.pdf,1399.0,1399.0,1399.0,1399.0,1399.0,1399.0,1399.0,1399.0,1399.0,1399.0,1399.0,1399.0,1399.0,1399.0,1399.0,1399.0,1399.0
2025-01,2025-01-01,41,Electricity Charges upto 50 Units Per Unit,Electricity Charges upto 50 Units,,Energy & Utilities,Per Unit,6.05,2025-01_Annexure1.pdf,6.05,6.05,6.05,6.05,6.05,6.05,6.05,6.05,6.05,6.05,6.05,6.05,6.05,6.05,6.05,6.05,6.05
2025-01,2025-01-01,42,Gas Charges upto,Gas Charges upto 3.3719 MMBTU,,Energy & Utilities,MMBTU,1976.5,2025-01_Annexure1.pdf,3.3719,1976.5,1976.5,1976.5,1976.5,1976.5,1976.5,1976.5,1976.5,1976.5,1976.5,1976.5,1976.5,1976.5,1976.5,1976.5,1976.5
2025-01,2025-01-01,43,Firewood Whole 40 Kg,Firewood Whole,,Energy & Utilities,40 Kg,1317.35,2025-01_Annexure1.pdf,2089.01,1651.22,1500.0,1500.0,1748.96,1717.16,1250.0,1440.97,1565.95,1328.03,1032.28,900.0,883.01,1216.55,849.02,1419.02,1032.28
2025-01,2025-01-01,44,Energy Saver Philips 14 Watt Each,Energy Saver Philips 14 Watt,,Household Goods,Each,380.86,2025-01_Annexure1.pdf,276.63,260.4,550.0,575.0,500.0,400.0,580.0,575.0,272.7,350.0,350.0,300.0,370.0,350.0,250.0,350.0,432.67
2025-01,2025-01-01,45,Sufi Washing Soap 250 gm Cake Each,Sufi Washing Soap 250 gm Cake,,Personal & Household Care,Each,131.8,2025-01_Annexure1.pdf,140.0,140.0,130.0,130.0,128.55,130.0,130.0,133.0,140.0,130.0,130.0,138.0,120.0,130.0,130.0,137.94,125.0
2025-01,2025-01-01,46,Match Box Each,Match Box,,Household Goods,Each,6.24,2025-01_Annexure1.pdf,6.0,6.0,7.0,5.0,6.32,7.0,6.0,7.0,7.0,7.0,6.56,6.0,7.0,7.0,5.0,5.97,5.0
2025-01,2025-01-01,47,Petrol Super Per Litre,Petrol Super,,Fuel & Transport,Per Litre,255.9,2025-01_Annexure1.pdf,255.7,255.67,255.69,255.84,255.65,255.69,255.94,255.74,256.2,255.74,256.88,255.65,255.97,255.69,256.72,255.8,255.65
2025-01,2025-01-01,48,Hi-Speed Diesel Per Litre,Hi-Speed Diesel,,Fuel & Transport,Per Litre,261.09,2025-01_Annexure1.pdf,260.82,260.81,260.86,261.01,260.82,260.86,261.11,260.89,261.36,260.91,262.12,260.82,261.16,260.86,262.42,260.9,260.82
2025-01,2025-01-01,49,LPG,LPG 11.67 kg Cylinder,,Energy & Utilities,Each,3065.01,2025-01_Annexure1.pdf,11.67,3576.52,3616.99,3557.87,3614.34,3398.63,3392.48,3355.39,3358.79,3299.27,3239.72,3329.33,3477.72,3325.54,3317.82,3215.24,3424.79
2025-01,2025-01-01,50,Telephone Call Charges Per Minute,Telephone Call Charges,,Communication,Per Minute,1.79,2025-01_Annexure1.pdf,1.79,1.79,1.79,1.79,1.79,1.79,1.79,1.79,1.79,1.79,1.79,1.79,1.79,1.79,1.79,1.79,1.79
2025-01,2025-01-01,51,Toilet Soap LIFEBUOY 115 gm Each,Toilet Soap LIFEBUOY 115 gm,,Personal & Household Care,Each,103.89,2025-01_Annexure1.pdf,94.34,95.39,99.74,111.47,99.74,105.0,117.47,112.42,99.75,99.74,99.74,110.0,118.6,98.64,98.63,99.74,110.0
2025-02,2025-02-01,1,Wheat Flour Bag 20 Kg,Wheat Flour Bag,,Cereals & Grains,20 Kg,1761.74,2025-02_Annexure1.pdf,1788.41,1783.23,1714.33,1734.21,1702.45,1684.8,1800.0,1667.67,1666.56,1905.38,1916.05,1664.68,1763.32,1717.71,1689.97,1879.95,1906.64
2025-02,2025-02-01,2,Rice Basmati Broken (Average Quality)1 Kg,Rice Basmati Broken (Average Quality),,Cereals & Grains,1 Kg,205.25,2025-02_Annexure1.pdf,253.13,233.2,180.0,182.45,185.6,214.82,160.0,193.1,186.43,271.09,222.99,200.0,236.62,222.17,130.0,272.35,203.28
2025-02,2025-02-01,3,Rice IRRI-6/9 (Sindh/Punjab) 1 Kg,Rice IRRI-6/9 (Sindh/Punjab),,Cereals & Grains,1 Kg,-0.7,2025-02_Annexure1.pdf,171.14,148.93,160.0,170.0,158.86,170.0,179.25,148.99,170.0,116.57,140.35,154.77,179.88,150.0,157.55,158.66,169.51
2025-02,2025-02-01,4,Bread plain (Small Size) Each,Bread plain (Small Size),,Bakery & Confectionery,Each,108.99,2025-02_Annexure1.pdf,110.0,110.0,107.41,107.41,110.0,110.0,110.0,110.0,107.41,110.0,120.0,110.0,112.92,100.0,100.0,120.0,100.0
2025-02,2025-02-01,5,Beef with Bone (Average Quality) 1 Kg,Beef with Bone (Average Quality),,Meat & Poultry,1 Kg,1043.48,2025-02_Annexure1.pdf,1256.66,1246.39,1024.11,1100.0,1018.31,1200.0,900.0,1102.03,983.05,1249.5,1099.62,900.0,1000.0,996.91,812.22,959.97,1020.32
2025-02,2025-02-01,6,Mutton (Average Quality) 1 Kg,Mutton (Average Quality),,Meat & Poultry,1 Kg,1977.77,2025-02_Annexure1.pdf,2278.6,2261.18,2100.0,2100.0,2232.84,2200.0,1850.0,2108.16,1832.73,2146.26,1913.16,1600.0,2000.0,1924.84,1562.35,1998.33,1720.53
2025-02,2025-02-01,7,Chicken Farm Broiler (Live) 1 Kg,Chicken Farm Broiler (Live),,Meat & Poultry,1 Kg,452.9,2025-02_Annexure1.pdf,438.9,442.48,419.25,419.25,410.57,442.7,419.85,441.18,423.02,510.79,489.68,467.0,481.18,438.96,453.41,492.43,529.91
2025-02,2025-02-01,8,Milk fresh (Un-boiled) 1 Ltr,Milk fresh (Un-boiled),,Dairy & Eggs,1 Ltr,198.2,2025-02_Annexure1.pdf,224.04,216.86,200.0,170.0,187.47,200.0,160.0,189.94,160.6,220.0,218.32,200.0,233.14,233.5,180.0,200.0,197.45
2025-02,2025-02-01,9,Curd (Dahi) Loose 1 Kg,Curd (Dahi) Loose,,Dairy & Eggs,1 Kg,231.16,2025-02_Annexure1.pdf,240.0,241.06,220.0,180.0,220.47,240.0,200.0,225.5,200.0,335.48,314.88,220.0,266.5,254.54,190.0,220.0,213.28
2025-02,2025-02-01,10,Powdered Milk NIDO 390 gm PolybagEach,Powdered Milk NIDO 390 gm Polybag,,Dairy & Eggs,Each,1036.24,2025-02_Annexure1.pdf,1077.37,1057.92,1030.0,1030.0,1030.0,1030.0,1040.0,1030.0,1030.0,1015.66,1060.2,1030.0,1030.0,1050.55,1016.4,1030.0,1030.0
2025-02,2025-02-01,11,Eggs Hen (Farm) 1 Dozen,Eggs Hen (Farm),,Dairy & Eggs,1 Dozen,263.55,2025-02_Annexure1.pdf,264.73,260.69,266.64,259.35,255.04,256.91,255.04,249.8,252.04,262.94,255.57,266.8,273.26,268.77,282.88,269.13,283.59
2025-02,2025-02-01,12,Mustard Oil (Average Quality) 1 Kg,Mustard Oil (Average Quality),,Oils & Fats,1 Kg,564.45,2025-02_Annexure1.pdf,643.22,633.89,540.0,540.0,562.28,554.98,600.0,589.75,520.0,579.16,492.81,449.83,552.63,655.37,532.8,597.21,593.26
2025-02,2025-02-01,13,"Cooking Oil DALDA or Other Similar Brand (SN), 5 Litre TinEach","Cooking Oil DALDA or Other Similar Brand (SN), 5 Litre Tin",,Oils & Fats,Each,2933.34,2025-02_Annexure1.pdf,2915.0,2915.0,2937.47,2945.0,2929.96,2945.0,2945.0,2945.0,2964.83,2940.66,2929.96,2945.0,2904.94,2945.0,2945.0,2919.89,2895.0
2025-02,2025-02-01,14,Vegetable Ghee DALDA/HABIB 2.5 kg TinEach,Vegetable Ghee DALDA/HABIB 2.5 kg Tin,,Oils & Fats,Each,1495.78,2025-02_Annexure1.pdf,1485.0,1485.0,1492.44,1499.92,1499.92,1515.0,1515.0,1515.0,1514.9,1511.26,1515.0,1500.0,1492.48,1480.0,1437.45,1512.45,1460.0
2025-02,2025-02-01,15,Vegetable Ghee DALDA/HABIB or Other superior Quality 1 kg PouchEach,Vegetable Ghee DALDA/HABIB or Other superior Quality 1 kg Pouch,,Oils & Fats,Each,584.12,2025-02_Annexure1.pdf,579.0,579.0,582.96,582.96,586.0,577.48,595.0,590.96,590.96,586.69,591.25,590.0,581.99,590.0,554.98,586.95,585.0
2025-02,2025-02-01,16,Bananas (Kela) Local 1 Dozen,Bananas (Kela) Local,,Fruits,1 Dozen,159.69,2025-02_Annexure1.pdf,307.06,276.52,176.43,164.64,176.18,135.47,148.37,227.07,138.1,159.3,133.92,135.54,101.53,157.46,154.19,129.55,112.92
2025-02,2025-02-01,17,Pulse Masoor (Washed) 1 Kg,Pulse Masoor (Washed),Pulse Masoor (Washed),Pulses & Legumes,1 Kg,298.55,2025-02_Annexure1.pdf,348.79,347.96,280.0,280.0,290.84,291.1,276.63,314.26,280.0,294.94,304.88,300.0,280.0,298.87,280.0,334.9,286.51
2025-02,2025-02-01,18,Pulse Moong (Washed) 1 Kg,Pulse Moong (Washed),Pulse Moong (Washed),Pulses & Legumes,1 Kg,400.88,2025-02_Annexure1.pdf,432.27,398.54,396.64,380.0,406.13,308.1,382.48,403.64,394.97,397.33,417.87,430.0,411.47,419.97,400.0,452.37,403.26
2025-02,2025-02-01,19,Pulse Mash (Washed) 1 Kg,Pulse Mash (Washed),Pulse Mash (Washed),Pulses & Legumes,1 Kg,483.03,2025-02_Annexure1.pdf,503.75,489.9,467.2,452.42,503.41,479.19,471.65,479.81,473.27,429.68,453.27,494.73,554.1,456.08,500.0,537.3,481.13
2025-02,2025-02-01,20,Pulse Gram 1 Kg,Pulse Gram,Pulse Gram,Pulses & Legumes,1 Kg,332.51,2025-02_Annexure1.pdf,387.03,376.6,300.0,310.0,298.97,292.28,304.07,341.63,322.88,321.54,313.08,380.64,355.68,332.9,308.2,364.77,366.38
2025-02,2025-02-01,21,Potatoes 1 Kg,Potatoes,Potatoes,Vegetables,1 Kg,68.31,2025-02_Annexure1.pdf,85.53,78.49,70.66,63.16,68.6,58.07,60.0,62.89,68.87,73.15,62.61,56.46,53.94,89.17,62.06,74.55,85.95
2025-02,2025-02-01,22,Onions 1 Kg,Onions,Onions,Vegetables,1 Kg,88.62,2025-02_Annexure1.pdf,113.15,107.79,93.22,100.0,87.43,83.2,80.0,82.81,93.12,83.32,72.25,80.0,75.67,104.2,87.68,92.55,81.58
2025-02,2025-02-01,23,Tomatoes 1 Kg,Tomatoes,Tomatoes,Vegetables,1 Kg,58.21,2025-02_Annexure1.pdf,86.14,78.93,83.85,77.07,70.65,60.77,61.6,58.71,66.71,40.88,30.36,36.63,42.71,70.48,54.2,46.83,64.06
2025-02,2025-02-01,24,Sugar Refined 1 Kg,Sugar Refined,,Sugar & Sweeteners,1 Kg,155.07,2025-02_Annexure1.pdf,160.6,159.65,157.48,158.24,157.3,152.48,153.15,154.75,152.48,154.53,151.64,151.23,150.82,158.59,152.48,154.94,156.4
2025-02,2025-02-01,25,Gur (Average Quality) 1 Kg,Gur (Average Quality),,Sugar & Sweeteners,1 Kg,207.95,2025-02_Annexure1.pdf,252.17,245.25,200.0,200.0,212.65,200.0,200.0,211.06,164.1,248.92,230.69,180.0,173.27,222.18,200.0,212.36,206.46
2025-02,2025-02-01,26,Salt Powdered (NATIONAL/SHAN) 800 gm PacketEach,Salt Powdered (NATIONAL/SHAN) 800 gm Packet,,Condiments & Spices,Each,71.95,2025-02_Annexure1.pdf,75.67,73.84,70.0,70.0,70.0,70.0,80.0,70.0,70.0,76.21,70.0,70.0,70.0,70.0,70.0,78.67,70.0
2025-02,2025-02-01,27,Chilies Powder NATIONAL 200 gm PacketEach,Chilies Powder NATIONAL 200 gm Packet,,Condiments & Spices,Each,320.0,2025-02_Annexure1.pdf,320.0,320.0,320.0,320.0,320.0,320.0,320.0,320.0,320.0,320.0,320.0,320.0,320.0,320.0,320.0,320.0,320.0
2025-02,2025-02-01,28,Garlic (Lehsun) 1 Kg,Garlic (Lehsun),,Vegetables,1 Kg,700.12,2025-02_Annexure1.pdf,708.41,695.58,848.53,800.0,605.33,637.12,635.48,735.84,643.32,827.29,790.69,630.78,591.47,788.61,658.08,659.15,720.11
2025-02,2025-02-01,29,Tea Lipton Yellow Label 190 gm PacketEach,Tea Lipton Yellow Label 190 gm Packet,,Beverages,Each,516.56,2025-02_Annexure1.pdf,469.3,469.29,517.14,517.14,517.13,469.64,542.86,517.13,469.25,542.86,542.85,558.82,517.13,542.85,542.85,542.85,517.13
2025-02,2025-02-01,30,Cooked Beef at Average Hotel Per Plate,Cooked Beef at Average Hotel,,Food Away from Home,Per Plate,300.67,2025-02_Annexure1.pdf,344.81,310.75,450.0,350.0,281.76,315.82,300.0,300.0,273.17,353.92,301.62,200.0,240.0,239.57,250.0,344.98,343.2
2025-02,2025-02-01,31,Cooked Daal at Average Hotel Per Plate,Cooked Daal at Average Hotel,,Food Away from Home,Per Plate,163.12,2025-02_Annexure1.pdf,241.4,220.86,150.0,170.0,194.15,168.79,150.0,141.08,136.58,182.46,172.25,154.92,120.0,133.72,130.0,162.35,193.1
2025-02,2025-02-01,32,Tea Prepared Ordinary Per Cup,Tea Prepared Ordinary,,Food Away from Home,Per Cup,61.37,2025-02_Annexure1.pdf,70.0,68.58,60.0,50.0,60.0,63.16,60.0,76.52,50.0,69.67,71.45,60.0,70.0,47.37,50.0,80.0,50.0
2025-02,2025-02-01,33,Cigarettes Capstan 20'S Packet Each,Cigarettes Capstan 20'S Packet,,Tobacco,Each,234.95,2025-02_Annexure1.pdf,243.15,244.5,230.0,230.0,230.0,230.0,240.0,224.84,226.62,240.0,250.0,230.0,220.0,239.79,250.0,244.95,223.28
2025-02,2025-02-01,34,"Long Cloth 57"" Gul Ahmed/Al Karam 1 mtr","Long Cloth 57"" Gul Ahmed/Al Karam",,Textiles & Apparel,1 mtr,619.12,2025-02_Annexure1.pdf,670.74,651.66,667.0,660.0,678.0,491.3,680.0,758.0,793.28,726.84,503.28,500.0,516.14,642.0,700.0,648.72,400.0
2025-02,2025-02-01,35,Shirting (Average Quality) 1 mtr,Shirting (Average Quality),,Textiles & Apparel,1 mtr,479.97,2025-02_Annexure1.pdf,701.62,654.44,500.0,450.0,428.7,866.35,600.0,520.7,586.59,620.73,464.76,229.58,313.19,656.62,476.22,229.85,363.21
2025-02,2025-02-01,36,Lawn Printed Gul Ahmed/Al Karam 1 mtr,Lawn Printed Gul Ahmed/Al Karam,,Textiles & Apparel,1 mtr,611.82,2025-02_Annexure1.pdf,530.36,489.43,748.0,650.0,784.81,600.0,650.0,655.0,818.89,662.91,494.92,550.0,532.8,702.0,650.0,648.72,400.0
2025-02,2025-02-01,37,Georgette (Average Quality) 1 mtr,Georgette (Average Quality),,Textiles & Apparel,1 mtr,293.97,2025-02_Annexure1.pdf,394.66,378.24,250.0,300.0,349.32,350.0,400.0,327.54,300.0,334.54,311.51,206.46,265.66,239.86,200.0,219.62,282.31
2025-02,2025-02-01,38,Gents Sandal Bata Pair,Gents Sandal Bata,,Footwear,Pair,2499.0,2025-02_Annexure1.pdf,2499.0,2499.0,2499.0,2499.0,2499.0,2499.0,2499.0,2499.0,2499.0,2499.0,2499.0,2499.0,2499.0,2499.0,2499.0,2499.0,2499.0
2025-02,2025-02-01,39,Gents Sponge Chappal Bata Pair,Gents Sponge Chappal Bata,,Footwear,Pair,599.0,2025-02_Annexure1.pdf,599.0,599.0,599.0,599.0,599.0,599.0,599.0,599.0,599.0,599.0,599.0,599.0,599.0,599.0,599.0,599.0,599.0
2025-02,2025-02-01,40,Ladies Sandal Bata Pair,Ladies Sandal Bata,,Footwear,Pair,1399.0,2025-02_Annexure1.pdf,1399.0,1399.0,1399.0,1399.0,1399.0,1399.0,1399.0,1399.0,1399.0,1399.0,1399.0,1399.0,1399.0,1399.0,1399.0,1399.0,1399.0
2025-02,2025-02-01,41,Electricity Charges upto 50 Units Per Unit,Electricity Charges upto 50 Units,,Energy & Utilities,Per Unit,6.0,2025-02_Annexure1.pdf,6.0,6.0,6.0,6.0,6.0,6.0,6.0,6.0,6.0,6.0,6.0,6.0,6.0,6.0,6.0,6.0,6.0
2025-02,2025-02-01,42,Gas Charges upto,Gas Charges upto 3.3719 MMBTU,,Energy & Utilities,MMBTU,1976.5,2025-02_Annexure1.pdf,3.3719,1976.5,1976.5,1976.5,1976.5,1976.5,1976.5,1976.5,1976.5,1976.5,1976.5,1976.5,1976.5,1976.5,1976.5,1976.5,1976.5
2025-02,2025-02-01,43,Firewood Whole 40 Kg,Firewood Whole,,Energy & Utilities,40 Kg,1323.05,2025-02_Annexure1.pdf,2089.01,1651.22,1500.0,1500.0,1685.54,1800.0,1250.0,1440.97,1600.0,1344.89,1066.41,900.0,883.01,1223.94,849.02,1405.56,1032.28
2025-02,2025-02-01,44,Energy Saver Philips 14 Watt Each,Energy Saver Philips 14 Watt,,Household Goods,Each,380.86,2025-02_Annexure1.pdf,276.63,260.4,550.0,575.0,500.0,400.0,580.0,575.0,272.7,350.0,350.0,300.0,370.0,350.0,250.0,350.0,432.67
2025-02,2025-02-01,45,Sufi Washing Soap 250 gm Cake Each,Sufi Washing Soap 250 gm Cake,,Personal & Household Care,Each,131.96,2025-02_Annexure1.pdf,140.0,140.0,130.0,130.0,129.27,130.0,130.0,133.0,140.0,130.0,130.0,138.0,120.0,130.0,130.0,140.0,125.0
2025-02,2025-02-01,46,Match Box Each,Match Box,,Household Goods,Each,6.24,2025-02_Annexure1.pdf,6.0,6.0,7.0,5.0,6.32,7.0,6.0,7.0,7.0,7.0,6.56,6.0,7.0,7.0,5.0,5.97,5.0
2025-02,2025-02-01,47,Petrol Super Per Litre,Petrol Super,,Fuel & Transport,Per Litre,257.84,2025-02_Annexure1.pdf,257.55,257.58,257.6,257.74,257.55,257.6,258.2,257.64,258.1,257.64,258.72,257.88,257.9,257.6,258.8,257.6,257.55
2025-02,2025-02-01,48,Hi-Speed Diesel Per Litre,Hi-Speed Diesel,,Fuel & Transport,Per Litre,267.1,2025-02_Annexure1.pdf,266.46,266.88,266.89,267.06,266.87,266.89,267.51,266.8,267.41,266.96,268.22,266.82,267.22,266.89,268.09,266.89,266.87
2025-02,2025-02-01,49,LPG,LPG 11.67 kg Cylinder,,Energy & Utilities,Each,2964.23,2025-02_Annexure1.pdf,11.67,3402.16,3473.67,3268.0,3238.35,3080.72,3062.59,3200.0,3150.0,3107.14,2966.23,3004.59,3239.58,3199.44,3007.58,3011.81,3374.94
2025-02,2025-02-01,50,Telephone Call Charges Per Minute,Telephone Call Charges,,Communication,Per Minute,1.79,2025-02_Annexure1.pdf,1.79,1.79,1.79,1.79,1.79,1.79,1.79,1.79,1.79,1.79,1.79,1.79,1.79,1.79,1.79,1.79,1.79
2025-02,2025-02-01,51,Toilet Soap LIFEBUOY 115 gm Each,Toilet Soap LIFEBUOY 115 gm,,Personal & Household Care,Each,106.15,2025-02_Annexure1.pdf,99.38,100.21,99.74,110.95,99.74,103.66,117.47,113.85,113.8,107.76,99.74,110.0,118.6,99.74,99.74,103.62,110.0
2025-03,2025-03-01,1,Wheat Flour Bag 20 Kg,Wheat Flour Bag,,Cereals & Grains,20 Kg,1758.84,2025-03_Annexure1.pdf,1801.81,1792.14,1681.21,1708.0,1710.0,1654.8,1800.0,1656.04,1666.56,1866.38,1913.47,1719.94,1716.48,1742.05,1705.76,1884.94,1916.52
2025-03,2025-03-01,2,Rice Basmati Broken (Average Quality)1 Kg,Rice Basmati Broken (Average Quality),,Cereals & Grains,1 Kg,202.79,2025-03_Annexure1.pdf,253.13,233.2,163.27,170.0,185.6,220.0,160.0,193.1,186.43,270.2,208.33,200.0,236.62,226.62,130.0,269.92,203.28
2025-03,2025-03-01,3,Rice IRRI-6/9 (Sindh/Punjab) 1 Kg,Rice IRRI-6/9 (Sindh/Punjab),,Cereals & Grains,1 Kg,0.37,2025-03_Annexure1.pdf,171.14,148.93,160.0,170.0,158.86,170.0,179.13,146.54,170.0,116.57,136.76,170.0,179.88,150.0,158.13,157.55,170.02
2025-03,2025-03-01,4,Bread plain (Small Size) Each,Bread plain (Small Size),,Bakery & Confectionery,Each,108.23,2025-03_Annexure1.pdf,110.0,110.0,107.41,100.0,104.88,110.0,110.0,110.0,107.41,110.0,120.0,110.0,112.92,100.0,100.0,120.0,100.0
2025-03,2025-03-01,5,Beef with Bone (Average Quality) 1 Kg,Beef with Bone (Average Quality),,Meat & Poultry,1 Kg,1067.39,2025-03_Annexure1.pdf,1295.76,1293.94,1100.0,1100.0,1030.59,1200.0,950.0,1181.7,983.05,1266.23,1116.23,900.0,1048.81,985.1,850.0,979.72,1000.0
2025-03,2025-03-01,6,Mutton (Average Quality) 1 Kg,Mutton (Average Quality),,Meat & Poultry,1 Kg,1995.29,2025-03_Annexure1.pdf,2312.22,2285.96,2100.0,2100.0,2232.84,2200.0,1900.0,2132.82,1832.73,2151.43,1932.32,1600.0,2000.0,2008.69,1600.0,1998.33,1733.17
2025-03,2025-03-01,7,Chicken Farm Broiler (Live) 1 Kg,Chicken Farm Broiler (Live),,Meat & Poultry,1 Kg,498.22,2025-03_Annexure1.pdf,491.33,501.88,480.14,479.65,462.4,505.72,468.25,477.07,455.9,528.28,512.55,503.5,506.36,497.77,502.29,539.75,569.82
2025-03,2025-03-01,8,Milk fresh (Un-boiled) 1 Ltr,Milk fresh (Un-boiled),,Dairy & Eggs,1 Ltr,197.88,2025-03_Annexure1.pdf,224.04,216.86,200.0,170.0,187.47,200.0,160.0,189.94,173.27,220.0,218.32,200.0,233.14,233.85,160.0,200.0,200.0
2025-03,2025-03-01,9,Curd (Dahi) Loose 1 Kg,Curd (Dahi) Loose,,Dairy & Eggs,1 Kg,229.15,2025-03_Annexure1.pdf,240.0,241.06,220.0,180.0,220.47,240.0,200.0,225.5,200.0,335.48,314.88,220.0,248.17,255.22,170.0,220.0,220.0
2025-03,2025-03-01,10,Powdered Milk NIDO 390 gm PolybagEach,Powdered Milk NIDO 390 gm Polybag,,Dairy & Eggs,Each,1036.86,2025-03_Annexure1.pdf,1077.37,1057.92,1030.0,1030.0,1030.0,1037.49,1040.0,1030.0,1030.0,1015.66,1061.66,1030.0,1030.0,1052.21,1016.4,1030.0,1030.0
2025-03,2025-03-01,11,Eggs Hen (Farm) 1 Dozen,Eggs Hen (Farm),,Dairy & Eggs,1 Dozen,280.58,2025-03_Annexure1.pdf,283.92,280.08,272.21,278.07,273.73,293.09,272.97,268.11,272.66,285.7,274.04,276.91,284.51,280.16,291.5,304.87,279.71
2025-03,2025-03-01,12,Mustard Oil (Average Quality) 1 Kg,Mustard Oil (Average Quality),,Oils & Fats,1 Kg,554.63,2025-03_Annexure1.pdf,643.22,633.89,529.91,540.0,551.94,554.98,600.0,580.0,506.58,571.96,487.77,426.84,494.54,655.37,516.14,597.21,593.26
2025-03,2025-03-01,13,"Cooking Oil DALDA or Other Similar Brand (SN), 5 Litre TinEach","Cooking Oil DALDA or Other Similar Brand (SN), 5 Litre Tin",,Oils & Fats,Each,2923.13,2025-03_Annexure1.pdf,2915.0,2915.0,2915.0,2945.0,2915.0,2922.47,2915.0,2937.47,2937.31,2916.58,2915.0,2945.0,2915.0,2915.0,2945.0,2929.96,2895.0
2025-03,2025-03-01,14,Vegetable Ghee DALDA/HABIB 2.5 kg TinEach,Vegetable Ghee DALDA/HABIB 2.5 kg Tin,,Oils & Fats,Each,1485.63,2025-03_Annexure1.pdf,1485.0,1485.0,1485.0,1485.0,1485.0,1492.44,1485.0,1515.0,1498.22,1485.0,1485.0,1506.21,1485.0,1480.0,1450.0,1489.94,1460.0
2025-03,2025-03-01,15,Vegetable Ghee DALDA/HABIB or Other superior Quality 1 kg PouchEach,Vegetable Ghee DALDA/HABIB or Other superior Quality 1 kg Pouch,,Oils & Fats,Each,578.48,2025-03_Annexure1.pdf,579.0,579.0,579.0,579.0,579.0,570.0,579.0,579.0,579.0,579.0,581.73,590.0,579.0,579.0,560.0,579.0,585.0
2025-03,2025-03-01,16,Bananas (Kela) Local 1 Dozen,Bananas (Kela) Local,,Fruits,1 Dozen,209.65,2025-03_Annexure1.pdf,344.59,333.17,244.84,286.63,226.3,197.86,200.0,297.17,225.65,191.36,163.4,157.37,124.63,212.92,232.5,137.1,145.02
2025-03,2025-03-01,17,Pulse Masoor (Washed) 1 Kg,Pulse Masoor (Washed),Pulse Masoor (Washed),Pulses & Legumes,1 Kg,293.89,2025-03_Annexure1.pdf,348.79,347.96,272.47,280.0,285.79,295.76,280.0,315.95,263.29,294.68,302.42,275.0,280.0,279.42,267.37,339.94,286.51
2025-03,2025-03-01,18,Pulse Moong (Washed) 1 Kg,Pulse Moong (Washed),Pulse Moong (Washed),Pulses & Legumes,1 Kg,396.07,2025-03_Annexure1.pdf,432.27,398.54,399.16,387.48,397.72,341.62,400.0,388.76,386.6,395.72,414.91,400.0,346.54,411.86,400.0,444.92,400.0
2025-03,2025-03-01,19,Pulse Mash (Washed) 1 Kg,Pulse Mash (Washed),Pulse Mash (Washed),Pulses & Legumes,1 Kg,463.12,2025-03_Annexure1.pdf,503.75,489.9,427.42,429.94,478.4,479.19,479.16,477.58,453.27,419.38,437.9,460.0,447.44,444.7,484.71,502.44,469.78
2025-03,2025-03-01,20,Pulse Gram 1 Kg,Pulse Gram,Pulse Gram,Pulses & Legumes,1 Kg,309.31,2025-03_Annexure1.pdf,375.66,367.42,274.51,272.47,290.42,300.0,282.29,298.82,281.41,309.06,304.1,296.35,311.51,310.35,296.63,341.08,373.21
2025-03,2025-03-01,21,Potatoes 1 Kg,Potatoes,Potatoes,Vegetables,1 Kg,62.95,2025-03_Annexure1.pdf,79.09,75.7,64.8,62.35,65.05,53.13,52.33,61.04,61.41,67.84,56.3,51.15,53.13,83.53,60.77,54.38,81.5
2025-03,2025-03-01,22,Onions 1 Kg,Onions,Onions,Vegetables,1 Kg,69.8,2025-03_Annexure1.pdf,94.1,87.95,74.81,73.85,71.9,58.21,56.23,62.97,72.84,69.13,56.58,53.82,60.28,90.65,72.87,64.48,83.03
2025-03,2025-03-01,23,Tomatoes 1 Kg,Tomatoes,Tomatoes,Vegetables,1 Kg,73.04,2025-03_Annexure1.pdf,108.19,99.42,101.94,86.8,83.41,83.24,81.81,70.56,94.32,50.18,37.61,48.99,50.42,96.32,65.15,61.45,74.05
2025-03,2025-03-01,24,Sugar Refined 1 Kg,Sugar Refined,,Sugar & Sweeteners,1 Kg,168.4,2025-03_Annexure1.pdf,172.95,173.54,169.96,171.2,169.75,166.2,165.95,164.48,167.03,170.17,167.13,163.96,164.53,170.51,165.37,172.08,168.46
2025-03,2025-03-01,25,Gur (Average Quality) 1 Kg,Gur (Average Quality),,Sugar & Sweeteners,1 Kg,209.94,2025-03_Annexure1.pdf,254.15,246.25,200.0,214.82,214.51,200.0,200.0,207.48,175.76,249.37,233.21,184.8,171.63,222.18,200.0,209.9,206.46
2025-03,2025-03-01,26,Salt Powdered (NATIONAL/SHAN) 800 gm PacketEach,Salt Powdered (NATIONAL/SHAN) 800 gm Packet,,Condiments & Spices,Each,72.03,2025-03_Annexure1.pdf,75.67,73.84,70.0,70.0,70.0,70.0,80.0,70.0,70.0,76.36,70.0,70.0,70.0,70.0,70.0,80.0,70.0
2025-03,2025-03-01,27,Chilies Powder NATIONAL 200 gm PacketEach,Chilies Powder NATIONAL 200 gm Packet,,Condiments & Spices,Each,320.0,2025-03_Annexure1.pdf,320.0,320.0,320.0,320.0,320.0,320.0,320.0,320.0,320.0,320.0,320.0,320.0,320.0,320.0,320.0,320.0,320.0
2025-03,2025-03-01,28,Garlic (Lehsun) 1 Kg,Garlic (Lehsun),,Vegetables,1 Kg,625.1,2025-03_Annexure1.pdf,696.41,698.15,654.63,671.07,493.7,600.0,598.96,655.97,656.65,555.95,492.37,566.19,578.14,727.82,695.69,612.62,748.89
2025-03,2025-03-01,29,Tea Lipton Yellow Label 190 gm PacketEach,Tea Lipton Yellow Label 190 gm Packet,,Beverages,Each,456.48,2025-03_Annexure1.pdf,447.06,447.05,447.05,447.05,447.06,447.5,447.06,447.05,447.0,447.06,469.29,499.82,447.05,447.0,447.0,542.85,447.05
2025-03,2025-03-01,30,Cooked Beef at Average Hotel Per Plate,Cooked Beef at Average Hotel,,Food Away from Home,Per Plate,300.67,2025-03_Annexure1.pdf,344.81,310.75,450.0,350.0,281.76,315.82,300.0,300.0,273.17,353.92,301.62,200.0,240.0,239.57,250.0,344.98,343.2
2025-03,2025-03-01,31,Cooked Daal at Average Hotel Per Plate,Cooked Daal at Average Hotel,,Food Away from Home,Per Plate,163.53,2025-03_Annexure1.pdf,241.4,220.86,150.0,170.0,194.15,176.14,150.0,141.08,136.58,182.46,172.25,154.92,120.0,133.72,130.0,162.35,193.1
2025-03,2025-03-01,32,Tea Prepared Ordinary Per Cup,Tea Prepared Ordinary,,Food Away from Home,Per Cup,61.19,2025-03_Annexure1.pdf,70.0,68.58,60.0,50.0,60.0,63.16,60.0,76.52,50.0,69.67,71.45,60.0,70.0,47.37,50.0,76.09,50.0
2025-03,2025-03-01,33,Cigarettes Capstan 20'S Packet Each,Cigarettes Capstan 20'S Packet,,Tobacco,Each,237.37,2025-03_Annexure1.pdf,245.7,244.5,230.0,230.0,230.0,230.0,240.0,240.0,226.62,247.39,250.0,236.2,220.0,250.0,250.0,244.95,223.28
2025-03,2025-03-01,34,"Long Cloth 57"" Gul Ahmed/Al Karam 1 mtr","Long Cloth 57"" Gul Ahmed/Al Karam",,Textiles & Apparel,1 mtr,624.42,2025-03_Annexure1.pdf,679.43,664.2,667.0,660.0,678.0,497.4,700.0,758.0,793.28,726.84,503.28,500.0,516.14,642.0,700.0,697.01,400.0
2025-03,2025-03-01,35,Shirting (Average Quality) 1 mtr,Shirting (Average Quality),,Textiles & Apparel,1 mtr,480.14,2025-03_Annexure1.pdf,701.62,654.44,500.0,450.0,428.7,866.35,600.0,520.7,586.59,624.47,464.76,229.58,313.19,656.62,476.22,229.85,363.21
2025-03,2025-03-01,36,Lawn Printed Gul Ahmed/Al Karam 1 mtr,Lawn Printed Gul Ahmed/Al Karam,,Textiles & Apparel,1 mtr,625.03,2025-03_Annexure1.pdf,579.0,531.95,748.0,650.0,784.81,615.92,714.0,655.0,818.89,662.91,494.92,550.0,532.8,702.0,650.0,697.01,400.0
2025-03,2025-03-01,37,Georgette (Average Quality) 1 mtr,Georgette (Average Quality),,Textiles & Apparel,1 mtr,296.92,2025-03_Annexure1.pdf,394.66,378.24,250.0,300.0,349.32,350.0,400.0,327.54,300.0,335.32,311.51,206.46,265.66,239.86,236.44,219.62,282.31
2025-03,2025-03-01,38,Gents Sandal Bata Pair,Gents Sandal Bata,,Footwear,Pair,2499.0,2025-03_Annexure1.pdf,2499.0,2499.0,2499.0,2499.0,2499.0,2499.0,2499.0,2499.0,2499.0,2499.0,2499.0,2499.0,2499.0,2499.0,2499.0,2499.0,2499.0
2025-03,2025-03-01,39,Gents Sponge Chappal Bata Pair,Gents Sponge Chappal Bata,,Footwear,Pair,599.0,2025-03_Annexure1.pdf,599.0,599.0,599.0,599.0,599.0,599.0,599.0,599.0,599.0,599.0,599.0,599.0,599.0,599.0,599.0,599.0,599.0
2025-03,2025-03-01,40,Ladies Sandal Bata Pair,Ladies Sandal Bata,,Footwear,Pair,1399.0,2025-03_Annexure1.pdf,1399.0,1399.0,1399.0,1399.0,1399.0,1399.0,1399.0,1399.0,1399.0,1399.0,1399.0,1399.0,1399.0,1399.0,1399.0,1399.0,1399.0
2025-03,2025-03-01,41,Electricity Charges upto 50 Units Per Unit,Electricity Charges upto 50 Units,,Energy & Utilities,Per Unit,6.0,2025-03_Annexure1.pdf,6.0,6.0,6.0,6.0,6.0,6.0,6.0,6.0,6.0,6.0,6.0,6.0,6.0,6.0,6.0,6.0,6.0
2025-03,2025-03-01,42,Gas Charges upto,Gas Charges upto 3.3719 MMBTU,,Energy & Utilities,MMBTU,1976.5,2025-03_Annexure1.pdf,3.3719,1976.5,1976.5,1976.5,1976.5,1976.5,1976.5,1976.5,1976.5,1976.5,1976.5,1976.5,1976.5,1976.5,1976.5,1976.5,1976.5
2025-03,2025-03-01,43,Firewood Whole 40 Kg,Firewood Whole,,Energy & Utilities,40 Kg,1318.7,2025-03_Annexure1.pdf,2089.01,1651.22,1500.0,1500.0,1685.54,1800.0,1250.0,1440.97,1600.0,1343.26,1066.41,900.0,883.01,1185.27,849.02,1374.16,1032.28
2025-03,2025-03-01,44,Energy Saver Philips 14 Watt Each,Energy Saver Philips 14 Watt,,Household Goods,Each,380.86,2025-03_Annexure1.pdf,276.63,260.4,550.0,575.0,500.0,400.0,580.0,575.0,272.7,350.0,350.0,300.0,370.0,350.0,250.0,350.0,432.67
2025-03,2025-03-01,45,Sufi Washing Soap 250 gm Cake Each,Sufi Washing Soap 250 gm Cake,,Personal & Household Care,Each,132.0,2025-03_Annexure1.pdf,140.0,140.0,130.0,130.0,130.0,130.0,130.0,133.0,140.0,130.0,130.0,138.0,120.0,130.0,130.0,140.0,125.0
2025-03,2025-03-01,46,Match Box Each,Match Box,,Household Goods,Each,6.24,2025-03_Annexure1.pdf,6.0,6.0,7.0,5.0,6.32,7.0,6.0,7.0,7.0,7.0,6.56,6.0,7.0,7.0,5.0,5.97,5.0
2025-03,2025-03-01,47,Petrol Super Per Litre,Petrol Super,,Fuel & Transport,Per Litre,256.77,2025-03_Annexure1.pdf,256.56,256.58,256.6,256.75,256.5,256.1,256.85,256.63,257.12,256.64,257.8,256.56,256.9,256.6,257.8,256.6,256.56
2025-03,2025-03-01,48,Hi-Speed Diesel Per Litre,Hi-Speed Diesel,,Fuel & Transport,Per Litre,259.82,2025-03_Annexure1.pdf,259.57,259.58,259.6,259.76,259.57,259.57,259.86,259.63,260.12,259.65,260.89,259.57,259.91,259.59,260.8,259.75,259.57
2025-03,2025-03-01,49,LPG,LPG 11.67 kg Cylinder,,Energy & Utilities,Each,2917.5,2025-03_Annexure1.pdf,11.67,3408.03,3483.6,3501.0,3597.84,3276.48,3318.1,3224.71,3380.46,3346.67,3174.08,3154.78,3267.69,3192.88,3258.4,3123.96,3286.99
2025-03,2025-03-01,50,Telephone Call Charges Per Minute,Telephone Call Charges,,Communication,Per Minute,1.79,2025-03_Annexure1.pdf,1.79,1.79,1.79,1.79,1.79,1.79,1.79,1.79,1.79,1.79,1.79,1.79,1.79,1.79,1.79,1.79,1.79
2025-03,2025-03-01,51,Toilet Soap LIFEBUOY 115 gm Each,Toilet Soap LIFEBUOY 115 gm,,Personal & Household Care,Each,108.6,2025-03_Annexure1.pdf,116.17,116.17,99.74,119.0,99.74,99.74,117.47,113.85,116.17,115.64,99.74,110.0,118.6,99.74,99.74,99.74,110.0
2025-04,2025-04-01,1,Wheat Flour Bag 20 Kg,Wheat Flour Bag,,Cereals & Grains,20 Kg,1642.33,2025-04_Annexure1.pdf,1711.08,1704.91,1596.84,1625.63,1553.83,1552.51,1714.93,1547.68,1604.7,1652.93,1760.79,1510.97,1544.22,1650.92,1582.56,1787.46,1864.43
2025-04,2025-04-01,2,Rice Basmati Broken (Average Quality)1 Kg,Rice Basmati Broken (Average Quality),,Cereals & Grains,1 Kg,201.12,2025-04_Annexure1.pdf,253.13,233.2,163.27,170.0,185.6,220.0,160.0,193.1,186.43,270.73,205.66,184.8,236.62,216.46,132.43,263.6,203.28
2025-04,2025-04-01,3,Rice IRRI-6/9 (Sindh/Punjab) 1 Kg,Rice IRRI-6/9 (Sindh/Punjab),,Cereals & Grains,1 Kg,-1.32,2025-04_Annexure1.pdf,171.14,148.93,160.0,170.0,158.86,170.0,178.75,146.54,154.77,116.57,130.93,164.76,177.33,150.0,156.05,158.13,170.42
2025-04,2025-04-01,4,Bread plain (Small Size) Each,Bread plain (Small Size),,Bakery & Confectionery,Each,108.68,2025-04_Annexure1.pdf,110.0,110.0,110.0,100.0,110.0,110.0,107.41,110.0,110.0,110.0,120.0,110.0,112.92,100.0,100.0,120.0,100.0
2025-04,2025-04-01,5,Beef with Bone (Average Quality) 1 Kg,Beef with Bone (Average Quality),,Meat & Poultry,1 Kg,1083.18,2025-04_Annexure1.pdf,1343.3,1347.21,1100.0,1100.0,1068.31,1200.0,950.0,1188.7,983.05,1277.54,1155.77,900.0,1098.48,1006.13,850.0,999.87,1000.0
2025-04,2025-04-01,6,Mutton (Average Quality) 1 Kg,Mutton (Average Quality),,Meat & Poultry,1 Kg,2005.38,2025-04_Annexure1.pdf,2350.79,2338.53,2100.0,2100.0,2232.84,2200.0,1900.0,2166.15,1832.73,2154.54,1949.36,1649.24,2000.0,2014.14,1600.0,1973.8,1733.17
2025-04,2025-04-01,7,Chicken Farm Broiler (Live) 1 Kg,Chicken Farm Broiler (Live),,Meat & Poultry,1 Kg,459.64,2025-04_Annexure1.pdf,450.24,449.37,427.02,429.38,409.41,434.58,437.67,434.39,423.3,516.6,495.24,464.92,461.1,450.03,454.41,522.84,585.64
2025-04,2025-04-01,8,Milk fresh (Un-boiled) 1 Ltr,Milk fresh (Un-boiled),,Dairy & Eggs,1 Ltr,198.39,2025-04_Annexure1.pdf,224.04,216.86,200.0,170.0,187.7,200.0,160.0,189.94,173.27,220.0,218.32,200.0,243.29,233.85,160.0,200.0,200.0
2025-04,2025-04-01,9,Curd (Dahi) Loose 1 Kg,Curd (Dahi) Loose,,Dairy & Eggs,1 Kg,230.54,2025-04_Annexure1.pdf,240.41,241.06,220.0,180.0,220.47,240.0,200.0,225.5,200.0,335.48,314.88,220.0,274.61,255.22,170.0,220.0,220.0
2025-04,2025-04-01,10,Powdered Milk NIDO 390 gm PolybagEach,Powdered Milk NIDO 390 gm Polybag,,Dairy & Eggs,Each,1036.87,2025-04_Annexure1.pdf,1077.37,1057.92,1030.0,1030.0,1027.56,1040.0,1040.0,1030.0,1030.0,1015.66,1061.66,1030.0,1030.0,1052.21,1016.4,1030.0,1030.0
2025-04,2025-04-01,11,Eggs Hen (Farm) 1 Dozen,Eggs Hen (Farm),,Dairy & Eggs,1 Dozen,238.49,2025-04_Annexure1.pdf,242.32,238.01,224.91,229.68,227.19,238.3,226.94,216.44,224.92,249.81,235.04,234.73,250.76,238.68,256.41,255.75,271.02
2025-04,2025-04-01,12,Mustard Oil (Average Quality) 1 Kg,Mustard Oil (Average Quality),,Oils & Fats,1 Kg,544.81,2025-04_Annexure1.pdf,643.22,633.89,520.0,529.71,541.79,554.98,564.68,580.0,500.0,559.41,455.43,397.48,503.95,636.01,516.14,597.21,593.26
2025-04,2025-04-01,13,"Cooking Oil DALDA or Other Similar Brand (SN), 5 Litre TinEach","Cooking Oil DALDA or Other Similar Brand (SN), 5 Litre Tin",,Oils & Fats,Each,2915.46,2025-04_Annexure1.pdf,2889.89,2889.89,2915.0,2945.0,2915.0,2915.0,2915.0,2915.0,2922.47,2915.9,2915.0,2929.96,2915.0,2900.3,2945.0,2915.0,2904.98
2025-04,2025-04-01,14,Vegetable Ghee DALDA/HABIB 2.5 kg TinEach,Vegetable Ghee DALDA/HABIB 2.5 kg Tin,,Oils & Fats,Each,1483.45,2025-04_Annexure1.pdf,1472.45,1472.45,1485.0,1485.0,1485.0,1485.0,1485.0,1515.0,1494.9,1485.0,1485.0,1525.0,1485.0,1474.13,1441.62,1485.0,1460.0
2025-04,2025-04-01,15,Vegetable Ghee DALDA/HABIB or Other superior Quality 1 kg PouchEach,Vegetable Ghee DALDA/HABIB or Other superior Quality 1 kg Pouch,,Oils & Fats,Each,576.21,2025-04_Annexure1.pdf,573.98,573.98,579.0,579.0,579.0,570.0,579.0,579.0,579.0,579.0,579.0,584.47,579.0,576.45,560.0,579.0,567.23
2025-04,2025-04-01,16,Bananas (Kela) Local 1 Dozen,Bananas (Kela) Local,,Fruits,1 Dozen,184.4,2025-04_Annexure1.pdf,327.25,308.06,201.73,211.47,194.59,165.1,151.62,252.84,213.12,143.54,142.12,165.1,118.76,200.56,192.14,123.61,153.27
2025-04,2025-04-01,17,Pulse Masoor (Washed) 1 Kg,Pulse Masoor (Washed),Pulse Masoor (Washed),Pulses & Legumes,1 Kg,294.42,2025-04_Annexure1.pdf,348.79,347.96,270.0,280.0,280.83,295.76,280.0,324.88,263.29,293.36,292.75,275.0,280.0,287.35,280.0,337.34,286.51
2025-04,2025-04-01,18,Pulse Moong (Washed) 1 Kg,Pulse Moong (Washed),Pulse Moong (Washed),Pulses & Legumes,1 Kg,396.42,2025-04_Annexure1.pdf,432.27,398.54,390.0,390.0,389.48,348.19,400.0,403.45,393.31,393.61,411.55,400.0,348.2,405.47,394.9,452.37,400.0
2025-04,2025-04-01,19,Pulse Mash (Washed) 1 Kg,Pulse Mash (Washed),Pulse Mash (Washed),Pulses & Legumes,1 Kg,463.56,2025-04_Annexure1.pdf,503.75,489.9,420.0,420.0,461.0,479.19,480.0,471.03,443.31,411.97,424.72,454.92,533.25,443.31,489.9,504.94,469.78
2025-04,2025-04-01,20,Pulse Gram 1 Kg,Pulse Gram,Pulse Gram,Pulses & Legumes,1 Kg,309.17,2025-04_Annexure1.pdf,364.63,358.46,281.31,292.2,277.19,300.0,274.12,304.33,281.49,304.67,295.75,293.18,314.91,318.08,308.2,337.41,373.21
2025-04,2025-04-01,21,Potatoes 1 Kg,Potatoes,Potatoes,Vegetables,1 Kg,63.61,2025-04_Annexure1.pdf,71.21,70.94,60.0,60.77,58.07,50.0,54.77,61.04,63.98,71.16,68.75,56.46,57.56,79.93,60.0,64.48,81.2
2025-04,2025-04-01,22,Onions 1 Kg,Onions,Onions,Vegetables,1 Kg,56.54,2025-04_Annexure1.pdf,81.76,75.76,64.47,60.77,53.42,43.28,52.33,51.4,57.32,61.22,48.15,42.29,37.25,76.07,56.33,46.33,77.38
2025-04,2025-04-01,23,Tomatoes 1 Kg,Tomatoes,Tomatoes,Vegetables,1 Kg,64.93,2025-04_Annexure1.pdf,100.64,97.49,79.47,87.12,71.24,68.13,74.01,61.48,69.1,58.12,43.86,38.34,31.09,94.04,58.96,52.8,70.3
2025-04,2025-04-01,24,Sugar Refined 1 Kg,Sugar Refined,,Sugar & Sweeteners,1 Kg,168.63,2025-04_Annexure1.pdf,170.62,171.65,170.0,170.0,167.95,165.0,164.0,166.57,168.74,171.09,168.11,165.0,167.9,172.17,165.0,172.86,170.41
2025-04,2025-04-01,25,Gur (Average Quality) 1 Kg,Gur (Average Quality),,Sugar & Sweeteners,1 Kg,212.91,2025-04_Annexure1.pdf,260.2,249.29,217.22,220.0,214.51,200.0,200.0,207.48,178.24,249.22,233.21,180.0,191.59,222.18,200.0,209.9,206.46
2025-04,2025-04-01,26,Salt Powdered (NATIONAL/SHAN) 800 gm PacketEach,Salt Powdered (NATIONAL/SHAN) 800 gm Packet,,Condiments & Spices,Each,72.27,2025-04_Annexure1.pdf,75.67,73.84,70.0,70.0,70.0,70.0,80.0,70.0,74.01,76.52,70.0,70.0,70.0,70.0,70.0,80.0,70.0
2025-04,2025-04-01,27,Chilies Powder NATIONAL 200 gm PacketEach,Chilies Powder NATIONAL 200 gm Packet,,Condiments & Spices,Each,320.0,2025-04_Annexure1.pdf,320.0,320.0,320.0,320.0,320.0,320.0,320.0,320.0,320.0,320.0,320.0,320.0,320.0,320.0,320.0,320.0,320.0
2025-04,2025-04-01,28,Garlic (Lehsun) 1 Kg,Garlic (Lehsun),,Vegetables,1 Kg,463.02,2025-04_Annexure1.pdf,586.99,611.49,293.16,310.79,317.6,391.2,511.7,456.17,601.42,441.53,356.08,436.3,403.37,606.43,595.79,515.15,703.4
2025-04,2025-04-01,29,Tea Lipton Yellow Label 190 gm PacketEach,Tea Lipton Yellow Label 190 gm Packet,,Beverages,Each,452.21,2025-04_Annexure1.pdf,447.06,447.05,447.05,447.05,447.06,447.5,447.06,447.05,447.0,447.06,447.06,447.05,447.05,447.0,447.0,542.85,447.05
2025-04,2025-04-01,30,Cooked Beef at Average Hotel Per Plate,Cooked Beef at Average Hotel,,Food Away from Home,Per Plate,303.11,2025-04_Annexure1.pdf,351.73,328.22,450.0,350.0,281.76,315.82,300.0,300.0,290.85,353.92,301.62,200.0,240.0,239.57,250.0,344.98,343.2
2025-04,2025-04-01,31,Cooked Daal at Average Hotel Per Plate,Cooked Daal at Average Hotel,,Food Away from Home,Per Plate,163.98,2025-04_Annexure1.pdf,241.4,220.86,150.0,170.0,194.15,176.14,150.0,141.08,143.13,182.46,172.25,154.92,120.0,133.72,130.0,162.35,193.1
2025-04,2025-04-01,32,Tea Prepared Ordinary Per Cup,Tea Prepared Ordinary,,Food Away from Home,Per Cup,61.13,2025-04_Annexure1.pdf,70.0,68.58,60.0,50.0,60.0,63.16,60.0,76.52,50.0,69.83,71.45,60.0,70.0,47.37,50.0,74.83,50.0
2025-04,2025-04-01,33,Cigarettes Capstan 20'S Packet Each,Cigarettes Capstan 20'S Packet,,Tobacco,Each,238.75,2025-04_Annexure1.pdf,249.57,244.5,230.0,230.0,234.95,230.0,240.0,240.0,230.0,249.84,250.0,240.0,220.0,250.0,250.0,244.95,228.12
2025-04,2025-04-01,34,"Long Cloth 57"" Gul Ahmed/Al Karam 1 mtr","Long Cloth 57"" Gul Ahmed/Al Karam",,Textiles & Apparel,1 mtr,638.53,2025-04_Annexure1.pdf,688.24,676.99,667.0,660.0,678.0,553.24,700.0,800.0,793.28,726.84,504.9,500.0,577.58,642.0,700.0,748.89,400.0
2025-04,2025-04-01,35,Shirting (Average Quality) 1 mtr,Shirting (Average Quality),,Textiles & Apparel,1 mtr,489.0,2025-04_Annexure1.pdf,701.62,654.44,547.72,450.0,428.7,866.35,600.0,520.7,586.59,626.58,464.76,229.58,388.83,656.62,476.22,229.85,363.21
2025-04,2025-04-01,36,Lawn Printed Gul Ahmed/Al Karam 1 mtr,Lawn Printed Gul Ahmed/Al Karam,,Textiles & Apparel,1 mtr,646.25,2025-04_Annexure1.pdf,632.11,578.17,748.0,650.0,784.81,666.26,714.0,738.46,818.89,688.36,496.19,550.0,580.69,702.0,650.0,748.89,400.0
2025-04,2025-04-01,37,Georgette (Average Quality) 1 mtr,Georgette (Average Quality),,Textiles & Apparel,1 mtr,299.91,2025-04_Annexure1.pdf,394.66,378.24,250.0,300.0,349.32,350.0,400.0,327.54,300.0,336.11,311.51,206.46,297.19,239.86,250.0,219.62,282.31
2025-04,2025-04-01,38,Gents Sandal Bata Pair,Gents Sandal Bata,,Footwear,Pair,2499.0,2025-04_Annexure1.pdf,2499.0,2499.0,2499.0,2499.0,2499.0,2499.0,2499.0,2499.0,2499.0,2499.0,2499.0,2499.0,2499.0,2499.0,2499.0,2499.0,2499.0
2025-04,2025-04-01,39,Gents Sponge Chappal Bata Pair,Gents Sponge Chappal Bata,,Footwear,Pair,599.0,2025-04_Annexure1.pdf,599.0,599.0,599.0,599.0,599.0,599.0,599.0,599.0,599.0,599.0,599.0,599.0,599.0,599.0,599.0,599.0,599.0
2025-04,2025-04-01,40,Ladies Sandal Bata Pair,Ladies Sandal Bata,,Footwear,Pair,1399.0,2025-04_Annexure1.pdf,1399.0,1399.0,1399.0,1399.0,1399.0,1399.0,1399.0,1399.0,1399.0,1399.0,1399.0,1399.0,1399.0,1399.0,1399.0,1399.0,1399.0
2025-04,2025-04-01,41,Electricity Charges upto 50 Units Per Unit,Electricity Charges upto 50 Units,,Energy & Utilities,Per Unit,5.69,2025-04_Annexure1.pdf,5.69,5.69,5.69,5.69,5.69,5.69,5.69,5.69,5.69,5.69,5.69,5.69,5.69,5.69,5.69,5.69,5.69
2025-04,2025-04-01,42,Gas Charges upto,Gas Charges upto 3.3719 MMBTU,,Energy & Utilities,MMBTU,1976.5,2025-04_Annexure1.pdf,3.3719,1976.5,1976.5,1976.5,1976.5,1976.5,1976.5,1976.5,1976.5,1976.5,1976.5,1976.5,1976.5,1976.5,1976.5,1976.5,1976.5
2025-04,2025-04-01,43,Firewood Whole 40 Kg,Firewood Whole,,Energy & Utilities,40 Kg,1316.72,2025-04_Annexure1.pdf,2089.01,1651.22,1500.0,1500.0,1671.89,1800.0,1250.0,1440.97,1600.0,1336.76,1066.41,900.0,898.66,1171.18,849.02,1349.38,1032.28
2025-04,2025-04-01,44,Energy Saver Philips 14 Watt Each,Energy Saver Philips 14 Watt,,Household Goods,Each,380.86,2025-04_Annexure1.pdf,276.63,260.4,550.0,575.0,500.0,400.0,580.0,575.0,272.7,350.0,350.0,300.0,370.0,350.0,250.0,350.0,432.67
2025-04,2025-04-01,45,Sufi Washing Soap 250 gm Cake Each,Sufi Washing Soap 250 gm Cake,,Personal & Household Care,Each,132.0,2025-04_Annexure1.pdf,140.0,140.0,130.0,130.0,130.0,130.0,130.0,133.0,140.0,130.0,130.0,138.0,120.0,130.0,130.0,140.0,125.0
2025-04,2025-04-01,46,Match Box Each,Match Box,,Household Goods,Each,6.24,2025-04_Annexure1.pdf,6.0,6.0,7.0,5.0,6.32,7.0,6.0,7.0,7.0,7.0,6.56,6.0,7.0,7.0,5.0,5.97,5.0
2025-04,2025-04-01,47,Petrol Super Per Litre,Petrol Super,,Fuel & Transport,Per Litre,255.92,2025-04_Annexure1.pdf,255.55,255.58,255.6,255.74,255.55,255.6,255.84,255.65,256.2,255.63,256.78,255.56,256.9,255.6,256.8,255.6,256.55
2025-04,2025-04-01,48,Hi-Speed Diesel Per Litre,Hi-Speed Diesel,,Fuel & Transport,Per Litre,259.82,2025-04_Annexure1.pdf,259.57,259.58,259.6,259.76,259.57,259.57,259.86,259.63,260.12,259.65,260.89,259.57,259.91,259.59,260.8,259.75,259.57
2025-04,2025-04-01,49,LPG,LPG 11.67 kg Cylinder,,Energy & Utilities,Each,2917.5,2025-04_Annexure1.pdf,11.67,3546.26,3558.85,3501.0,3714.41,3344.28,3380.49,3212.04,3350.88,3382.16,3167.27,3218.46,3413.39,3246.66,3239.81,3182.85,3149.44
2025-04,2025-04-01,50,Telephone Call Charges Per Minute,Telephone Call Charges,,Communication,Per Minute,1.79,2025-04_Annexure1.pdf,1.79,1.79,1.79,1.79,1.79,1.79,1.79,1.79,1.79,1.79,1.79,1.79,1.79,1.79,1.79,1.79,1.79
2025-04,2025-04-01,51,Toilet Soap LIFEBUOY 115 gm Each,Toilet Soap LIFEBUOY 115 gm,,Personal & Household Care,Each,109.79,2025-04_Annexure1.pdf,116.17,116.17,105.44,119.0,99.74,109.22,117.47,113.85,116.17,115.64,103.62,110.0,118.6,99.74,99.74,99.74,110.0
2025-05,2025-05-01,1,Wheat Flour Bag 20 Kg,Wheat Flour Bag,,Cereals & Grains,20 Kg,1509.29,2025-05_Annexure1.pdf,1636.08,1605.05,1450.0,1433.11,1404.22,1400.0,1539.96,1482.96,1438.32,1570.64,1633.92,1424.9,1489.97,1506.6,1406.37,1614.88,1665.75
2025-05,2025-05-01,2,Rice Basmati Broken (Average Quality)1 Kg,Rice Basmati Broken (Average Quality),,Cereals & Grains,1 Kg,199.98,2025-05_Annexure1.pdf,253.13,233.2,163.27,170.0,185.6,204.82,160.81,193.1,186.43,271.47,205.66,180.0,236.62,204.38,140.0,262.34,203.28
2025-05,2025-05-01,3,Rice IRRI-6/9 (Sindh/Punjab) 1 Kg,Rice IRRI-6/9 (Sindh/Punjab),,Cereals & Grains,1 Kg,-1.71,2025-05_Annexure1.pdf,171.14,148.93,160.0,170.81,158.86,170.0,174.23,146.54,150.0,115.73,125.49,150.0,159.87,150.0,152.75,155.4,167.29
2025-05,2025-05-01,4,Bread plain (Small Size) Each,Bread plain (Small Size),,Bakery & Confectionery,Each,108.83,2025-05_Annexure1.pdf,110.0,110.0,110.0,110.0,110.0,110.0,100.0,110.0,110.0,110.0,120.0,110.0,112.92,100.0,100.0,120.0,100.0
2025-05,2025-05-01,5,Beef with Bone (Average Quality) 1 Kg,Beef with Bone (Average Quality),,Meat & Poultry,1 Kg,1105.87,2025-05_Annexure1.pdf,1378.95,1372.98,1100.0,1100.0,1068.31,1200.0,1008.17,1197.16,1000.0,1286.4,1158.85,1000.0,1132.37,1027.61,900.0,999.87,1000.0
2025-05,2025-05-01,6,Mutton (Average Quality) 1 Kg,Mutton (Average Quality),,Meat & Poultry,1 Kg,2026.24,2025-05_Annexure1.pdf,2385.18,2382.02,2100.0,2100.0,2232.84,2200.0,2015.07,2231.25,1832.73,2157.65,1970.41,1700.0,2000.0,2019.61,1600.0,1973.8,1749.52
2025-05,2025-05-01,7,Chicken Farm Broiler (Live) 1 Kg,Chicken Farm Broiler (Live),,Meat & Poultry,1 Kg,456.48,2025-05_Annexure1.pdf,441.72,442.32,430.81,430.81,425.69,439.98,449.21,447.35,426.29,499.48,480.18,468.38,456.01,444.18,460.3,489.58,543.9
2025-05,2025-05-01,8,Milk fresh (Un-boiled) 1 Ltr,Milk fresh (Un-boiled),,Dairy & Eggs,1 Ltr,198.65,2025-05_Annexure1.pdf,224.04,216.86,200.0,170.0,187.93,200.0,160.0,194.09,173.27,220.0,218.32,200.0,243.29,233.85,160.0,200.0,200.0
2025-05,2025-05-01,9,Curd (Dahi) Loose 1 Kg,Curd (Dahi) Loose,,Dairy & Eggs,1 Kg,231.51,2025-05_Annexure1.pdf,241.64,241.06,220.0,180.0,220.47,240.0,200.0,225.5,204.83,335.48,314.88,220.0,286.51,255.22,170.0,220.0,220.0
2025-05,2025-05-01,10,Powdered Milk NIDO 390 gm PolybagEach,Powdered Milk NIDO 390 gm Polybag,,Dairy & Eggs,Each,1050.82,2025-05_Annexure1.pdf,1094.3,1089.33,1082.07,1082.07,1082.07,1040.0,1049.86,1030.0,1030.0,1038.83,1061.66,1030.0,1030.0,1052.21,1016.4,1030.0,1030.0
2025-05,2025-05-01,11,Eggs Hen (Farm) 1 Dozen,Eggs Hen (Farm),,Dairy & Eggs,1 Dozen,295.78,2025-05_Annexure1.pdf,296.25,294.66,300.99,296.59,286.14,295.33,283.07,293.26,293.41,298.81,294.87,299.4,305.08,310.99,304.54,310.3,267.53
2025-05,2025-05-01,12,Mustard Oil (Average Quality) 1 Kg,Mustard Oil (Average Quality),,Oils & Fats,1 Kg,527.64,2025-05_Annexure1.pdf,643.22,633.89,520.0,500.0,541.79,554.98,491.58,580.0,500.0,541.68,423.16,374.97,468.98,629.68,466.08,597.21,593.26
2025-05,2025-05-01,13,"Cooking Oil DALDA or Other Similar Brand (SN), 5 Litre TinEach","Cooking Oil DALDA or Other Similar Brand (SN), 5 Litre Tin",,Oils & Fats,Each,2898.98,2025-05_Annexure1.pdf,2865.0,2865.0,2877.42,2945.0,2877.42,2902.42,2877.42,2915.0,2906.61,2915.9,2915.0,2945.0,2915.0,2838.28,2945.0,2865.0,2915.0
2025-05,2025-05-01,14,Vegetable Ghee DALDA/HABIB 2.5 kg TinEach,Vegetable Ghee DALDA/HABIB 2.5 kg Tin,,Oils & Fats,Each,1472.38,2025-05_Annexure1.pdf,1460.0,1460.0,1466.21,1485.0,1466.21,1485.0,1466.21,1485.0,1485.0,1469.99,1485.0,1514.9,1485.0,1449.15,1425.0,1485.0,1460.0
2025-05,2025-05-01,15,Vegetable Ghee DALDA/HABIB or Other superior Quality 1 kg PouchEach,Vegetable Ghee DALDA/HABIB or Other superior Quality 1 kg Pouch,,Oils & Fats,Each,568.4,2025-05_Annexure1.pdf,569.0,569.0,569.0,569.0,571.48,560.0,569.0,569.0,569.0,570.43,579.0,579.0,579.0,563.0,550.0,579.0,550.0
2025-05,2025-05-01,16,Bananas (Kela) Local 1 Dozen,Bananas (Kela) Local,,Fruits,1 Dozen,176.55,2025-05_Annexure1.pdf,298.2,283.65,184.8,160.0,201.89,165.1,159.95,276.08,188.08,128.91,118.26,165.1,104.66,193.4,200.0,124.43,179.26
2025-05,2025-05-01,17,Pulse Masoor (Washed) 1 Kg,Pulse Masoor (Washed),Pulse Masoor (Washed),Pulses & Legumes,1 Kg,293.92,2025-05_Annexure1.pdf,348.79,347.96,271.61,270.0,280.83,295.76,279.15,327.72,263.29,292.75,291.5,275.0,280.0,297.19,277.47,329.94,286.51
2025-05,2025-05-01,18,Pulse Moong (Washed) 1 Kg,Pulse Moong (Washed),Pulse Moong (Washed),Pulses & Legumes,1 Kg,400.82,2025-05_Annexure1.pdf,432.27,398.54,384.11,390.0,389.48,371.66,400.82,407.7,393.31,393.15,414.5,414.91,389.69,395.23,389.87,439.95,414.73
2025-05,2025-05-01,19,Pulse Mash (Washed) 1 Kg,Pulse Mash (Washed),Pulse Mash (Washed),Pulses & Legumes,1 Kg,457.78,2025-05_Annexure1.pdf,503.75,489.9,420.0,420.0,458.52,479.19,480.0,471.03,434.14,410.04,430.28,440.0,509.25,426.31,474.92,482.39,469.78
2025-05,2025-05-01,20,Pulse Gram 1 Kg,Pulse Gram,Pulse Gram,Pulses & Legumes,1 Kg,314.58,2025-05_Annexure1.pdf,364.63,358.46,281.64,290.0,274.72,291.95,291.5,317.55,292.47,308.54,297.47,306.52,324.89,327.17,329.05,339.94,373.21
2025-05,2025-05-01,21,Potatoes 1 Kg,Potatoes,Potatoes,Vegetables,1 Kg,62.85,2025-05_Annexure1.pdf,81.96,72.37,61.56,61.56,61.31,52.65,50.76,60.0,62.36,68.07,56.85,52.33,49.44,75.95,62.95,62.02,91.12
2025-05,2025-05-01,22,Onions 1 Kg,Onions,Onions,Vegetables,1 Kg,45.51,2025-05_Annexure1.pdf,69.36,60.8,52.95,44.72,46.65,38.13,42.29,39.05,39.05,49.07,44.04,36.34,30.71,54.71,42.3,39.47,60.98
2025-05,2025-05-01,23,Tomatoes 1 Kg,Tomatoes,Tomatoes,Vegetables,1 Kg,49.05,2025-05_Annexure1.pdf,72.45,69.13,56.5,51.54,46.52,50.0,48.23,47.59,43.13,62.71,60.68,31.3,16.35,62.52,44.72,48.52,62.1
2025-05,2025-05-01,24,Sugar Refined 1 Kg,Sugar Refined,,Sugar & Sweeteners,1 Kg,174.19,2025-05_Annexure1.pdf,178.63,179.19,175.0,178.7,172.45,172.44,171.74,172.11,170.0,176.55,174.87,168.74,170.0,179.98,170.0,177.11,174.33
2025-05,2025-05-01,25,Gur (Average Quality) 1 Kg,Gur (Average Quality),,Sugar & Sweeteners,1 Kg,219.56,2025-05_Annexure1.pdf,260.2,249.29,234.95,230.0,225.56,209.76,200.0,223.14,196.57,252.22,234.08,199.5,194.01,222.18,200.0,209.9,206.46
2025-05,2025-05-01,26,Salt Powdered (NATIONAL/SHAN) 800 gm PacketEach,Salt Powdered (NATIONAL/SHAN) 800 gm Packet,,Condiments & Spices,Each,72.6,2025-05_Annexure1.pdf,75.67,73.84,70.0,70.0,70.0,70.0,80.0,70.0,80.0,76.52,70.0,70.0,70.0,70.0,70.0,80.0,70.0
2025-05,2025-05-01,27,Chilies Powder NATIONAL 200 gm PacketEach,Chilies Powder NATIONAL 200 gm Packet,,Condiments & Spices,Each,320.0,2025-05_Annexure1.pdf,320.0,320.0,320.0,320.0,320.0,320.0,320.0,320.0,320.0,320.0,320.0,320.0,320.0,320.0,320.0,320.0,320.0
2025-05,2025-05-01,28,Garlic (Lehsun) 1 Kg,Garlic (Lehsun),,Vegetables,1 Kg,367.18,2025-05_Annexure1.pdf,546.72,566.45,250.0,218.89,304.12,336.77,445.68,426.07,403.95,398.16,278.22,294.28,261.7,523.35,361.88,319.66,582.85
2025-05,2025-05-01,29,Tea Lipton Yellow Label 190 gm PacketEach,Tea Lipton Yellow Label 190 gm Packet,,Beverages,Each,448.35,2025-05_Annexure1.pdf,447.06,447.05,447.05,447.05,447.06,447.5,447.06,447.05,447.0,447.06,447.06,447.05,447.05,447.0,447.0,469.25,447.05
2025-05,2025-05-01,30,Cooked Beef at Average Hotel Per Plate,Cooked Beef at Average Hotel,,Food Away from Home,Per Plate,306.42,2025-05_Annexure1.pdf,354.07,334.26,450.0,350.0,291.76,315.82,300.0,319.23,309.68,353.92,301.62,200.0,240.0,239.57,250.0,344.98,343.2
2025-05,2025-05-01,31,Cooked Daal at Average Hotel Per Plate,Cooked Daal at Average Hotel,,Food Away from Home,Per Plate,164.45,2025-05_Annexure1.pdf,241.4,220.86,150.0,170.0,194.15,176.14,150.0,141.08,150.0,182.61,172.25,154.92,120.0,133.72,130.0,162.35,193.1
2025-05,2025-05-01,32,Tea Prepared Ordinary Per Cup,Tea Prepared Ordinary,,Food Away from Home,Per Cup,61.14,2025-05_Annexure1.pdf,70.0,68.58,60.0,50.0,60.0,63.16,60.0,76.52,50.0,70.0,71.45,60.0,70.0,47.37,50.0,74.83,50.0
2025-05,2025-05-01,33,Cigarettes Capstan 20'S Packet Each,Cigarettes Capstan 20'S Packet,,Tobacco,Each,240.14,2025-05_Annexure1.pdf,250.0,244.5,230.0,230.0,240.0,230.0,240.0,240.0,232.46,250.0,250.0,240.0,220.0,250.0,250.0,244.95,243.29
2025-05,2025-05-01,34,"Long Cloth 57"" Gul Ahmed/Al Karam 1 mtr","Long Cloth 57"" Gul Ahmed/Al Karam",,Textiles & Apparel,1 mtr,652.63,2025-05_Annexure1.pdf,725.41,710.19,667.0,660.0,760.37,566.19,700.0,800.0,793.28,730.27,512.99,500.0,646.33,642.0,700.0,748.89,400.0
2025-05,2025-05-01,35,Shirting (Average Quality) 1 mtr,Shirting (Average Quality),,Textiles & Apparel,1 mtr,497.93,2025-05_Annexure1.pdf,701.62,654.44,600.0,450.0,428.7,866.35,600.0,520.7,586.59,626.58,464.76,229.58,482.74,656.62,476.22,229.85,363.21
2025-05,2025-05-01,36,Lawn Printed Gul Ahmed/Al Karam 1 mtr,Lawn Printed Gul Ahmed/Al Karam,,Textiles & Apparel,1 mtr,655.02,2025-05_Annexure1.pdf,654.49,615.67,748.0,650.0,784.81,666.26,714.0,738.46,818.89,714.79,500.0,550.0,632.89,702.0,650.0,748.89,400.0
2025-05,2025-05-01,37,Georgette (Average Quality) 1 mtr,Georgette (Average Quality),,Textiles & Apparel,1 mtr,301.9,2025-05_Annexure1.pdf,394.66,378.24,250.0,300.0,349.32,350.0,400.0,327.54,300.0,336.11,311.51,206.46,332.47,239.86,250.0,219.62,282.31
2025-05,2025-05-01,38,Gents Sandal Bata Pair,Gents Sandal Bata,,Footwear,Pair,2499.0,2025-05_Annexure1.pdf,2499.0,2499.0,2499.0,2499.0,2499.0,2499.0,2499.0,2499.0,2499.0,2499.0,2499.0,2499.0,2499.0,2499.0,2499.0,2499.0,2499.0
2025-05,2025-05-01,39,Gents Sponge Chappal Bata Pair,Gents Sponge Chappal Bata,,Footwear,Pair,599.0,2025-05_Annexure1.pdf,599.0,599.0,599.0,599.0,599.0,599.0,599.0,599.0,599.0,599.0,599.0,599.0,599.0,599.0,599.0,599.0,599.0
2025-05,2025-05-01,40,Ladies Sandal Bata Pair,Ladies Sandal Bata,,Footwear,Pair,1399.0,2025-05_Annexure1.pdf,1399.0,1399.0,1399.0,1399.0,1399.0,1399.0,1399.0,1399.0,1399.0,1399.0,1399.0,1399.0,1399.0,1399.0,1399.0,1399.0,1399.0
2025-05,2025-05-01,41,Electricity Charges upto 50 Units Per Unit,Electricity Charges upto 50 Units,,Energy & Utilities,Per Unit,4.72,2025-05_Annexure1.pdf,4.72,4.72,4.72,4.72,4.72,4.72,4.72,4.72,4.72,4.72,4.72,4.72,4.72,4.72,4.72,4.72,4.72
2025-05,2025-05-01,42,Gas Charges upto,Gas Charges upto 3.3719 MMBTU,,Energy & Utilities,MMBTU,1976.5,2025-05_Annexure1.pdf,3.3719,1976.5,1976.5,1976.5,1976.5,1976.5,1976.5,1976.5,1976.5,1976.5,1976.5,1976.5,1976.5,1976.5,1976.5,1976.5,1976.5
2025-05,2025-05-01,43,Firewood Whole 40 Kg,Firewood Whole,,Energy & Utilities,40 Kg,1316.74,2025-05_Annexure1.pdf,2089.01,1651.22,1500.0,1500.0,1658.35,1800.0,1250.0,1440.97,1600.0,1324.65,1066.41,900.0,914.58,1171.18,849.02,1349.38,1032.28
2025-05,2025-05-01,44,Energy Saver Philips 14 Watt Each,Energy Saver Philips 14 Watt,,Household Goods,Each,382.16,2025-05_Annexure1.pdf,276.63,260.4,550.0,575.0,500.0,400.0,580.0,575.0,272.7,350.0,370.74,300.0,370.0,350.0,250.0,350.0,432.67
2025-05,2025-05-01,45,Sufi Washing Soap 250 gm Cake Each,Sufi Washing Soap 250 gm Cake,,Personal & Household Care,Each,132.0,2025-05_Annexure1.pdf,140.0,140.0,130.0,130.0,130.0,130.0,130.0,133.0,140.0,130.0,130.0,138.0,120.0,130.0,130.0,140.0,125.0
2025-05,2025-05-01,46,Match Box Each,Match Box,,Household Goods,Each,6.24,2025-05_Annexure1.pdf,6.0,6.0,7.0,5.0,6.32,7.0,6.0,7.0,7.0,7.0,6.56,6.0,7.0,7.0,5.0,5.97,5.0
2025-05,2025-05-01,47,Petrol Super Per Litre,Petrol Super,,Fuel & Transport,Per Litre,253.79,2025-05_Annexure1.pdf,253.55,253.57,253.6,253.74,253.55,253.58,253.84,253.65,254.11,253.63,254.67,253.55,253.89,253.6,254.8,253.63,253.55
2025-05,2025-05-01,48,Hi-Speed Diesel Per Litre,Hi-Speed Diesel,,Fuel & Transport,Per Litre,256.8,2025-05_Annexure1.pdf,256.56,256.58,256.6,256.74,256.56,256.58,256.85,256.62,257.14,256.64,257.83,256.55,256.9,256.45,257.8,256.64,256.55
2025-05,2025-05-01,49,LPG,LPG 11.67 kg Cylinder,,Energy & Utilities,Each,2917.5,2025-05_Annexure1.pdf,11.67,3424.03,3454.15,3381.21,3381.16,3296.02,3395.15,3073.89,3087.23,3243.57,2888.47,3170.06,3239.58,3129.97,2999.77,3041.0,2999.93
2025-05,2025-05-01,50,Telephone Call Charges Per Minute,Telephone Call Charges,,Communication,Per Minute,1.79,2025-05_Annexure1.pdf,1.79,1.79,1.79,1.79,1.79,1.79,1.79,1.79,1.79,1.79,1.79,1.79,1.79,1.79,1.79,1.79,1.79
2025-05,2025-05-01,51,Toilet Soap LIFEBUOY 115 gm Each,Toilet Soap LIFEBUOY 115 gm,,Personal & Household Care,Each,111.48,2025-05_Annexure1.pdf,116.17,116.17,111.47,119.0,99.74,119.6,117.47,113.85,116.17,115.64,116.17,110.0,118.6,99.74,99.74,99.74,110.0
2025-06,2025-06-01,1,Wheat Flour Bag 20 Kg,Wheat Flour Bag,,Cereals & Grains,20 Kg,1400.0,2025-06_Annexure1.pdf,1546.67,1580.95,1626.67,1546.67,1577.64,1613.33,1450.0,1450.0,1450.0,1467.0,1467.0,1467.0,1400.0,1407.59,1420.0,1400.0,1400.0
2025-06,2025-06-01,2,Rice Basmati Broken (Average Quality)1 Kg,Rice Basmati Broken (Average Quality),,Cereals & Grains,1 Kg,200.0,2025-06_Annexure1.pdf,250.0,261.51,280.0,240.0,250.57,260.0,180.0,180.0,180.0,180.0,180.0,180.0,190.0,195.97,210.0,200.0,200.0
2025-06,2025-06-01,3,Rice IRRI-6/9 (Sindh/Punjab) 1 Kg,Rice IRRI-6/9 (Sindh/Punjab),,Cereals & Grains,1 Kg,160.0,2025-06_Annexure1.pdf,160.0,178.64,200.0,150.0,161.55,180.0,0.0,0.0,0.0,0.0,0.0,0.0,0.0,0.0,0.0,160.0,160.0
2025-06,2025-06-01,4,Bread plain (Small Size) Each,Bread plain (Small Size),,Bakery & Confectionery,Each,110.0,2025-06_Annexure1.pdf,110.0,110.0,110.0,110.0,110.0,110.0,110.0,110.0,110.0,110.0,110.0,110.0,110.0,110.0,110.0,110.0,110.0
2025-06,2025-06-01,5,Beef with Bone (Average Quality) 1 Kg,Beef with Bone (Average Quality),,Meat & Poultry,1 Kg,1200.0,2025-06_Annexure1.pdf,1350.0,1378.95,1400.0,1300.0,1372.98,1400.0,1100.0,1100.0,1100.0,1100.0,1100.0,1100.0,1000.0,1068.31,1100.0,1200.0,1200.0
2025-06,2025-06-01,6,Mutton (Average Quality) 1 Kg,Mutton (Average Quality),,Meat & Poultry,1 Kg,2200.0,2025-06_Annexure1.pdf,2350.0,2387.23,2450.0,2300.0,2382.86,2450.0,2100.0,2100.0,2100.0,2100.0,2100.0,2100.0,2300.0,2332.86,2400.0,2200.0,2200.0
2025-06,2025-06-01,7,Chicken Farm Broiler (Live) 1 Kg,Chicken Farm Broiler (Live),,Meat & Poultry,1 Kg,316.0,2025-06_Annexure1.pdf,345.0,355.27,370.0,350.0,363.59,370.0,346.0,346.0,346.0,348.0,348.0,348.0,318.0,318.0,318.0,316.0,316.0
2025-06,2025-06-01,8,Milk fresh (Un-boiled) 1 Ltr,Milk fresh (Un-boiled),,Dairy & Eggs,1 Ltr,200.0,2025-06_Annexure1.pdf,220.0,224.04,240.0,200.0,216.86,240.0,200.0,200.0,200.0,170.0,170.0,170.0,180.0,187.93,200.0,200.0,200.0
2025-06,2025-06-01,9,Curd (Dahi) Loose 1 Kg,Curd (Dahi) Loose,,Dairy & Eggs,1 Kg,240.0,2025-06_Annexure1.pdf,240.0,241.64,250.0,220.0,241.06,260.0,220.0,220.0,220.0,180.0,180.0,180.0,220.0,220.47,230.0,240.0,240.0
2025-06,2025-06-01,10,Powdered Milk NIDO 390 gm PolybagEach,Powdered Milk NIDO 390 gm Polybag,,Dairy & Eggs,Each,1100.0,2025-06_Annexure1.pdf,1100.0,1100.0,1100.0,1100.0,1100.0,1100.0,1100.0,1100.0,1100.0,1100.0,1100.0,1100.0,1100.0,1100.0,1100.0,1100.0,1100.0
2025-06,2025-06-01,11,Eggs Hen (Farm) 1 Dozen,Eggs Hen (Farm),,Dairy & Eggs,1 Dozen,250.0,2025-06_Annexure1.pdf,250.0,265.63,280.0,250.0,258.29,270.0,250.0,256.62,260.0,260.0,260.0,260.0,248.0,248.0,248.0,250.0,250.0
2025-06,2025-06-01,12,Mustard Oil (Average Quality) 1 Kg,Mustard Oil (Average Quality),,Oils & Fats,1 Kg,560.0,2025-06_Annexure1.pdf,620.0,643.22,660.0,610.0,633.89,650.0,520.0,520.0,520.0,500.0,500.0,500.0,520.0,541.79,560.0,550.0,554.98
2025-06,2025-06-01,13,"Cooking Oil DALDA or Other Similar Brand (SN), 5 Litre TinEach","Cooking Oil DALDA or Other Similar Brand (SN), 5 Litre Tin",,Oils & Fats,Each,2865.0,2025-06_Annexure1.pdf,2865.0,2865.0,2865.0,2865.0,2865.0,2865.0,2865.0,2865.0,2865.0,2865.0,2865.0,2865.0,2865.0,2865.0,2865.0,2865.0,2865.0
2025-06,2025-06-01,14,Vegetable Ghee DALDA/HABIB 2.5 kg TinEach,Vegetable Ghee DALDA/HABIB 2.5 kg Tin,,Oils & Fats,Each,1460.0,2025-06_Annexure1.pdf,1460.0,1460.0,1460.0,1460.0,1460.0,1460.0,1460.0,1460.0,1460.0,1485.0,1485.0,1485.0,1460.0,1460.0,1460.0,1460.0,1460.0
2025-06,2025-06-01,15,Vegetable Ghee DALDA/HABIB or Other superior Quality 1 kg PouchEach,Vegetable Ghee DALDA/HABIB or Other superior Quality 1 kg Pouch,,Oils & Fats,Each,560.0,2025-06_Annexure1.pdf,569.0,569.0,569.0,569.0,569.0,569.0,569.0,569.0,569.0,569.0,569.0,569.0,569.0,569.0,569.0,560.0,560.0
2025-06,2025-06-01,16,Bananas (Kela) Local 1 Dozen,Bananas (Kela) Local,,Fruits,1 Dozen,200.0,2025-06_Annexure1.pdf,260.0,293.84,340.0,260.0,280.32,300.0,200.0,200.0,200.0,160.0,160.0,160.0,140.0,160.84,180.0,150.0,165.1
2025-06,2025-06-01,17,Pulse Masoor (Washed) 1 Kg,Pulse Masoor (Washed),Pulse Masoor (Washed),Pulses & Legumes,1 Kg,280.0,2025-06_Annexure1.pdf,330.0,353.83,380.0,340.0,351.28,360.0,270.0,270.0,270.0,270.0,270.0,270.0,270.0,280.83,290.0,280.0,280.0
2025-06,2025-06-01,18,Pulse Moong (Washed) 1 Kg,Pulse Moong (Washed),Pulse Moong (Washed),Pulses & Legumes,1 Kg,370.0,2025-06_Annexure1.pdf,420.0,441.41,470.0,390.0,411.19,430.0,380.0,380.0,380.0,380.0,380.0,380.0,380.0,389.48,400.0,360.0,363.3
2025-06,2025-06-01,19,Pulse Mash (Washed) 1 Kg,Pulse Mash (Washed),Pulse Mash (Washed),Pulses & Legumes,1 Kg,470.0,2025-06_Annexure1.pdf,480.0,503.75,530.0,480.0,489.9,500.0,410.0,416.64,420.0,420.0,420.0,420.0,450.0,458.52,470.0,460.0,463.31
2025-06,2025-06-01,20,Pulse Gram 1 Kg,Pulse Gram,Pulse Gram,Pulses & Legumes,1 Kg,290.0,2025-06_Annexure1.pdf,340.0,364.63,400.0,340.0,358.46,380.0,280.0,280.0,280.0,290.0,290.0,290.0,270.0,274.72,280.0,280.0,283.29
2025-06,2025-06-01,21,Potatoes 1 Kg,Potatoes,Potatoes,Vegetables,1 Kg,100.0,2025-06_Annexure1.pdf,90.0,105.41,120.0,76.0,96.12,120.0,80.0,86.53,90.0,90.0,93.22,100.0,80.0,87.12,100.0,80.0,86.18
2025-06,2025-06-01,22,Onions 1 Kg,Onions,Onions,Vegetables,1 Kg,50.0,2025-06_Annexure1.pdf,60.0,69.31,90.0,48.0,61.06,70.0,60.0,60.0,60.0,60.0,60.0,60.0,60.0,62.74,70.0,50.0,50.0
2025-06,2025-06-01,23,Tomatoes 1 Kg,Tomatoes,Tomatoes,Vegetables,1 Kg,80.0,2025-06_Annexure1.pdf,80.0,97.41,120.0,68.0,87.12,110.0,80.0,80.0,80.0,80.0,80.0,80.0,80.0,87.85,100.0,80.0,80.0
2025-06,2025-06-01,24,Sugar Refined 1 Kg,Sugar Refined,,Sugar & Sweeteners,1 Kg,180.0,2025-06_Annexure1.pdf,190.0,192.15,196.0,190.0,191.65,195.0,185.0,185.0,185.0,186.0,186.0,186.0,185.0,185.94,190.0,180.0,180.0
2025-06,2025-06-01,25,Gur (Average Quality) 1 Kg,Gur (Average Quality),,Sugar & Sweeteners,1 Kg,220.0,2025-06_Annexure1.pdf,250.0,268.61,300.0,250.0,259.92,280.0,240.0,240.0,240.0,240.0,240.0,240.0,230.0,238.89,250.0,220.0,220.0
2025-06,2025-06-01,26,Salt Powdered (NATIONAL/SHAN) 800 gm PacketEach,Salt Powdered (NATIONAL/SHAN) 800 gm Packet,,Condiments & Spices,Each,70.0,2025-06_Annexure1.pdf,70.0,75.67,80.0,70.0,73.84,80.0,70.0,70.0,70.0,70.0,70.0,70.0,70.0,70.0,70.0,70.0,70.0
2025-06,2025-06-01,27,Chilies Powder NATIONAL 200 gm PacketEach,Chilies Powder NATIONAL 200 gm Packet,,Condiments & Spices,Each,320.0,2025-06_Annexure1.pdf,320.0,320.0,320.0,320.0,320.0,320.0,320.0,320.0,320.0,320.0,320.0,320.0,320.0,320.0,320.0,320.0,320.0
2025-06,2025-06-01,28,Garlic (Lehsun) 1 Kg,Garlic (Lehsun),,Vegetables,1 Kg,320.0,2025-06_Annexure1.pdf,260.0,443.27,650.0,250.0,392.45,600.0,300.0,300.0,300.0,350.0,350.0,350.0,270.0,333.95,460.0,320.0,320.0
2025-06,2025-06-01,29,Tea Lipton Yellow Label 190 gm PacketEach,Tea Lipton Yellow Label 190 gm Packet,,Beverages,Each,447.5,2025-06_Annexure1.pdf,447.06,447.06,447.06,447.05,447.05,447.05,447.05,447.05,447.05,447.05,447.05,447.05,447.06,447.06,447.06,447.5,447.5
2025-06,2025-06-01,30,Cooked Beef at Average Hotel Per Plate,Cooked Beef at Average Hotel,,Food Away from Home,Per Plate,350.0,2025-06_Annexure1.pdf,350.0,354.07,380.0,300.0,334.26,350.0,450.0,450.0,450.0,350.0,350.0,350.0,270.0,291.76,300.0,300.0,315.82
2025-06,2025-06-01,31,Cooked Daal at Average Hotel Per Plate,Cooked Daal at Average Hotel,,Food Away from Home,Per Plate,200.0,2025-06_Annexure1.pdf,220.0,241.4,260.0,200.0,220.86,250.0,150.0,150.0,150.0,170.0,170.0,170.0,180.0,194.15,200.0,160.0,176.14
2025-06,2025-06-01,32,Tea Prepared Ordinary Per Cup,Tea Prepared Ordinary,,Food Away from Home,Per Cup,70.0,2025-06_Annexure1.pdf,70.0,70.0,70.0,60.0,68.58,70.0,60.0,60.0,60.0,50.0,50.0,50.0,60.0,60.0,60.0,60.0,63.16
2025-06,2025-06-01,33,Cigarettes Capstan 20'S Packet Each,Cigarettes Capstan 20'S Packet,,Tobacco,Each,230.0,2025-06_Annexure1.pdf,250.0,250.0,250.0,230.0,244.5,250.0,230.0,230.0,230.0,230.0,230.0,230.0,240.0,240.0,240.0,230.0,230.0
2025-06,2025-06-01,34,"Long Cloth 57"" Gul Ahmed/Al Karam1 mtr","Long Cloth 57"" Gul Ahmed/Al Karam",,Textiles & Apparel,1 mtr,600.0,2025-06_Annexure1.pdf,720.0,738.24,750.0,680.0,721.62,770.0,667.0,667.0,667.0,660.0,660.0,660.0,790.0,790.0,790.0,550.0,566.19
2025-06,2025-06-01,35,Shirting (Average Quality) 1 mtr,Shirting (Average Quality),,Textiles & Apparel,1 mtr,900.0,2025-06_Annexure1.pdf,650.0,701.62,750.0,620.0,654.44,680.0,600.0,600.0,600.0,450.0,450.0,450.0,400.0,428.7,450.0,850.0,866.35
2025-06,2025-06-01,36,Lawn Printed Gul Ahmed/Al Karam 1 mtr,Lawn Printed Gul Ahmed/Al Karam,,Textiles & Apparel,1 mtr,700.0,2025-06_Annexure1.pdf,630.0,662.12,700.0,580.0,628.7,670.0,748.0,748.0,748.0,650.0,650.0,650.0,765.0,784.81,800.0,650.0,666.26
2025-06,2025-06-01,37,Georgette (Average Quality) 1 mtr,Georgette (Average Quality),,Textiles & Apparel,1 mtr,350.0,2025-06_Annexure1.pdf,360.0,394.66,450.0,350.0,378.24,400.0,250.0,250.0,250.0,300.0,300.0,300.0,310.0,349.32,400.0,350.0,350.0
2025-06,2025-06-01,38,Gents Sandal Bata Pair,Gents Sandal Bata,,Footwear,Pair,2499.0,2025-06_Annexure1.pdf,2499.0,2499.0,2499.0,2499.0,2499.0,2499.0,2499.0,2499.0,2499.0,2499.0,2499.0,2499.0,2499.0,2499.0,2499.0,2499.0,2499.0
2025-06,2025-06-01,39,Gents Sponge Chappal Bata Pair,Gents Sponge Chappal Bata,,Footwear,Pair,599.0,2025-06_Annexure1.pdf,599.0,599.0,599.0,599.0,599.0,599.0,599.0,599.0,599.0,599.0,599.0,599.0,599.0,599.0,599.0,599.0,599.0
2025-06,2025-06-01,40,Ladies Sandal Bata Pair,Ladies Sandal Bata,,Footwear,Pair,1399.0,2025-06_Annexure1.pdf,1399.0,1399.0,1399.0,1399.0,1399.0,1399.0,1399.0,1399.0,1399.0,1399.0,1399.0,1399.0,1399.0,1399.0,1399.0,1399.0,1399.0
2025-06,2025-06-01,41,Electricity Charges for Q1* Per Unit,Electricity Charges upto 50 Units,,Energy & Utilities,Per Unit,4.66,2025-06_Annexure1.pdf,4.66,4.66,4.66,4.66,4.66,4.66,4.66,4.66,4.66,4.66,4.66,4.66,4.66,4.66,4.66,4.66,4.66
2025-06,2025-06-01,42,Gas Charges upto,Gas Charges upto 3.3719 MMBTU,,Energy & Utilities,MMBTU,1976.5,2025-06_Annexure1.pdf,3.3719,1976.5,1976.5,1976.5,1976.5,1976.5,1976.5,1976.5,1976.5,1976.5,1976.5,1976.5,1976.5,1976.5,1976.5,1976.5,1976.5
2025-06,2025-06-01,43,Firewood Whole 40 Kg,Firewood Whole,,Energy & Utilities,40 Kg,1800.0,2025-06_Annexure1.pdf,1800.0,2089.01,2300.0,1450.0,1651.22,1900.0,1500.0,1500.0,1500.0,1500.0,1500.0,1500.0,1600.0,1658.35,1800.0,1800.0,1800.0
2025-06,2025-06-01,44,Energy Saver Philips 14 Watt Each,Energy Saver Philips 14 Watt,,Household Goods,Each,400.0,2025-06_Annexure1.pdf,270.0,276.63,280.0,240.0,260.4,280.0,550.0,550.0,550.0,575.0,575.0,575.0,500.0,500.0,500.0,400.0,400.0
2025-06,2025-06-01,45,Sufi Washing Soap 250 gm Cake Each,Sufi Washing Soap 250 gm Cake,,Personal & Household Care,Each,130.0,2025-06_Annexure1.pdf,140.0,140.0,140.0,140.0,140.0,140.0,130.0,130.0,130.0,130.0,130.0,130.0,130.0,130.0,130.0,130.0,130.0
2025-06,2025-06-01,46,Match Box Each,Match Box,,Household Goods,Each,7.0,2025-06_Annexure1.pdf,6.0,6.0,6.0,6.0,6.0,6.0,7.0,7.0,7.0,5.0,5.0,5.0,6.0,6.32,7.0,7.0,7.0
2025-06,2025-06-01,47,Petrol Super Per Litre,Petrol Super,,Fuel & Transport,Per Litre,267.7,2025-06_Annexure1.pdf,267.17,267.66,267.71,267.7,267.74,267.8,267.8,267.8,267.8,267.91,267.91,267.91,267.71,267.71,267.71,267.7,267.7
2025-06,2025-06-01,48,Hi-Speed Diesel Per Litre,Hi-Speed Diesel,,Fuel & Transport,Per Litre,273.9,2025-06_Annexure1.pdf,273.9,273.9,273.9,273.88,273.9,273.99,273.9,273.9,273.9,274.1,274.1,274.1,273.9,273.9,273.9,273.9,273.9
2025-06,2025-06-01,49,LPG,LPG 11.67 kg Cylinder,,Energy & Utilities,Each,3267.6,2025-06_Annexure1.pdf,11.67,3250.0,3312.33,3350.0,3300.0,3356.47,3400.0,3501.0,3501.0,3501.0,3618.0,3618.0,3618.0,3150.9,3189.33,3267.6,3267.6
2025-06,2025-06-01,50,Telephone Call Charges Per Minute,Telephone Call Charges,,Communication,Per Minute,1.79,2025-06_Annexure1.pdf,1.79,1.79,1.79,1.79,1.79,1.79,1.79,1.79,1.79,1.79,1.79,1.79,1.79,1.79,1.79,1.79,1.79
2025-06,2025-06-01,51,Toilet Soap LIFEBUOY 115 gm Each,Toilet Soap LIFEBUOY 115 gm,,Personal & Household Care,Each,119.6,2025-06_Annexure1.pdf,116.17,116.17,116.17,116.17,116.17,116.17,111.47,111.47,111.47,119.0,119.0,119.0,99.74,99.74,99.74,119.6,119.6
2025-07,2025-07-01,1,Wheat Flour Bag,Wheat Flour Bag,,Cereals & Grains,20 Kg,1493.63,2025-07_Annexure1.xlsx,1573.31,1565.93,1429.79,1450.87,1379.98,1400.0,1483.14,1477.74,1444.09,1641.22,1672.91,1379.88,1482.23,1473.97,1399.82,1581.9,1600.0
2025-07,2025-07-01,2,Rice Basmati Broken (Average Quality),Rice Basmati Broken (Average Quality),,Cereals & Grains,1 Kg,206.6,2025-07_Annexure1.xlsx,265.52,255.33,180.0,180.0,195.97,215.85,170.66,193.1,186.43,278.35,206.46,180.0,236.62,212.08,140.0,269.92,203.28
2025-07,2025-07-01,3,Rice IRRI-6/9 (Sindh/Punjab),Rice IRRI-6/9 (Sindh/Punjab),,Cereals & Grains,1 Kg,154.28,2025-07_Annexure1.xlsx,178.64,161.55,,,,160.0,177.95,147.84,173.93,177.07,146.04,152.93,115.23,124.93,150.0,159.87,150.0
2025-07,2025-07-01,4,Bread plain (Small Size),Bread plain (Small Size),,Bakery & Confectionery,Each,108.83,2025-07_Annexure1.xlsx,110.0,110.0,110.0,110.0,110.0,110.0,100.0,110.0,110.0,110.0,120.0,110.0,112.92,100.0,100.0,120.0,100.0
2025-07,2025-07-01,5,Beef with Bone (Average Quality),Beef with Bone (Average Quality),,Meat & Poultry,1 Kg,1109.28,2025-07_Annexure1.xlsx,1378.95,1372.98,1100.0,1100.0,1068.31,1200.0,1016.4,1200.0,1000.0,1292.61,1163.62,1000.0,1145.59,1029.79,900.0,1019.32,1000.0
2025-07,2025-07-01,6,Mutton (Average Quality),Mutton (Average Quality),,Meat & Poultry,1 Kg,2044.05,2025-07_Annexure1.xlsx,2387.23,2382.86,2100.0,2100.0,2332.86,2200.0,2066.12,2249.51,1866.06,2167.64,1987.86,1700.0,2000.0,2019.61,1600.0,2033.24,1766.03
2025-07,2025-07-01,7,Chicken Farm Broiler (Live),Chicken Farm Broiler (Live),,Meat & Poultry,1 Kg,409.75,2025-07_Annexure1.xlsx,416.43,416.31,398.42,399.23,378.13,389.81,428.43,394.21,380.88,426.7,403.99,414.15,410.81,414.17,425.5,441.51,433.59
2025-07,2025-07-01,8,Milk fresh (Un-boiled),Milk fresh (Un-boiled),,Dairy & Eggs,1 Ltr,201.17,2025-07_Annexure1.xlsx,226.67,216.86,200.0,170.0,187.93,200.0,173.27,197.73,173.27,220.0,218.32,200.0,243.29,236.85,175.26,200.0,200.0
2025-07,2025-07-01,9,Curd (Dahi) Loose,Curd (Dahi) Loose,,Dairy & Eggs,1 Kg,235.66,2025-07_Annexure1.xlsx,244.61,241.06,220.0,180.0,220.47,240.0,218.61,235.5,206.46,335.48,314.88,220.0,286.51,259.15,194.46,220.0,220.0
2025-07,2025-07-01,10,Powdered Milk NIDO 390 gm Polybag,Powdered Milk NIDO 390 gm Polybag,,Dairy & Eggs,Each,1081.22,2025-07_Annexure1.xlsx,1119.03,1121.31,1100.0,1100.0,1100.0,1100.0,1055.53,1030.0,1100.0,1064.25,1097.49,1054.8,1030.0,1100.0,1016.4,1100.0,1100.0
2025-07,2025-07-01,11,Eggs Hen (Farm),Eggs Hen (Farm),,Dairy & Eggs,1 Dozen,272.39,2025-07_Annexure1.xlsx,274.56,270.81,279.3,275.66,260.99,261.74,260.99,257.7,262.44,283.9,274.07,275.24,286.54,274.58,278.9,278.49,276.87
2025-07,2025-07-01,12,Mustard Oil (Average Quality),Mustard Oil (Average Quality),,Oils & Fats,1 Kg,527.76,2025-07_Annexure1.xlsx,643.22,633.89,511.91,500.0,541.79,554.98,483.31,580.0,461.77,540.58,421.47,400.0,496.69,629.68,466.08,597.21,593.26
2025-07,2025-07-01,13,"Cooking Oil DALDA or Other Similar Brand (SN), 5 Litre Tin","Cooking Oil DALDA or Other Similar Brand (SN), 5 Litre Tin",,Oils & Fats,Each,2876.42,2025-07_Annexure1.xlsx,2865.0,2865.0,2865.0,2865.0,2865.0,2865.0,2865.0,2884.9,2865.0,2885.25,2865.0,2874.93,2915.0,2817.75,3000.0,2865.0,2874.93
2025-07,2025-07-01,14,Vegetable Ghee DALDA/HABIB 2.5 kg Tin,Vegetable Ghee DALDA/HABIB 2.5 kg Tin,,Oils & Fats,Each,1461.76,2025-07_Annexure1.xlsx,1460.0,1460.0,1460.0,1485.0,1460.0,1460.0,1460.0,1460.0,1468.29,1460.0,1460.0,1464.97,1485.0,1446.66,1425.0,1460.0,1475.98
2025-07,2025-07-01,15,Vegetable Ghee DALDA/HABIB or Other superior Quality 1 kg Pouch,Vegetable Ghee DALDA/HABIB or Other superior Quality 1 kg Pouch,,Oils & Fats,Each,568.35,2025-07_Annexure1.xlsx,569.0,569.0,569.0,569.0,569.0,560.0,569.0,576.99,569.0,569.0,569.0,569.0,579.0,557.76,550.0,569.0,580.0
2025-07,2025-07-01,16,Bananas (Kela) Local,Bananas (Kela) Local,,Fruits,1 Dozen,170.35,2025-07_Annexure1.xlsx,284.6,272.13,168.29,160.0,165.3,162.39,152.6,235.09,182.54,142.58,110.35,157.37,126.51,192.31,174.21,134.93,165.1
2025-07,2025-07-01,17,Pulse Masoor (Washed),Pulse Masoor (Washed),Pulse Masoor (Washed),Pulses & Legumes,1 Kg,295.99,2025-07_Annexure1.xlsx,352.48,349.8,270.0,270.0,278.95,290.15,276.63,324.37,266.62,301.11,299.78,300.0,281.29,297.08,275.96,329.94,286.51
2025-07,2025-07-01,18,Pulse Moong (Washed),Pulse Moong (Washed),Pulse Moong (Washed),Pulses & Legumes,1 Kg,398.37,2025-07_Annexure1.xlsx,439.71,409.03,371.64,361.81,385.06,363.3,398.58,398.88,393.31,385.58,413.58,420.0,395.13,389.37,380.0,449.95,430.0
2025-07,2025-07-01,19,Pulse Mash (Washed),Pulse Mash (Washed),Pulse Mash (Washed),Pulses & Legumes,1 Kg,455.19,2025-07_Annexure1.xlsx,503.75,489.9,413.94,420.0,458.52,471.29,480.0,471.03,436.64,408.45,421.63,440.0,520.45,438.88,460.0,509.96,416.02
2025-07,2025-07-01,20,Pulse Gram,Pulse Gram,Pulse Gram,Pulses & Legumes,1 Kg,313.38,2025-07_Annexure1.xlsx,364.63,358.46,280.0,285.96,274.72,283.29,286.54,324.81,291.83,318.95,297.47,306.52,320.0,336.19,315.9,357.92,346.54
2025-07,2025-07-01,21,Potatoes,Potatoes,Potatoes,Vegetables,1 Kg,83.95,2025-07_Annexure1.xlsx,103.45,97.59,93.14,94.54,88.99,96.01,89.38,93.23,100.0,76.28,73.68,60.0,63.16,93.66,68.39,70.71,83.65
2025-07,2025-07-01,22,Onions,Onions,Onions,Vegetables,1 Kg,55.97,2025-07_Annexure1.xlsx,73.98,65.1,60.0,67.32,60.45,50.61,55.67,59.04,52.35,58.04,51.49,40.0,52.35,67.32,50.54,49.11,48.54
2025-07,2025-07-01,23,Tomatoes,Tomatoes,Tomatoes,Vegetables,1 Kg,85.63,2025-07_Annexure1.xlsx,118.02,103.01,105.22,98.67,110.06,89.35,86.35,82.77,102.87,98.82,86.43,74.87,85.57,82.26,64.47,44.82,60.31
2025-07,2025-07-01,24,Sugar Refined,Sugar Refined,,Sugar & Sweeteners,1 Kg,184.11,2025-07_Annexure1.xlsx,187.82,187.44,185.96,186.55,182.95,183.31,180.1,183.4,180.98,189.09,183.03,177.17,183.88,187.85,180.99,184.49,185.38
2025-07,2025-07-01,25,Gur (Average Quality),Gur (Average Quality),,Sugar & Sweeteners,1 Kg,238.35,2025-07_Annexure1.xlsx,273.42,265.25,240.0,240.0,244.85,220.0,200.0,268.62,213.12,261.71,234.58,240.0,213.12,259.06,233.14,229.91,230.25
2025-07,2025-07-01,26,Salt Powdered (NATIONAL/SHAN) 800 gm Packet,Salt Powdered (NATIONAL/SHAN) 800 gm Packet,,Condiments & Spices,Each,72.6,2025-07_Annexure1.xlsx,75.67,73.84,70.0,70.0,70.0,70.0,80.0,70.0,80.0,76.52,70.0,70.0,70.0,70.0,70.0,80.0,70.0
2025-07,2025-07-01,27,Chilies Powder NATIONAL 200 gm Packet,Chilies Powder NATIONAL 200 gm Packet,,Condiments & Spices,Each,320.0,2025-07_Annexure1.xlsx,320.0,320.0,320.0,320.0,320.0,320.0,320.0,320.0,320.0,320.0,320.0,320.0,320.0,320.0,320.0,320.0,320.0
2025-07,2025-07-01,28,Garlic (Lehsun),Garlic (Lehsun),,Vegetables,1 Kg,370.08,2025-07_Annexure1.xlsx,436.52,382.2,300.0,350.0,335.67,343.78,416.38,366.45,377.41,426.29,337.7,323.92,274.66,383.59,406.33,338.34,582.85
2025-07,2025-07-01,29,Tea Lipton Yellow Label 190 gm Packet,Tea Lipton Yellow Label 190 gm Packet,,Beverages,Each,447.07,2025-07_Annexure1.xlsx,447.06,447.05,447.05,447.05,447.06,447.5,447.06,447.05,447.0,447.06,447.06,447.05,447.05,447.0,447.0,447.0,447.05
2025-07,2025-07-01,30,Cooked Beef at Average Hotel,Cooked Beef at Average Hotel,,Food Away from Home,Per Plate,307.98,2025-07_Annexure1.xlsx,354.07,334.26,450.0,350.0,291.76,315.82,300.0,325.91,309.68,355.31,301.62,200.0,240.0,239.57,259.28,353.86,343.2
2025-07,2025-07-01,31,Cooked Daal at Average Hotel,Cooked Daal at Average Hotel,,Food Away from Home,Per Plate,166.94,2025-07_Annexure1.xlsx,241.4,220.86,150.0,170.0,194.15,176.14,150.0,141.08,173.27,183.44,172.25,154.92,120.0,133.72,130.0,180.68,193.1
2025-07,2025-07-01,32,Tea Prepared Ordinary,Tea Prepared Ordinary,,Food Away from Home,Per Cup,61.38,2025-07_Annexure1.xlsx,70.0,68.58,60.0,50.0,60.0,63.16,60.0,76.52,50.0,70.0,71.45,60.0,70.0,47.37,50.0,80.0,50.0
2025-07,2025-07-01,33,Cigarettes Capstan 20'S Packet,Cigarettes Capstan 20'S Packet,,Tobacco,Each,241.5,2025-07_Annexure1.xlsx,250.0,244.5,230.0,230.0,240.0,236.83,240.0,240.0,240.0,250.0,250.0,240.0,227.79,250.0,250.0,244.95,243.29
2025-07,2025-07-01,34,"Long Cloth 57"" Gul Ahmed/Al Karam","Long Cloth 57"" Gul Ahmed/Al Karam",,Textiles & Apparel,1 mtr,656.33,2025-07_Annexure1.xlsx,738.24,721.62,667.0,660.0,790.0,566.19,700.0,800.0,793.28,731.42,524.79,500.0,646.33,642.0,700.0,748.89,400.0
2025-07,2025-07-01,35,Shirting (Average Quality),Shirting (Average Quality),,Textiles & Apparel,1 mtr,499.28,2025-07_Annexure1.xlsx,701.62,654.44,600.0,450.0,428.7,866.35,600.0,520.7,586.59,629.4,472.01,229.58,482.74,656.62,476.22,229.85,372.77
2025-07,2025-07-01,36,Lawn Printed Gul Ahmed/Al Karam,Lawn Printed Gul Ahmed/Al Karam,,Textiles & Apparel,1 mtr,656.59,2025-07_Annexure1.xlsx,662.12,628.7,748.0,650.0,784.81,666.26,714.0,738.46,818.89,720.79,500.0,550.0,632.89,702.0,650.0,748.89,400.0
2025-07,2025-07-01,37,Georgette (Average Quality),Georgette (Average Quality),,Textiles & Apparel,1 mtr,301.9,2025-07_Annexure1.xlsx,394.66,378.24,250.0,300.0,349.32,350.0,400.0,327.54,300.0,336.11,311.51,206.46,332.47,239.86,250.0,219.62,282.31
2025-07,2025-07-01,38,Gents Sandal Bata,Gents Sandal Bata,,Footwear,Pair,2499.0,2025-07_Annexure1.xlsx,2499.0,2499.0,2499.0,2499.0,2499.0,2499.0,2499.0,2499.0,2499.0,2499.0,2499.0,2499.0,2499.0,2499.0,2499.0,2499.0,2499.0
2025-07,2025-07-01,39,Gents Sponge Chappal Bata,Gents Sponge Chappal Bata,,Footwear,Pair,599.0,2025-07_Annexure1.xlsx,599.0,599.0,599.0,599.0,599.0,599.0,599.0,599.0,599.0,599.0,599.0,599.0,599.0,599.0,599.0,599.0,599.0
2025-07,2025-07-01,40,Ladies Sandal Bata,Ladies Sandal Bata,,Footwear,Pair,1399.0,2025-07_Annexure1.xlsx,1399.0,1399.0,1399.0,1399.0,1399.0,1399.0,1399.0,1399.0,1399.0,1399.0,1399.0,1399.0,1399.0,1399.0,1399.0,1399.0,1399.0
2025-07,2025-07-01,41,Electricity Charges upto 50 Units,Electricity Charges upto 50 Units,,Energy & Utilities,Per Unit,5.04,2025-07_Annexure1.xlsx,5.04,5.04,5.04,5.04,5.04,5.04,5.04,5.04,5.04,5.04,5.04,5.04,5.04,5.04,5.04,5.04,5.04
2025-07,2025-07-01,42,Gas Charges upto 3.3719 MMBTU,Gas Charges upto 3.3719 MMBTU,,Energy & Utilities,MMBTU,2214.51,2025-07_Annexure1.xlsx,2194.19,2194.19,2194.19,2194.19,2194.19,2194.19,2194.19,2194.19,2194.19,2194.19,2194.19,2194.19,2194.19,2194.19,2194.19,2194.19,2566.5
2025-07,2025-07-01,43,Firewood Whole,Firewood Whole,,Energy & Utilities,40 Kg,1324.41,2025-07_Annexure1.xlsx,2089.01,1651.22,1500.0,1500.0,1658.35,1800.0,1250.0,1440.97,1600.0,1315.9,1096.14,900.0,988.59,1171.18,849.02,1349.38,1032.28
2025-07,2025-07-01,44,Energy Saver Philips 14 Watt,Energy Saver Philips 14 Watt,,Household Goods,Each,384.95,2025-07_Annexure1.xlsx,276.63,260.4,550.0,575.0,509.62,400.0,573.87,575.0,272.7,350.0,416.02,300.0,370.0,350.0,250.0,350.0,432.67
2025-07,2025-07-01,45,Sufi Washing Soap 250 gm Cake,Sufi Washing Soap 250 gm Cake,,Personal & Household Care,Each,132.0,2025-07_Annexure1.xlsx,140.0,140.0,130.0,130.0,130.0,130.0,130.0,133.0,140.0,130.0,130.0,138.0,120.0,130.0,130.0,140.0,125.0
2025-07,2025-07-01,46,Match Box,Match Box,,Household Goods,Each,6.24,2025-07_Annexure1.xlsx,6.0,6.0,7.0,5.0,6.32,7.0,6.0,7.0,7.0,7.0,6.56,6.0,7.0,7.0,5.0,5.97,5.0
2025-07,2025-07-01,47,Petrol Super,Petrol Super,,Fuel & Transport,Per Litre,271.18,2025-07_Annexure1.xlsx,270.9,270.95,270.97,271.13,270.93,270.93,271.23,271.06,271.55,271.02,272.25,270.93,271.28,270.93,272.17,271.01,270.9
2025-07,2025-07-01,48,Hi-Speed Diesel,Hi-Speed Diesel,,Fuel & Transport,Per Litre,280.9,2025-07_Annexure1.xlsx,280.51,280.67,280.68,280.88,280.68,280.68,280.98,280.82,281.28,280.77,281.78,280.68,281.03,280.68,281.83,280.76,280.66
2025-07,2025-07-01,49,LPG 11.67 kg Cylinder,LPG 11.67 kg Cylinder,,Energy & Utilities,Each,3119.06,2025-07_Annexure1.xlsx,3282.24,3346.42,3265.16,3404.03,3103.41,3287.53,2999.33,3150.0,3297.85,2864.94,3177.35,3148.72,2835.92,2941.21,2899.31,2964.86,3138.04
2025-07,2025-07-01,50,Telephone Call Charges,Telephone Call Charges,,Communication,Per Minute,1.79,2025-07_Annexure1.xlsx,1.79,1.79,1.79,1.79,1.79,1.79,1.79,1.79,1.79,1.79,1.79,1.79,1.79,1.79,1.79,1.79,1.79
2025-07,2025-07-01,51,Toilet Soap LIFEBUOY 115 gm,Toilet Soap LIFEBUOY 115 gm,,Personal & Household Care,Each,110.51,2025-07_Annexure1.xlsx,116.17,116.17,112.13,118.2,99.74,119.6,99.74,115.7,116.17,115.64,116.17,110.0,118.6,99.74,99.74,99.74,110.0
2025-08,2025-08-01,1,Wheat Flour Bag,Wheat Flour Bag,,Cereals & Grains,20 Kg,1599.94,2025-08_Annexure1.xlsx,1711.42,1700.89,1552.19,1558.65,1499.07,1555.53,1587.61,1580.45,1585.76,1689.47,1718.79,1528.98,1515.74,1589.17,1531.69,1657.19,1662.83
2025-08,2025-08-01,2,Rice Basmati Broken (Average Quality),Rice Basmati Broken (Average Quality),,Cereals & Grains,1 Kg,207.53,2025-08_Annexure1.xlsx,266.53,256.54,180.0,180.0,195.97,229.78,170.0,193.1,186.43,279.32,206.46,180.0,236.62,221.5,140.0,259.92,203.28
2025-08,2025-08-01,3,Rice IRRI-6/9 (Sindh/Punjab),Rice IRRI-6/9 (Sindh/Punjab),,Cereals & Grains,1 Kg,154.27,2025-08_Annexure1.xlsx,178.64,161.55,,,,160.0,181.63,140.92,176.6,177.96,143.46,154.92,116.57,124.93,150.0,159.87,150.0
2025-08,2025-08-01,4,Bread plain (Small Size),Bread plain (Small Size),,Bakery & Confectionery,Each,108.83,2025-08_Annexure1.xlsx,110.0,110.0,110.0,110.0,110.0,110.0,100.0,110.0,110.0,110.0,120.0,110.0,112.92,100.0,100.0,120.0,100.0
2025-08,2025-08-01,5,Beef with Bone (Average Quality),Beef with Bone (Average Quality),,Meat & Poultry,1 Kg,1116.19,2025-08_Annexure1.xlsx,1378.95,1372.98,1100.0,1100.0,1068.31,1200.0,1016.4,1253.59,1000.0,1294.18,1170.39,1000.0,1165.7,1038.55,900.0,1049.21,1000.0
2025-08,2025-08-01,6,Mutton (Average Quality),Mutton (Average Quality),,Meat & Poultry,1 Kg,2053.78,2025-08_Annexure1.xlsx,2387.23,2382.86,2100.0,2100.0,2332.86,2200.0,2066.12,2328.28,1866.06,2172.35,2036.92,1700.0,2000.0,2019.61,1600.0,2073.86,1766.03
2025-08,2025-08-01,7,Chicken Farm Broiler (Live),Chicken Farm Broiler (Live),,Meat & Poultry,1 Kg,446.03,2025-08_Annexure1.xlsx,450.44,447.88,432.1,433.29,420.28,442.49,428.62,429.93,417.71,472.3,448.98,452.15,442.46,452.17,460.74,471.89,485.33
2025-08,2025-08-01,8,Milk fresh (Un-boiled),Milk fresh (Un-boiled),,Dairy & Eggs,1 Ltr,201.73,2025-08_Annexure1.xlsx,230.7,216.86,200.0,170.0,187.93,200.0,173.27,197.73,174.1,220.0,218.32,200.0,243.29,241.06,176.6,200.0,200.0
2025-08,2025-08-01,9,Curd (Dahi) Loose,Curd (Dahi) Loose,,Dairy & Eggs,1 Kg,236.66,2025-08_Annexure1.xlsx,251.18,241.06,220.0,180.0,220.47,240.0,220.0,235.5,206.46,335.48,314.88,220.0,286.51,262.06,200.0,220.0,220.0
2025-08,2025-08-01,10,Powdered Milk NIDO 390 gm Polybag,Powdered Milk NIDO 390 gm Polybag,,Dairy & Eggs,Each,1091.92,2025-08_Annexure1.xlsx,1138.28,1140.65,1100.0,1100.0,1100.0,1100.0,1120.0,1082.07,1100.0,1065.34,1097.49,1080.0,1030.0,1100.0,1016.4,1100.0,1100.0
2025-08,2025-08-01,11,Eggs Hen (Farm),Eggs Hen (Farm),,Dairy & Eggs,1 Dozen,300.07,2025-08_Annexure1.xlsx,302.15,301.45,300.0,297.47,291.93,291.91,291.93,288.25,297.41,315.62,310.67,304.88,308.06,302.44,304.88,307.38,286.51
2025-08,2025-08-01,12,Mustard Oil (Average Quality),Mustard Oil (Average Quality),,Oils & Fats,1 Kg,530.87,2025-08_Annexure1.xlsx,643.22,633.89,500.0,500.0,541.79,554.98,483.31,580.0,469.53,538.43,435.29,424.74,493.18,629.68,478.12,597.23,593.26
2025-08,2025-08-01,13,"Cooking Oil DALDA or Other Similar Brand (SN), 5 Litre Tin","Cooking Oil DALDA or Other Similar Brand (SN), 5 Litre Tin",,Oils & Fats,Each,2872.88,2025-08_Annexure1.xlsx,2865.0,2865.0,2865.0,2865.0,2865.0,2865.0,2865.0,2865.0,2865.0,2865.0,2865.0,2865.0,2915.0,2817.75,3000.0,2865.0,2865.0
2025-08,2025-08-01,14,Vegetable Ghee DALDA/HABIB 2.5 kg Tin,Vegetable Ghee DALDA/HABIB 2.5 kg Tin,,Oils & Fats,Each,1461.33,2025-08_Annexure1.xlsx,1460.0,1460.0,1460.0,1478.71,1460.0,1460.0,1460.0,1460.0,1468.29,1460.0,1460.0,1460.0,1485.0,1446.66,1425.0,1460.0,1480.0
2025-08,2025-08-01,15,Vegetable Ghee DALDA/HABIB or Other superior Quality 1 kg Pouch,Vegetable Ghee DALDA/HABIB or Other superior Quality 1 kg Pouch,,Oils & Fats,Each,568.03,2025-08_Annexure1.xlsx,569.0,569.0,569.0,569.0,569.0,560.0,569.0,571.48,569.0,569.0,569.0,569.0,579.0,557.76,550.0,569.0,580.0
2025-08,2025-08-01,16,Bananas (Kela) Local,Bananas (Kela) Local,,Fruits,1 Dozen,156.33,2025-08_Annexure1.xlsx,239.86,228.89,150.0,152.44,155.75,140.1,150.0,184.32,181.59,121.22,105.93,157.37,102.73,180.93,167.06,139.58,165.1
2025-08,2025-08-01,17,Pulse Masoor (Washed),Pulse Masoor (Washed),Pulse Masoor (Washed),Pulses & Legumes,1 Kg,295.31,2025-08_Annexure1.xlsx,339.13,339.19,270.0,270.0,276.15,283.13,280.0,322.16,266.62,304.78,299.78,300.0,280.0,294.5,280.0,329.94,300.0
2025-08,2025-08-01,18,Pulse Moong (Washed),Pulse Moong (Washed),Pulse Moong (Washed),Pulses & Legumes,1 Kg,382.13,2025-08_Annexure1.xlsx,425.29,397.44,325.75,327.47,373.49,360.82,368.03,398.88,393.31,380.84,410.32,417.45,362.41,369.09,344.66,449.89,416.18
2025-08,2025-08-01,19,Pulse Mash (Washed),Pulse Mash (Washed),Pulse Mash (Washed),Pulses & Legumes,1 Kg,447.58,2025-08_Annexure1.xlsx,503.75,489.9,403.31,410.0,447.65,470.83,480.0,471.03,433.27,404.02,415.09,437.45,488.8,434.96,456.64,489.96,394.84
2025-08,2025-08-01,20,Pulse Gram,Pulse Gram,Pulse Gram,Pulses & Legumes,1 Kg,307.55,2025-08_Annexure1.xlsx,354.01,352.74,280.0,280.0,267.18,288.31,280.0,303.65,293.18,314.42,294.9,306.52,320.0,326.07,303.24,339.94,342.94
2025-08,2025-08-01,21,Potatoes,Potatoes,Potatoes,Vegetables,1 Kg,81.92,2025-08_Annexure1.xlsx,103.95,98.4,90.79,86.53,76.93,91.95,91.58,99.42,100.0,76.26,65.39,60.0,56.84,91.37,67.35,72.15,86.18
2025-08,2025-08-01,22,Onions,Onions,Onions,Vegetables,1 Kg,69.73,2025-08_Annexure1.xlsx,97.64,84.19,80.0,77.66,77.01,64.28,67.01,76.67,74.83,65.03,62.85,54.77,69.76,87.66,70.4,46.57,50.0
2025-08,2025-08-01,23,Tomatoes,Tomatoes,Tomatoes,Vegetables,1 Kg,112.16,2025-08_Annexure1.xlsx,138.79,125.15,134.8,119.92,135.63,101.85,114.51,118.29,132.49,113.78,107.68,115.7,102.39,107.0,107.48,66.17,91.48
2025-08,2025-08-01,24,Sugar Refined,Sugar Refined,,Sugar & Sweeteners,1 Kg,180.19,2025-08_Annexure1.xlsx,176.97,177.36,181.25,181.25,174.0,174.57,174.0,177.84,186.65,186.74,181.65,176.75,176.96,187.62,182.9,182.48,185.23
2025-08,2025-08-01,25,Gur (Average Quality),Gur (Average Quality),,Sugar & Sweeteners,1 Kg,242.21,2025-08_Annexure1.xlsx,274.63,266.6,240.0,240.0,248.9,226.47,214.82,268.62,214.82,263.17,247.51,240.0,208.1,267.75,243.29,229.91,236.62
2025-08,2025-08-01,26,Salt Powdered (NATIONAL/SHAN) 800 gm Packet,Salt Powdered (NATIONAL/SHAN) 800 gm Packet,,Condiments & Spices,Each,72.57,2025-08_Annexure1.xlsx,75.04,73.84,70.0,70.0,70.0,70.0,80.0,70.0,80.0,76.52,70.0,70.0,70.0,70.0,70.0,80.0,70.0
2025-08,2025-08-01,27,Chilies Powder NATIONAL 200 gm Packet,Chilies Powder NATIONAL 200 gm Packet,,Condiments & Spices,Each,320.0,2025-08_Annexure1.xlsx,320.0,320.0,320.0,320.0,320.0,320.0,320.0,320.0,320.0,320.0,320.0,320.0,320.0,320.0,320.0,320.0,320.0
2025-08,2025-08-01,28,Garlic (Lehsun),Garlic (Lehsun),,Vegetables,1 Kg,386.37,2025-08_Annexure1.xlsx,407.12,343.8,350.0,350.0,360.5,386.87,482.06,392.9,444.89,466.56,386.38,354.81,299.67,409.24,400.0,349.76,430.89
2025-08,2025-08-01,29,Tea Lipton Yellow Label 190 gm Packet,Tea Lipton Yellow Label 190 gm Packet,,Beverages,Each,447.07,2025-08_Annexure1.xlsx,447.06,447.05,447.05,447.05,447.06,447.5,447.06,447.05,447.0,447.06,447.06,447.05,447.05,447.0,447.0,447.0,447.05
2025-08,2025-08-01,30,Cooked Beef at Average Hotel,Cooked Beef at Average Hotel,,Food Away from Home,Per Plate,311.57,2025-08_Annexure1.xlsx,354.07,334.26,450.0,350.0,291.76,315.82,300.0,325.91,309.68,355.31,301.62,200.0,240.0,247.93,300.0,359.91,343.2
2025-08,2025-08-01,31,Cooked Daal at Average Hotel,Cooked Daal at Average Hotel,,Food Away from Home,Per Plate,167.37,2025-08_Annexure1.xlsx,241.4,220.86,150.0,170.0,194.15,176.14,150.0,141.08,173.27,183.7,172.25,154.92,120.0,133.72,130.0,188.54,193.1
2025-08,2025-08-01,32,Tea Prepared Ordinary,Tea Prepared Ordinary,,Food Away from Home,Per Cup,61.68,2025-08_Annexure1.xlsx,70.0,68.58,60.0,50.0,60.0,63.16,63.16,76.52,50.0,70.0,71.45,60.0,70.0,48.83,50.0,80.0,50.0
2025-08,2025-08-01,33,Cigarettes Capstan 20'S Packet,Cigarettes Capstan 20'S Packet,,Tobacco,Each,243.02,2025-08_Annexure1.xlsx,250.0,244.5,230.0,230.0,240.0,250.0,240.0,240.0,240.0,250.0,250.0,240.0,240.0,250.0,250.0,244.95,243.29
2025-08,2025-08-01,34,"Long Cloth 57"" Gul Ahmed/Al Karam","Long Cloth 57"" Gul Ahmed/Al Karam",,Textiles & Apparel,1 mtr,657.39,2025-08_Annexure1.xlsx,738.24,721.62,667.0,660.0,790.0,566.19,700.0,800.0,793.28,732.18,538.81,500.0,646.33,642.0,700.0,748.89,400.0
2025-08,2025-08-01,35,Shirting (Average Quality),Shirting (Average Quality),,Textiles & Apparel,1 mtr,499.89,2025-08_Annexure1.xlsx,701.62,654.44,600.0,450.0,428.7,866.35,600.0,520.7,586.59,629.4,482.06,229.58,482.74,656.62,476.22,229.85,372.77
2025-08,2025-08-01,36,Lawn Printed Gul Ahmed/Al Karam,Lawn Printed Gul Ahmed/Al Karam,,Textiles & Apparel,1 mtr,657.22,2025-08_Annexure1.xlsx,662.12,628.7,748.0,650.0,784.81,666.26,714.0,738.46,818.89,720.79,508.11,550.0,632.89,702.0,650.0,748.89,400.0
2025-08,2025-08-01,37,Georgette (Average Quality),Georgette (Average Quality),,Textiles & Apparel,1 mtr,301.9,2025-08_Annexure1.xlsx,394.66,378.24,250.0,300.0,349.32,350.0,400.0,327.54,300.0,336.11,311.51,206.46,332.47,239.86,250.0,219.62,282.31
2025-08,2025-08-01,38,Gents Sandal Bata,Gents Sandal Bata,,Footwear,Pair,2499.0,2025-08_Annexure1.xlsx,2499.0,2499.0,2499.0,2499.0,2499.0,2499.0,2499.0,2499.0,2499.0,2499.0,2499.0,2499.0,2499.0,2499.0,2499.0,2499.0,2499.0
2025-08,2025-08-01,39,Gents Sponge Chappal Bata,Gents Sponge Chappal Bata,,Footwear,Pair,599.0,2025-08_Annexure1.xlsx,599.0,599.0,599.0,599.0,599.0,599.0,599.0,599.0,599.0,599.0,599.0,599.0,599.0,599.0,599.0,599.0,599.0
2025-08,2025-08-01,40,Ladies Sandal Bata,Ladies Sandal Bata,,Footwear,Pair,1399.0,2025-08_Annexure1.xlsx,1399.0,1399.0,1399.0,1399.0,1399.0,1399.0,1399.0,1399.0,1399.0,1399.0,1399.0,1399.0,1399.0,1399.0,1399.0,1399.0,1399.0
2025-08,2025-08-01,41,Electricity Charges upto 50 Units,Electricity Charges upto 50 Units,,Energy & Utilities,Per Unit,5.4,2025-08_Annexure1.xlsx,5.4,5.4,5.4,5.4,5.4,5.4,5.4,5.4,5.4,5.4,5.4,5.4,5.4,5.4,5.4,5.4,5.4
2025-08,2025-08-01,42,Gas Charges upto 3.3719 MMBTU,Gas Charges upto 3.3719 MMBTU,,Energy & Utilities,MMBTU,2566.5,2025-08_Annexure1.xlsx,2566.5,2566.5,2566.5,2566.5,2566.5,2566.5,2566.5,2566.5,2566.5,2566.5,2566.5,2566.5,2566.5,2566.5,2566.5,2566.5,2566.5
2025-08,2025-08-01,43,Firewood Whole,Firewood Whole,,Energy & Utilities,40 Kg,1342.23,2025-08_Annexure1.xlsx,2089.01,1651.22,1500.0,1500.0,1658.35,1800.0,1250.0,1440.97,1600.0,1317.0,1165.7,900.0,1165.7,1171.18,849.02,1349.38,1032.28
2025-08,2025-08-01,44,Energy Saver Philips 14 Watt,Energy Saver Philips 14 Watt,,Household Goods,Each,386.6,2025-08_Annexure1.xlsx,276.63,260.4,550.0,575.0,550.0,400.0,550.0,575.0,272.7,350.0,432.67,300.0,370.0,350.0,250.0,350.0,432.67
2025-08,2025-08-01,45,Sufi Washing Soap 250 gm Cake,Sufi Washing Soap 250 gm Cake,,Personal & Household Care,Each,132.0,2025-08_Annexure1.xlsx,140.0,140.0,130.0,130.0,130.0,130.0,130.0,133.0,140.0,130.0,130.0,138.0,120.0,130.0,130.0,140.0,125.0
2025-08,2025-08-01,46,Match Box,Match Box,,Household Goods,Each,6.24,2025-08_Annexure1.xlsx,6.0,6.0,7.0,5.0,6.32,7.0,6.0,7.0,7.0,7.0,6.56,6.0,7.0,7.0,5.0,5.97,5.0
2025-08,2025-08-01,47,Petrol Super,Petrol Super,,Fuel & Transport,Per Litre,265.82,2025-08_Annexure1.xlsx,265.57,265.59,265.6,265.77,265.57,265.6,265.87,265.58,266.21,265.66,266.87,265.57,265.93,265.6,266.7,265.66,265.57
2025-08,2025-08-01,48,Hi-Speed Diesel,Hi-Speed Diesel,,Fuel & Transport,Per Litre,280.52,2025-08_Annexure1.xlsx,280.3,280.29,280.33,280.5,280.3,280.34,280.6,280.34,280.94,280.39,281.68,280.3,280.14,280.33,281.33,280.37,280.3
2025-08,2025-08-01,49,LPG 11.67 kg Cylinder,LPG 11.67 kg Cylinder,,Energy & Utilities,Each,2939.62,2025-08_Annexure1.xlsx,3062.32,3190.91,3179.65,3143.99,2839.17,3091.46,2799.11,2984.86,3249.62,2697.7,2965.57,2920.0,2690.54,2753.99,2757.89,2887.35,2848.64
2025-08,2025-08-01,50,Telephone Call Charges,Telephone Call Charges,,Communication,Per Minute,1.79,2025-08_Annexure1.xlsx,1.79,1.79,1.79,1.79,1.79,1.79,1.79,1.79,1.79,1.79,1.79,1.79,1.79,1.79,1.79,1.79,1.79
2025-08,2025-08-01,51,Toilet Soap LIFEBUOY 115 gm,Toilet Soap LIFEBUOY 115 gm,,Personal & Household Care,Each,112.54,2025-08_Annexure1.xlsx,116.17,116.17,112.3,115.49,111.82,119.6,99.74,116.17,116.17,115.64,116.17,110.0,118.6,99.74,112.32,109.43,110.0
2025-09,2025-09-01,1,Wheat Flour Bag,Wheat Flour Bag,,Cereals & Grains,20 Kg,2099.93,2025-09_Annexure1.xlsx,2246.76,2076.67,1924.23,1957.63,1897.43,1900.49,1900.49,1915.97,1987.2,2215.14,2322.93,2138.93,2226.24,2288.81,2268.21,2303.42,2234.54
2025-09,2025-09-01,2,Rice Basmati Broken (Average Quality),Rice Basmati Broken (Average Quality),,Cereals & Grains,1 Kg,216.17,2025-09_Annexure1.xlsx,270.65,260.17,180.0,187.45,210.37,240.0,170.0,193.1,186.43,282.43,211.44,200.0,243.29,231.03,143.26,282.3,246.62
2025-09,2025-09-01,3,Rice IRRI-6/9 (Sindh/Punjab),Rice IRRI-6/9 (Sindh/Punjab),,Cereals & Grains,1 Kg,158.01,2025-09_Annexure1.xlsx,178.64,162.9,,,,160.0,186.61,140.92,176.6,177.66,144.81,170.0,116.57,130.31,159.85,164.8,159.85
2025-09,2025-09-01,4,Bread plain (Small Size),Bread plain (Small Size),,Bakery & Confectionery,Each,110.12,2025-09_Annexure1.xlsx,110.0,110.0,110.0,110.0,110.0,110.0,100.0,110.0,110.0,110.0,120.0,130.0,116.57,100.0,100.0,120.0,100.0
2025-09,2025-09-01,5,Beef with Bone (Average Quality),Beef with Bone (Average Quality),,Meat & Poultry,1 Kg,1122.85,2025-09_Annexure1.xlsx,1378.95,1372.98,1100.0,1100.0,1068.31,1200.0,1049.21,1271.98,1000.0,1304.87,1170.39,1000.0,1165.7,1038.55,900.0,1099.24,1000.0
2025-09,2025-09-01,6,Mutton (Average Quality),Mutton (Average Quality),,Meat & Poultry,1 Kg,2062.77,2025-09_Annexure1.xlsx,2402.66,2397.86,2100.0,2100.0,2332.86,2200.0,2082.99,2355.15,1866.06,2218.25,2049.0,1700.0,2000.0,2019.61,1624.43,2073.86,1766.03
2025-09,2025-09-01,7,Chicken Farm Broiler (Live),Chicken Farm Broiler (Live),,Meat & Poultry,1 Kg,416.65,2025-09_Annexure1.xlsx,417.7,414.38,400.11,401.99,400.94,412.3,404.71,401.25,389.46,440.04,421.85,414.09,416.11,412.41,420.19,463.88,459.14
2025-09,2025-09-01,8,Milk fresh (Un-boiled),Milk fresh (Un-boiled),,Dairy & Eggs,1 Ltr,202.2,2025-09_Annexure1.xlsx,234.67,216.86,200.0,170.0,189.11,200.0,173.27,197.73,176.6,220.0,218.32,200.0,243.29,241.59,176.6,200.0,200.0
2025-09,2025-09-01,9,Curd (Dahi) Loose,Curd (Dahi) Loose,,Dairy & Eggs,1 Kg,236.88,2025-09_Annexure1.xlsx,253.88,241.06,220.0,180.0,220.7,240.0,220.0,235.5,208.11,335.48,314.88,220.0,286.51,262.06,199.15,220.0,220.0
2025-09,2025-09-01,10,Powdered Milk NIDO 390 gm Polybag,Powdered Milk NIDO 390 gm Polybag,,Dairy & Eggs,Each,1094.55,2025-09_Annexure1.xlsx,1138.28,1140.65,1100.0,1100.0,1100.0,1100.0,1120.0,1100.0,1100.0,1065.34,1097.49,1080.0,1047.07,1100.0,1024.7,1100.0,1100.0
2025-09,2025-09-01,11,Eggs Hen (Farm),Eggs Hen (Farm),,Dairy & Eggs,1 Dozen,311.1,2025-09_Annexure1.xlsx,315.47,314.83,304.96,304.98,303.74,306.22,305.48,299.64,308.74,326.0,307.35,320.0,320.0,316.02,316.39,324.67,296.16
2025-09,2025-09-01,12,Mustard Oil (Average Quality),Mustard Oil (Average Quality),,Oils & Fats,1 Kg,537.29,2025-09_Annexure1.xlsx,643.22,633.89,500.0,500.0,541.79,558.74,491.61,580.0,500.0,539.29,460.46,440.0,504.93,629.68,478.66,597.23,593.26
2025-09,2025-09-01,13,"Cooking Oil DALDA or Other Similar Brand (SN), 5 Litre Tin","Cooking Oil DALDA or Other Similar Brand (SN), 5 Litre Tin",,Oils & Fats,Each,2874.42,2025-09_Annexure1.xlsx,2873.71,2873.71,2865.0,2865.0,2865.0,2865.0,2865.0,2865.0,2873.71,2865.0,2865.0,2865.0,2915.0,2817.75,3000.0,2865.0,2865.0
2025-09,2025-09-01,14,Vegetable Ghee DALDA/HABIB 2.5 kg Tin,Vegetable Ghee DALDA/HABIB 2.5 kg Tin,,Oils & Fats,Each,1460.82,2025-09_Annexure1.xlsx,1464.97,1464.97,1460.0,1460.0,1460.0,1460.0,1460.0,1460.0,1468.29,1460.0,1460.0,1460.0,1485.0,1446.66,1425.0,1460.0,1480.0
2025-09,2025-09-01,15,Vegetable Ghee DALDA/HABIB or Other superior Quality 1 kg Pouch,Vegetable Ghee DALDA/HABIB or Other superior Quality 1 kg Pouch,,Oils & Fats,Each,568.59,2025-09_Annexure1.xlsx,571.99,571.99,569.0,569.0,571.99,560.0,569.0,569.0,571.99,569.0,569.0,569.0,579.0,557.76,550.0,569.0,580.0
2025-09,2025-09-01,16,Bananas (Kela) Local,Bananas (Kela) Local,,Fruits,1 Dozen,139.82,2025-09_Annexure1.xlsx,222.91,211.21,144.73,150.0,143.16,119.11,134.16,177.41,147.38,112.18,95.47,119.43,91.12,159.74,126.67,125.31,165.1
2025-09,2025-09-01,17,Pulse Masoor (Washed),Pulse Masoor (Washed),Pulse Masoor (Washed),Pulses & Legumes,1 Kg,295.39,2025-09_Annexure1.xlsx,329.21,331.65,264.95,267.46,276.15,300.0,280.0,322.16,266.62,307.47,299.78,300.0,280.0,284.54,274.86,329.94,322.23
2025-09,2025-09-01,18,Pulse Moong (Washed),Pulse Moong (Washed),Pulse Moong (Washed),Pulses & Legumes,1 Kg,387.18,2025-09_Annexure1.xlsx,419.95,399.08,337.47,337.47,368.52,370.0,391.56,407.15,388.21,381.12,404.65,409.88,364.17,367.53,371.18,469.85,415.46
2025-09,2025-09-01,19,Pulse Mash (Washed),Pulse Mash (Washed),Pulse Mash (Washed),Pulses & Legumes,1 Kg,448.35,2025-09_Annexure1.xlsx,503.75,489.9,401.65,402.41,437.04,480.0,480.0,471.03,419.06,402.41,404.69,429.88,481.64,429.72,456.64,489.96,465.04
2025-09,2025-09-01,20,Pulse Gram,Pulse Gram,Pulse Gram,Pulses & Legumes,1 Kg,308.8,2025-09_Annexure1.xlsx,342.86,345.79,276.62,277.47,274.72,300.0,294.1,313.23,288.08,312.46,294.9,306.52,320.0,322.47,294.9,349.94,352.61
2025-09,2025-09-01,21,Potatoes,Potatoes,Potatoes,Vegetables,1 Kg,84.86,2025-09_Annexure1.xlsx,110.97,101.58,90.0,87.12,81.94,91.58,98.65,90.62,108.15,76.63,69.7,60.0,63.22,92.0,70.66,77.14,94.25
2025-09,2025-09-01,22,Onions,Onions,Onions,Vegetables,1 Kg,86.43,2025-09_Annexure1.xlsx,127.81,118.19,100.0,97.4,87.67,82.39,76.52,86.58,100.0,80.25,74.95,72.0,84.45,105.47,77.27,62.4,64.02
2025-09,2025-09-01,23,Tomatoes,Tomatoes,Tomatoes,Vegetables,1 Kg,198.04,2025-09_Annexure1.xlsx,245.66,233.27,246.57,240.76,216.67,232.84,209.2,220.99,238.02,171.41,172.18,170.85,201.02,187.17,141.81,130.48,167.23
2025-09,2025-09-01,24,Sugar Refined,Sugar Refined,,Sugar & Sweeteners,1 Kg,183.3,2025-09_Annexure1.xlsx,183.07,182.49,184.39,181.42,176.0,176.0,176.0,179.1,186.65,188.55,187.58,181.73,183.28,189.8,184.75,187.48,188.74
2025-09,2025-09-01,25,Gur (Average Quality),Gur (Average Quality),,Sugar & Sweeteners,1 Kg,246.26,2025-09_Annexure1.xlsx,274.63,266.6,240.0,240.0,248.9,236.41,240.82,268.62,230.82,263.17,258.4,234.84,209.76,272.46,244.95,229.91,236.62
2025-09,2025-09-01,26,Salt Powdered (NATIONAL/SHAN) 800 gm Packet,Salt Powdered (NATIONAL/SHAN) 800 gm Packet,,Condiments & Spices,Each,72.56,2025-09_Annexure1.xlsx,74.83,73.84,70.0,70.0,70.0,70.0,80.0,70.0,80.0,76.52,70.0,70.0,70.0,70.0,70.0,80.0,70.0
2025-09,2025-09-01,27,Chilies Powder NATIONAL 200 gm Packet,Chilies Powder NATIONAL 200 gm Packet,,Condiments & Spices,Each,320.0,2025-09_Annexure1.xlsx,320.0,320.0,320.0,320.0,320.0,320.0,320.0,320.0,320.0,320.0,320.0,320.0,320.0,320.0,320.0,320.0,320.0
2025-09,2025-09-01,28,Garlic (Lehsun),Garlic (Lehsun),,Vegetables,1 Kg,402.89,2025-09_Annexure1.xlsx,407.12,344.85,411.95,400.0,355.44,395.57,494.92,404.36,479.24,475.34,391.37,400.0,323.25,407.06,391.2,377.08,430.89
2025-09,2025-09-01,29,Tea Lipton Yellow Label 190 gm Packet,Tea Lipton Yellow Label 190 gm Packet,,Beverages,Each,447.06,2025-09_Annexure1.xlsx,447.06,447.05,447.05,447.05,447.06,447.5,447.01,447.05,447.0,447.06,447.06,447.05,447.05,447.0,447.0,447.0,447.05
2025-09,2025-09-01,30,Cooked Beef at Average Hotel,Cooked Beef at Average Hotel,,Food Away from Home,Per Plate,314.5,2025-09_Annexure1.xlsx,354.07,334.26,450.0,350.0,291.76,315.82,300.0,325.91,309.68,362.63,301.62,200.0,240.0,284.78,300.0,359.91,343.2
2025-09,2025-09-01,31,Cooked Daal at Average Hotel,Cooked Daal at Average Hotel,,Food Away from Home,Per Plate,167.45,2025-09_Annexure1.xlsx,241.4,220.86,150.0,170.0,194.15,176.14,150.0,141.08,173.27,183.99,172.25,154.92,120.0,133.72,130.0,189.82,193.1
2025-09,2025-09-01,32,Tea Prepared Ordinary,Tea Prepared Ordinary,,Food Away from Home,Per Cup,61.71,2025-09_Annexure1.xlsx,70.0,68.58,60.0,50.0,60.0,63.16,63.16,76.52,50.0,70.0,71.45,60.0,70.0,49.32,50.0,80.0,50.0
2025-09,2025-09-01,33,Cigarettes Capstan 20'S Packet,Cigarettes Capstan 20'S Packet,,Tobacco,Each,243.02,2025-09_Annexure1.xlsx,250.0,244.5,230.0,230.0,240.0,250.0,240.0,240.0,240.0,250.0,250.0,240.0,240.0,250.0,250.0,244.95,243.29
2025-09,2025-09-01,34,"Long Cloth 57"" Gul Ahmed/Al Karam","Long Cloth 57"" Gul Ahmed/Al Karam",,Textiles & Apparel,1 mtr,660.12,2025-09_Annexure1.xlsx,738.24,721.62,667.0,660.0,790.0,566.19,700.0,800.0,793.28,732.95,577.59,500.0,646.33,642.0,700.0,748.89,400.0
2025-09,2025-09-01,35,Shirting (Average Quality),Shirting (Average Quality),,Textiles & Apparel,1 mtr,502.32,2025-09_Annexure1.xlsx,701.62,654.44,600.0,450.0,428.7,866.35,600.0,520.7,586.59,629.4,523.35,229.58,482.74,656.62,476.22,229.85,372.77
2025-09,2025-09-01,36,Lawn Printed Gul Ahmed/Al Karam,Lawn Printed Gul Ahmed/Al Karam,,Textiles & Apparel,1 mtr,660.26,2025-09_Annexure1.xlsx,662.12,628.7,748.0,650.0,784.81,666.26,714.0,738.46,818.89,720.79,549.62,550.0,632.89,702.0,650.0,748.89,400.0
2025-09,2025-09-01,37,Georgette (Average Quality),Georgette (Average Quality),,Textiles & Apparel,1 mtr,303.15,2025-09_Annexure1.xlsx,394.66,378.24,250.0,300.0,349.32,350.0,400.0,327.54,300.0,336.11,311.51,206.46,356.65,239.86,250.0,219.62,282.31
2025-09,2025-09-01,38,Gents Sandal Bata,Gents Sandal Bata,,Footwear,Pair,2499.0,2025-09_Annexure1.xlsx,2499.0,2499.0,2499.0,2499.0,2499.0,2499.0,2499.0,2499.0,2499.0,2499.0,2499.0,2499.0,2499.0,2499.0,2499.0,2499.0,2499.0
2025-09,2025-09-01,39,Gents Sponge Chappal Bata,Gents Sponge Chappal Bata,,Footwear,Pair,599.0,2025-09_Annexure1.xlsx,599.0,599.0,599.0,599.0,599.0,599.0,599.0,599.0,599.0,599.0,599.0,599.0,599.0,599.0,599.0,599.0,599.0
2025-09,2025-09-01,40,Ladies Sandal Bata,Ladies Sandal Bata,,Footwear,Pair,1399.0,2025-09_Annexure1.xlsx,1399.0,1399.0,1399.0,1399.0,1399.0,1399.0,1399.0,1399.0,1399.0,1399.0,1399.0,1399.0,1399.0,1399.0,1399.0,1399.0,1399.0
2025-09,2025-09-01,41,Electricity Charges upto 50 Units,Electricity Charges upto 50 Units,,Energy & Utilities,Per Unit,4.99,2025-09_Annexure1.xlsx,4.99,4.99,4.99,4.99,4.99,4.99,4.99,4.99,4.99,4.99,4.99,4.99,4.99,4.99,4.99,4.99,4.99
2025-09,2025-09-01,42,Gas Charges upto 3.3719 MMBTU,Gas Charges upto 3.3719 MMBTU,,Energy & Utilities,MMBTU,2566.5,2025-09_Annexure1.xlsx,2566.5,2566.5,2566.5,2566.5,2566.5,2566.5,2566.5,2566.5,2566.5,2566.5,2566.5,2566.5,2566.5,2566.5,2566.5,2566.5,2566.5
2025-09,2025-09-01,43,Firewood Whole,Firewood Whole,,Energy & Utilities,40 Kg,1351.16,2025-09_Annexure1.xlsx,2089.01,1651.22,1500.0,1500.0,1658.35,1800.0,1250.0,1440.97,1600.0,1317.0,1253.46,900.0,1213.5,1171.18,849.02,1349.38,1032.28
2025-09,2025-09-01,44,Energy Saver Philips 14 Watt,Energy Saver Philips 14 Watt,,Household Goods,Each,387.05,2025-09_Annexure1.xlsx,276.63,260.4,550.0,575.0,550.0,400.0,550.0,575.0,272.7,350.0,441.25,300.0,370.0,350.0,250.0,350.0,432.67
2025-09,2025-09-01,45,Sufi Washing Soap 250 gm Cake,Sufi Washing Soap 250 gm Cake,,Personal & Household Care,Each,132.26,2025-09_Annexure1.xlsx,141.62,140.32,130.0,130.0,130.0,130.0,130.0,133.0,140.0,130.0,130.0,138.0,122.43,130.0,130.0,140.0,125.0
2025-09,2025-09-01,46,Match Box,Match Box,,Household Goods,Each,6.24,2025-09_Annexure1.xlsx,6.0,6.0,7.0,5.0,6.32,7.0,6.0,7.0,7.0,7.0,6.56,6.0,7.0,7.0,5.0,5.97,5.0
2025-09,2025-09-01,47,Petrol Super,Petrol Super,,Fuel & Transport,Per Litre,265.82,2025-09_Annexure1.xlsx,265.57,265.59,265.6,265.77,265.57,265.6,265.87,265.58,266.21,265.66,266.87,265.57,265.93,265.6,266.7,265.66,265.57
2025-09,2025-09-01,48,Hi-Speed Diesel,Hi-Speed Diesel,,Fuel & Transport,Per Litre,273.15,2025-09_Annexure1.xlsx,272.62,272.49,273.3,273.47,273.06,272.65,274.18,272.74,273.96,272.54,274.48,272.52,273.64,272.45,274.49,272.48,272.45
2025-09,2025-09-01,49,LPG 11.67 kg Cylinder,LPG 11.67 kg Cylinder,,Energy & Utilities,Each,3067.03,2025-09_Annexure1.xlsx,3174.56,3268.64,3208.97,3265.42,3002.31,3150.0,2974.68,3053.0,3266.39,2933.28,3131.8,3040.0,2986.35,2990.15,2874.53,2899.82,2965.2
2025-09,2025-09-01,50,Telephone Call Charges,Telephone Call Charges,,Communication,Per Minute,1.79,2025-09_Annexure1.xlsx,1.79,1.79,1.79,1.79,1.79,1.79,1.79,1.79,1.79,1.79,1.79,1.79,1.79,1.79,1.79,1.79,1.79
2025-09,2025-09-01,51,Toilet Soap LIFEBUOY 115 gm,Toilet Soap LIFEBUOY 115 gm,,Personal & Household Care,Each,114.54,2025-09_Annexure1.xlsx,116.17,116.17,112.3,114.0,116.17,117.87,102.74,116.17,116.17,115.91,116.17,110.0,118.6,116.87,116.86,116.17,110.0
2025-10,2025-10-01,1,Wheat Flour Bag,Wheat Flour Bag,,Cereals & Grains,20 Kg,2145.81,2025-10_Annexure1.xlsx,2427.67,2051.41,1910.25,1915.64,1810.0,1978.81,1810.0,1908.18,2180.09,2362.38,2367.59,2156.57,2119.81,2675.69,2549.89,2327.31,2172.88
2025-10,2025-10-01,2,Rice Basmati Broken (Average Quality),Rice Basmati Broken (Average Quality),,Cereals & Grains,1 Kg,217.25,2025-10_Annexure1.xlsx,274.83,264.52,180.0,183.94,210.37,240.0,163.27,193.1,186.43,283.56,213.12,200.0,243.29,233.29,146.59,301.9,246.62
2025-10,2025-10-01,3,Rice IRRI-6/9 (Sindh/Punjab),Rice IRRI-6/9 (Sindh/Punjab),,Cereals & Grains,1 Kg,158.51,2025-10_Annexure1.xlsx,178.64,164.27,,,,160.0,186.61,140.92,176.6,177.76,146.37,154.46,116.57,133.91,166.6,169.88,163.27
2025-10,2025-10-01,4,Bread plain (Small Size),Bread plain (Small Size),,Bakery & Confectionery,Each,110.12,2025-10_Annexure1.xlsx,110.0,110.0,110.0,110.0,110.0,110.0,100.0,110.0,110.0,110.0,120.0,130.0,116.57,100.0,100.0,120.0,100.0
2025-10,2025-10-01,5,Beef with Bone (Average Quality),Beef with Bone (Average Quality),,Meat & Poultry,1 Kg,1136.36,2025-10_Annexure1.xlsx,1393.81,1380.78,1100.0,1100.0,1102.66,1200.0,1093.2,1271.98,1000.0,1316.33,1174.55,1000.0,1165.7,1118.07,925.65,1099.24,1000.0
2025-10,2025-10-01,6,Mutton (Average Quality),Mutton (Average Quality),,Meat & Poultry,1 Kg,2089.82,2025-10_Annexure1.xlsx,2437.76,2412.81,2200.0,2100.0,2370.52,2200.0,2100.0,2355.15,1866.06,2266.12,2136.97,1700.0,2000.0,2062.84,1700.0,2073.86,1766.03
2025-10,2025-10-01,7,Chicken Farm Broiler (Live),Chicken Farm Broiler (Live),,Meat & Poultry,1 Kg,329.15,2025-10_Annexure1.xlsx,333.72,331.4,316.8,315.11,304.75,334.29,330.19,315.02,308.64,334.82,317.97,325.49,330.67,330.3,339.76,346.34,388.57
2025-10,2025-10-01,8,Milk fresh (Un-boiled),Milk fresh (Un-boiled),,Dairy & Eggs,1 Ltr,202.75,2025-10_Annexure1.xlsx,235.71,216.86,200.0,170.0,192.68,200.0,173.27,197.73,179.31,220.0,218.32,200.0,243.29,241.59,177.95,200.0,200.0
2025-10,2025-10-01,9,Curd (Dahi) Loose,Curd (Dahi) Loose,,Dairy & Eggs,1 Kg,237.98,2025-10_Annexure1.xlsx,254.09,241.06,220.0,180.0,226.2,240.0,220.0,235.5,220.0,335.48,314.88,220.0,286.51,262.06,198.64,220.0,220.0
2025-10,2025-10-01,10,Powdered Milk NIDO 390 gm Polybag,Powdered Milk NIDO 390 gm Polybag,,Dairy & Eggs,Each,1107.45,2025-10_Annexure1.xlsx,1146.28,1145.45,1100.0,1100.0,1155.65,1100.0,1120.0,1100.0,1119.91,1065.34,1120.79,1080.0,1100.0,1108.09,1069.72,1100.0,1100.0
2025-10,2025-10-01,11,Eggs Hen (Farm),Eggs Hen (Farm),,Dairy & Eggs,1 Dozen,329.42,2025-10_Annexure1.xlsx,332.27,330.74,321.55,317.6,320.85,324.67,324.67,320.05,319.55,339.67,324.78,333.67,329.12,338.39,337.01,342.37,344.95
2025-10,2025-10-01,12,Mustard Oil (Average Quality),Mustard Oil (Average Quality),,Oils & Fats,1 Kg,538.91,2025-10_Annexure1.xlsx,648.63,641.09,500.0,500.0,541.79,560.0,498.65,597.67,500.0,546.56,476.85,440.0,482.62,629.68,470.0,597.23,593.26
2025-10,2025-10-01,13,"Cooking Oil DALDA or Other Similar Brand (SN), 5 Litre Tin","Cooking Oil DALDA or Other Similar Brand (SN), 5 Litre Tin",,Oils & Fats,Each,2887.66,2025-10_Annexure1.xlsx,2926.92,2926.92,2880.82,2880.82,2885.95,2871.97,2865.0,2896.74,2908.94,2885.95,2885.95,2865.0,2932.96,2851.46,2850.0,2871.97,2904.59
2025-10,2025-10-01,14,Vegetable Ghee DALDA/HABIB 2.5 kg Tin,Vegetable Ghee DALDA/HABIB 2.5 kg Tin,,Oils & Fats,Each,1476.5,2025-10_Annexure1.xlsx,1495.98,1495.98,1467.91,1460.0,1483.87,1475.87,1475.87,1487.91,1489.6,1484.36,1479.95,1483.87,1485.0,1489.18,1400.0,1467.91,1480.0
2025-10,2025-10-01,15,Vegetable Ghee DALDA/HABIB or Other superior Quality 1 kg Pouch,Vegetable Ghee DALDA/HABIB or Other superior Quality 1 kg Pouch,,Oils & Fats,Each,577.42,2025-10_Annexure1.xlsx,582.99,582.99,578.98,577.77,580.98,572.89,581.76,580.98,582.99,576.74,579.76,573.79,579.0,571.31,557.99,575.78,580.0
2025-10,2025-10-01,16,Bananas (Kela) Local,Bananas (Kela) Local,,Fruits,1 Dozen,125.28,2025-10_Annexure1.xlsx,213.06,200.22,130.0,133.77,128.78,119.11,107.57,164.85,133.81,108.73,88.62,103.72,84.16,142.0,114.74,98.41,126.75
2025-10,2025-10-01,17,Pulse Masoor (Washed),Pulse Masoor (Washed),Pulse Masoor (Washed),Pulses & Legumes,1 Kg,294.32,2025-10_Annexure1.xlsx,322.99,323.2,257.97,260.0,276.15,303.9,280.0,322.16,262.55,307.84,293.77,300.0,280.0,285.29,275.88,339.88,330.0
2025-10,2025-10-01,18,Pulse Moong (Washed),Pulse Moong (Washed),Pulse Moong (Washed),Pulses & Legumes,1 Kg,383.58,2025-10_Annexure1.xlsx,416.22,397.07,340.0,323.96,364.29,351.7,396.64,395.56,367.88,385.58,395.27,409.88,365.93,367.3,364.43,485.89,421.03
2025-10,2025-10-01,19,Pulse Mash (Washed),Pulse Mash (Washed),Pulse Mash (Washed),Pulses & Legumes,1 Kg,448.06,2025-10_Annexure1.xlsx,503.75,489.9,400.0,390.0,437.04,480.0,480.0,471.03,399.8,403.58,398.29,429.88,480.0,435.53,454.64,499.88,493.24
2025-10,2025-10-01,20,Pulse Gram,Pulse Gram,Pulse Gram,Pulses & Legumes,1 Kg,299.69,2025-10_Annexure1.xlsx,337.91,332.33,251.23,267.97,269.78,281.62,286.54,298.84,259.14,311.72,290.2,300.0,320.0,320.32,294.56,337.92,359.63
2025-10,2025-10-01,21,Potatoes,Potatoes,Potatoes,Vegetables,1 Kg,83.38,2025-10_Annexure1.xlsx,117.61,104.68,90.0,82.55,76.99,83.2,91.58,98.52,113.95,77.08,69.05,60.0,61.29,92.51,62.16,72.34,92.83
2025-10,2025-10-01,22,Onions,Onions,Onions,Vegetables,1 Kg,110.52,2025-10_Annexure1.xlsx,150.54,142.25,124.2,120.36,111.96,104.67,105.05,116.89,121.42,113.82,109.3,94.96,86.8,140.27,110.91,71.89,85.44
2025-10,2025-10-01,23,Tomatoes,Tomatoes,Tomatoes,Vegetables,1 Kg,264.57,2025-10_Annexure1.xlsx,323.7,314.74,304.2,330.31,298.44,291.13,296.28,289.57,286.03,237.78,217.17,230.11,225.03,275.49,237.15,182.53,219.09
2025-10,2025-10-01,24,Sugar Refined,Sugar Refined,,Sugar & Sweeteners,1 Kg,186.15,2025-10_Annexure1.xlsx,187.23,185.24,187.55,182.36,178.2,180.93,179.91,186.39,188.32,189.4,188.4,181.59,185.66,195.88,188.91,190.49,188.93
2025-10,2025-10-01,25,Gur (Average Quality),Gur (Average Quality),,Sugar & Sweeteners,1 Kg,248.71,2025-10_Annexure1.xlsx,274.63,266.6,240.0,240.0,266.29,246.49,246.62,268.62,233.29,263.17,265.63,207.77,213.12,273.29,253.29,241.8,240.57
2025-10,2025-10-01,26,Salt Powdered (NATIONAL/SHAN) 800 gm Packet,Salt Powdered (NATIONAL/SHAN) 800 gm Packet,,Condiments & Spices,Each,72.66,2025-10_Annexure1.xlsx,74.83,75.57,70.0,70.0,70.0,70.0,80.0,70.0,80.0,76.52,70.0,70.0,70.0,70.0,70.0,80.0,70.0
2025-10,2025-10-01,27,Chilies Powder NATIONAL 200 gm Packet,Chilies Powder NATIONAL 200 gm Packet,,Condiments & Spices,Each,322.29,2025-10_Annexure1.xlsx,320.0,320.0,320.0,320.0,320.0,320.0,340.0,320.0,320.0,320.0,320.0,340.0,320.0,320.0,320.0,320.0,320.0
2025-10,2025-10-01,28,Garlic (Lehsun),Garlic (Lehsun),,Vegetables,1 Kg,414.2,2025-10_Annexure1.xlsx,447.63,407.41,425.93,407.88,340.69,382.59,473.84,411.4,493.24,468.77,391.37,443.9,374.79,385.45,398.71,382.7,436.16
2025-10,2025-10-01,29,Tea Lipton Yellow Label 190 gm Packet,Tea Lipton Yellow Label 190 gm Packet,,Beverages,Each,447.06,2025-10_Annexure1.xlsx,447.06,447.05,447.05,447.05,447.06,447.5,447.0,447.05,447.0,447.06,447.06,447.05,447.05,447.0,447.0,447.0,447.05
2025-10,2025-10-01,30,Cooked Beef at Average Hotel,Cooked Beef at Average Hotel,,Food Away from Home,Per Plate,315.26,2025-10_Annexure1.xlsx,354.07,334.26,450.0,350.0,291.76,315.82,300.0,325.91,309.68,371.01,301.62,200.0,240.0,290.05,300.0,359.91,343.2
2025-10,2025-10-01,31,Cooked Daal at Average Hotel,Cooked Daal at Average Hotel,,Food Away from Home,Per Plate,167.47,2025-10_Annexure1.xlsx,241.4,220.86,150.0,170.0,194.15,176.14,150.0,141.08,173.27,184.29,172.25,154.92,120.0,133.72,130.0,189.82,193.1
2025-10,2025-10-01,32,Tea Prepared Ordinary,Tea Prepared Ordinary,,Food Away from Home,Per Cup,61.71,2025-10_Annexure1.xlsx,70.0,68.58,60.0,50.0,60.0,63.16,63.16,76.52,50.0,70.0,71.45,60.0,70.0,49.32,50.0,80.0,50.0
2025-10,2025-10-01,33,Cigarettes Capstan 20'S Packet,Cigarettes Capstan 20'S Packet,,Tobacco,Each,243.2,2025-10_Annexure1.xlsx,250.0,244.5,230.0,230.0,240.0,250.0,240.0,240.0,240.0,250.0,250.0,240.0,240.0,250.0,253.29,244.95,243.29
2025-10,2025-10-01,34,"Long Cloth 57"" Gul Ahmed/Al Karam","Long Cloth 57"" Gul Ahmed/Al Karam",,Textiles & Apparel,1 mtr,660.47,2025-10_Annexure1.xlsx,738.24,721.62,667.0,660.0,790.0,566.19,700.0,800.0,793.28,732.95,582.85,500.0,646.33,642.0,700.0,748.89,400.0
2025-10,2025-10-01,35,Shirting (Average Quality),Shirting (Average Quality),,Textiles & Apparel,1 mtr,502.83,2025-10_Annexure1.xlsx,701.62,654.44,600.0,450.0,428.7,866.35,600.0,520.7,586.59,634.16,528.59,229.58,482.74,656.62,476.22,229.85,372.77
2025-10,2025-10-01,36,Lawn Printed Gul Ahmed/Al Karam,Lawn Printed Gul Ahmed/Al Karam,,Textiles & Apparel,1 mtr,662.54,2025-10_Annexure1.xlsx,662.12,628.7,748.0,650.0,784.81,666.26,714.0,738.46,818.89,720.79,582.85,550.0,632.89,702.0,650.0,748.89,400.0
2025-10,2025-10-01,37,Georgette (Average Quality),Georgette (Average Quality),,Textiles & Apparel,1 mtr,304.4,2025-10_Annexure1.xlsx,394.66,378.24,250.0,300.0,349.32,350.0,400.0,327.54,300.0,336.11,311.51,206.46,382.59,239.86,250.0,219.62,282.31
2025-10,2025-10-01,38,Gents Sandal Bata,Gents Sandal Bata,,Footwear,Pair,2499.0,2025-10_Annexure1.xlsx,2499.0,2499.0,2499.0,2499.0,2499.0,2499.0,2499.0,2499.0,2499.0,2499.0,2499.0,2499.0,2499.0,2499.0,2499.0,2499.0,2499.0
2025-10,2025-10-01,39,Gents Sponge Chappal Bata,Gents Sponge Chappal Bata,,Footwear,Pair,599.0,2025-10_Annexure1.xlsx,599.0,599.0,599.0,599.0,599.0,599.0,599.0,599.0,599.0,599.0,599.0,599.0,599.0,599.0,599.0,599.0,599.0
2025-10,2025-10-01,40,Ladies Sandal Bata,Ladies Sandal Bata,,Footwear,Pair,1399.0,2025-10_Annexure1.xlsx,1399.0,1399.0,1399.0,1399.0,1399.0,1399.0,1399.0,1399.0,1399.0,1399.0,1399.0,1399.0,1399.0,1399.0,1399.0,1399.0,1399.0
2025-10,2025-10-01,41,Electricity Charges upto 50 Units,Electricity Charges upto 50 Units,,Energy & Utilities,Per Unit,4.83,2025-10_Annexure1.xlsx,4.83,4.83,4.83,4.83,4.83,4.83,4.83,4.83,4.83,4.83,4.83,4.83,4.83,4.83,4.83,4.83,4.83
2025-10,2025-10-01,42,Gas Charges upto 3.3719 MMBTU,Gas Charges upto 3.3719 MMBTU,,Energy & Utilities,MMBTU,2566.5,2025-10_Annexure1.xlsx,2566.5,2566.5,2566.5,2566.5,2566.5,2566.5,2566.5,2566.5,2566.5,2566.5,2566.5,2566.5,2566.5,2566.5,2566.5,2566.5,2566.5
2025-10,2025-10-01,43,Firewood Whole,Firewood Whole,,Energy & Utilities,40 Kg,1374.6,2025-10_Annexure1.xlsx,2129.12,1695.64,1500.0,1500.0,1681.18,1800.0,1250.0,1500.19,1600.0,1317.0,1343.54,900.0,1276.32,1180.12,906.46,1349.38,1032.28
2025-10,2025-10-01,44,Energy Saver Philips 14 Watt,Energy Saver Philips 14 Watt,,Household Goods,Each,391.36,2025-10_Annexure1.xlsx,276.63,260.4,550.0,575.0,550.0,400.0,550.0,575.0,272.7,350.0,450.0,300.0,370.0,350.0,268.91,350.0,476.25
2025-10,2025-10-01,45,Sufi Washing Soap 250 gm Cake,Sufi Washing Soap 250 gm Cake,,Personal & Household Care,Each,133.14,2025-10_Annexure1.xlsx,143.26,141.82,130.0,130.0,130.0,130.0,130.0,133.0,140.0,130.0,130.0,138.0,130.0,133.98,130.0,140.0,125.0
2025-10,2025-10-01,46,Match Box,Match Box,,Household Goods,Each,6.24,2025-10_Annexure1.xlsx,6.0,6.0,7.0,5.0,6.32,7.0,6.0,7.0,7.0,7.0,6.56,6.0,7.0,7.0,5.0,5.97,5.0
2025-10,2025-10-01,47,Petrol Super,Petrol Super,,Fuel & Transport,Per Litre,266.99,2025-10_Annexure1.xlsx,266.52,266.42,267.17,267.36,266.96,266.37,268.09,266.65,267.88,266.44,268.46,266.42,267.55,266.43,267.37,266.32,266.42
2025-10,2025-10-01,48,Hi-Speed Diesel,Hi-Speed Diesel,,Fuel & Transport,Per Litre,277.65,2025-10_Annexure1.xlsx,277.22,277.12,277.86,278.06,277.67,277.06,278.8,277.22,278.59,277.14,279.3,277.02,277.16,277.16,278.46,277.13,277.14
2025-10,2025-10-01,49,LPG 11.67 kg Cylinder,LPG 11.67 kg Cylinder,,Energy & Utilities,Each,3046.91,2025-10_Annexure1.xlsx,3244.79,3322.93,3220.69,3127.24,3027.73,3150.0,2879.03,2932.6,3300.0,2853.22,3004.25,3040.0,3033.24,3010.34,2839.58,2924.76,2948.17
2025-10,2025-10-01,50,Telephone Call Charges,Telephone Call Charges,,Communication,Per Minute,1.79,2025-10_Annexure1.xlsx,1.79,1.79,1.79,1.79,1.79,1.79,1.79,1.79,1.79,1.79,1.79,1.79,1.79,1.79,1.79,1.79,1.79
2025-10,2025-10-01,51,Toilet Soap LIFEBUOY 115 gm,Toilet Soap LIFEBUOY 115 gm,,Personal & Household Care,Each,115.32,2025-10_Annexure1.xlsx,116.17,116.17,112.3,114.0,116.17,116.17,112.3,116.17,116.17,116.18,116.17,114.28,118.6,116.87,116.87,116.17,110.0
2025-11,2025-11-01,1,Wheat Flour Bag,Wheat Flour Bag,,Cereals & Grains,20 Kg,2165.2,2025-11_Annexure1.xlsx,2474.14,2261.05,1931.64,1931.64,1810.0,1949.62,1810.0,1920.93,2162.66,2355.73,2389.11,2159.86,2159.83,2535.79,2524.55,2369.99,2289.89
2025-11,2025-11-01,2,Rice Basmati Broken (Average Quality),Rice Basmati Broken (Average Quality),,Cereals & Grains,1 Kg,215.98,2025-11_Annexure1.xlsx,274.83,264.52,180.0,180.0,210.37,241.64,160.81,193.1,186.43,278.95,213.12,200.0,243.29,222.67,146.59,299.93,246.62
2025-11,2025-11-01,3,Rice IRRI-6/9 (Sindh/Punjab),Rice IRRI-6/9 (Sindh/Punjab),,Cereals & Grains,1 Kg,156.95,2025-11_Annexure1.xlsx,178.64,164.27,,,,160.0,186.61,140.92,176.6,174.14,146.37,140.0,116.57,131.34,166.6,169.88,163.27
2025-11,2025-11-01,4,Bread plain (Small Size),Bread plain (Small Size),,Bakery & Confectionery,Each,110.73,2025-11_Annexure1.xlsx,110.0,110.0,110.0,110.0,110.0,110.0,100.0,110.0,110.0,110.0,120.0,130.0,116.57,110.0,100.0,120.0,100.0
2025-11,2025-11-01,5,Beef with Bone (Average Quality),Beef with Bone (Average Quality),,Meat & Poultry,1 Kg,1155.44,2025-11_Annexure1.xlsx,1403.8,1389.37,1100.0,1100.0,1156.28,1200.0,1116.42,1271.98,1000.0,1323.59,1174.55,1000.0,1165.7,1120.44,932.17,1136.55,1165.7
2025-11,2025-11-01,6,Mutton (Average Quality),Mutton (Average Quality),,Meat & Poultry,1 Kg,2099.38,2025-11_Annexure1.xlsx,2484.08,2422.79,2200.0,2100.0,2428.16,2200.0,2116.53,2355.15,1866.06,2271.03,2140.29,1700.0,2000.0,2062.84,1700.0,2073.86,1800.0
2025-11,2025-11-01,7,Chicken Farm Broiler (Live),Chicken Farm Broiler (Live),,Meat & Poultry,1 Kg,357.72,2025-11_Annexure1.xlsx,366.7,363.3,345.56,339.53,336.04,358.99,354.85,346.45,325.16,357.21,345.64,361.66,356.66,361.61,369.02,376.43,426.59
2025-11,2025-11-01,8,Milk fresh (Un-boiled),Milk fresh (Un-boiled),,Dairy & Eggs,1 Ltr,202.93,2025-11_Annexure1.xlsx,235.71,216.86,200.0,170.0,192.68,200.0,173.27,197.73,180.0,220.0,218.32,200.0,243.29,241.59,180.0,200.0,200.0
2025-11,2025-11-01,9,Curd (Dahi) Loose,Curd (Dahi) Loose,,Dairy & Eggs,1 Kg,238.55,2025-11_Annexure1.xlsx,254.09,241.06,220.0,180.0,234.11,240.0,220.0,235.5,220.0,335.48,314.88,220.0,286.51,262.06,200.0,220.0,220.0
2025-11,2025-11-01,10,Powdered Milk NIDO 390 gm Polybag,Powdered Milk NIDO 390 gm Polybag,,Dairy & Eggs,Each,1120.14,2025-11_Annexure1.xlsx,1148.29,1146.65,1109.87,1109.87,1170.0,1100.0,1120.0,1100.0,1130.0,1125.23,1163.32,1080.0,1100.0,1143.85,1100.0,1100.0,1100.0
2025-11,2025-11-01,11,Eggs Hen (Farm),Eggs Hen (Farm),,Dairy & Eggs,1 Dozen,354.16,2025-11_Annexure1.xlsx,354.02,353.3,352.47,350.0,343.25,346.5,346.0,339.92,344.91,360.33,354.32,352.4,354.06,361.04,356.54,372.44,381.63
2025-11,2025-11-01,12,Mustard Oil (Average Quality),Mustard Oil (Average Quality),,Oils & Fats,1 Kg,540.66,2025-11_Annexure1.xlsx,652.26,645.93,500.0,500.0,541.79,560.0,500.0,597.67,500.0,557.76,481.57,440.0,484.92,632.49,470.0,597.23,593.26
2025-11,2025-11-01,13,"Cooking Oil DALDA or Other Similar Brand (SN), 5 Litre Tin","Cooking Oil DALDA or Other Similar Brand (SN), 5 Litre Tin",,Oils & Fats,Each,2933.79,2025-11_Annexure1.xlsx,2985.26,2985.26,2945.0,2945.0,2945.0,2900.0,2924.79,2945.0,2945.0,2936.42,2933.68,2884.79,2945.0,2897.49,2850.0,2945.0,2965.0
2025-11,2025-11-01,14,Vegetable Ghee DALDA/HABIB 2.5 kg Tin,Vegetable Ghee DALDA/HABIB 2.5 kg Tin,,Oils & Fats,Each,1496.67,2025-11_Annexure1.xlsx,1521.66,1521.66,1506.21,1506.21,1500.0,1500.0,1500.0,1500.0,1515.39,1500.0,1500.0,1494.97,1496.24,1500.0,1400.0,1500.0,1484.97
2025-11,2025-11-01,15,Vegetable Ghee DALDA/HABIB or Other superior Quality 1 kg Pouch,Vegetable Ghee DALDA/HABIB or Other superior Quality 1 kg Pouch,,Oils & Fats,Each,583.4,2025-11_Annexure1.xlsx,586.74,586.74,585.0,585.0,588.49,585.0,588.49,586.74,588.49,585.0,585.0,577.48,583.49,580.0,560.0,586.74,580.0
2025-11,2025-11-01,16,Bananas (Kela) Local,Bananas (Kela) Local,,Fruits,1 Dozen,129.06,2025-11_Annexure1.xlsx,213.73,197.65,143.01,144.73,137.96,119.11,120.0,156.97,135.62,112.56,105.9,100.0,92.83,131.88,127.42,112.0,100.0
2025-11,2025-11-01,17,Pulse Masoor (Washed),Pulse Masoor (Washed),Pulse Masoor (Washed),Pulses & Legumes,1 Kg,290.25,2025-11_Annexure1.xlsx,321.23,323.2,258.24,260.0,275.43,306.52,280.0,322.16,262.36,299.19,289.83,280.0,280.0,284.12,269.81,317.4,319.68
2025-11,2025-11-01,18,Pulse Moong (Washed),Pulse Moong (Washed),Pulse Moong (Washed),Pulses & Legumes,1 Kg,377.9,2025-11_Annexure1.xlsx,413.61,397.07,344.96,320.0,357.68,340.0,396.64,379.94,353.3,385.93,391.36,409.88,365.93,364.69,329.54,479.96,426.17
2025-11,2025-11-01,19,Pulse Mash (Washed),Pulse Mash (Washed),Pulse Mash (Washed),Pulses & Legumes,1 Kg,443.56,2025-11_Annexure1.xlsx,498.76,481.87,384.9,390.0,438.05,480.0,480.0,471.03,380.0,405.35,397.88,429.88,480.0,426.86,447.31,487.44,493.24
2025-11,2025-11-01,20,Pulse Gram,Pulse Gram,Pulse Gram,Pulses & Legumes,1 Kg,281.01,2025-11_Annexure1.xlsx,316.82,310.72,240.0,252.46,249.62,270.0,263.04,277.96,240.82,285.84,274.72,280.0,312.96,298.51,254.47,322.33,356.33
2025-11,2025-11-01,21,Potatoes,Potatoes,Potatoes,Vegetables,1 Kg,80.4,2025-11_Annexure1.xlsx,107.18,93.54,84.49,76.58,87.04,70.65,83.89,85.15,111.87,78.08,65.06,70.0,65.39,89.1,57.33,69.69,92.83
2025-11,2025-11-01,22,Onions,Onions,Onions,Vegetables,1 Kg,143.35,2025-11_Annexure1.xlsx,185.48,179.1,160.52,156.24,155.76,132.27,139.09,144.89,140.83,137.82,135.0,129.61,121.36,174.61,148.31,121.61,101.53
2025-11,2025-11-01,23,Tomatoes,Tomatoes,Tomatoes,Vegetables,1 Kg,135.99,2025-11_Annexure1.xlsx,207.52,185.0,155.1,148.12,151.68,129.32,130.27,121.19,152.16,121.48,105.48,107.67,118.69,163.34,129.51,116.44,111.03
2025-11,2025-11-01,24,Sugar Refined,Sugar Refined,,Sugar & Sweeteners,1 Kg,188.12,2025-11_Annexure1.xlsx,186.34,185.1,181.98,180.08,179.0,183.76,179.75,182.55,182.9,197.38,193.86,186.96,192.74,190.92,183.7,215.14,199.44
2025-11,2025-11-01,25,Gur (Average Quality),Gur (Average Quality),,Sugar & Sweeteners,1 Kg,242.89,2025-11_Annexure1.xlsx,274.63,266.6,224.84,240.0,259.26,246.49,218.71,250.23,224.48,263.17,261.89,200.0,202.34,273.01,230.43,265.52,246.62
2025-11,2025-11-01,26,Salt Powdered (NATIONAL/SHAN) 800 gm Packet,Salt Powdered (NATIONAL/SHAN) 800 gm Packet,,Condiments & Spices,Each,70.64,2025-11_Annexure1.xlsx,73.59,74.34,62.36,70.0,62.36,70.0,80.0,70.0,74.45,76.52,71.58,68.66,70.0,70.0,70.0,69.28,70.0
2025-11,2025-11-01,27,Chilies Powder NATIONAL 200 gm Packet,Chilies Powder NATIONAL 200 gm Packet,,Condiments & Spices,Each,322.29,2025-11_Annexure1.xlsx,320.0,320.0,320.0,320.0,320.0,320.0,340.0,320.0,320.0,320.0,320.0,340.0,320.0,320.0,320.0,320.0,320.0
2025-11,2025-11-01,28,Garlic (Lehsun),Garlic (Lehsun),,Vegetables,1 Kg,414.8,2025-11_Annexure1.xlsx,464.32,420.57,400.0,401.65,340.69,329.7,484.93,415.37,493.24,461.63,388.93,400.0,381.45,378.23,396.67,394.88,560.81
2025-11,2025-11-01,29,Tea Lipton Yellow Label 190 gm Packet,Tea Lipton Yellow Label 190 gm Packet,,Beverages,Each,447.06,2025-11_Annexure1.xlsx,447.06,447.05,447.05,447.05,447.06,447.5,447.0,447.05,447.0,447.06,447.06,447.05,447.05,447.0,447.0,447.0,447.05
2025-11,2025-11-01,30,Cooked Beef at Average Hotel,Cooked Beef at Average Hotel,,Food Away from Home,Per Plate,315.49,2025-11_Annexure1.xlsx,354.07,334.26,450.0,350.0,291.76,315.82,300.0,325.91,309.68,371.61,301.62,200.0,240.0,293.18,300.0,359.91,343.2
2025-11,2025-11-01,31,Cooked Daal at Average Hotel,Cooked Daal at Average Hotel,,Food Away from Home,Per Plate,167.79,2025-11_Annexure1.xlsx,241.4,220.86,150.0,170.0,194.15,176.14,150.0,141.08,173.27,184.29,172.25,160.0,120.0,133.72,130.0,189.82,193.1
2025-11,2025-11-01,32,Tea Prepared Ordinary,Tea Prepared Ordinary,,Food Away from Home,Per Cup,62.47,2025-11_Annexure1.xlsx,70.0,68.58,63.16,50.0,60.0,63.16,63.16,76.52,50.0,70.0,71.45,70.0,70.0,49.32,50.0,80.0,50.0
2025-11,2025-11-01,33,Cigarettes Capstan 20'S Packet,Cigarettes Capstan 20'S Packet,,Tobacco,Each,243.36,2025-11_Annexure1.xlsx,250.0,244.5,232.46,230.0,240.0,250.0,240.0,240.0,240.0,250.0,250.0,240.0,240.0,250.0,253.29,244.95,243.29
2025-11,2025-11-01,34,"Long Cloth 57"" Gul Ahmed/Al Karam","Long Cloth 57"" Gul Ahmed/Al Karam",,Textiles & Apparel,1 mtr,660.47,2025-11_Annexure1.xlsx,738.24,721.62,667.0,660.0,790.0,566.19,700.0,800.0,793.28,732.95,582.85,500.0,646.33,642.0,700.0,748.89,400.0
2025-11,2025-11-01,35,Shirting (Average Quality),Shirting (Average Quality),,Textiles & Apparel,1 mtr,505.11,2025-11_Annexure1.xlsx,701.62,654.44,600.0,450.0,428.7,866.35,600.0,520.7,586.59,637.35,555.98,234.52,482.74,656.62,476.22,229.85,372.77
2025-11,2025-11-01,36,Lawn Printed Gul Ahmed/Al Karam,Lawn Printed Gul Ahmed/Al Karam,,Textiles & Apparel,1 mtr,662.54,2025-11_Annexure1.xlsx,662.12,628.7,748.0,650.0,784.81,666.26,714.0,738.46,818.89,720.79,582.85,550.0,632.89,702.0,650.0,748.89,400.0
2025-11,2025-11-01,37,Georgette (Average Quality),Georgette (Average Quality),,Textiles & Apparel,1 mtr,305.62,2025-11_Annexure1.xlsx,394.66,378.24,250.0,300.0,349.32,350.0,400.0,327.54,300.0,359.62,311.51,206.46,382.59,239.86,250.0,219.62,282.31
2025-11,2025-11-01,38,Gents Sandal Bata,Gents Sandal Bata,,Footwear,Pair,2499.0,2025-11_Annexure1.xlsx,2499.0,2499.0,2499.0,2499.0,2499.0,2499.0,2499.0,2499.0,2499.0,2499.0,2499.0,2499.0,2499.0,2499.0,2499.0,2499.0,2499.0
2025-11,2025-11-01,39,Gents Sponge Chappal Bata,Gents Sponge Chappal Bata,,Footwear,Pair,599.0,2025-11_Annexure1.xlsx,599.0,599.0,599.0,599.0,599.0,599.0,599.0,599.0,599.0,599.0,599.0,599.0,599.0,599.0,599.0,599.0,599.0
2025-11,2025-11-01,40,Ladies Sandal Bata,Ladies Sandal Bata,,Footwear,Pair,1399.0,2025-11_Annexure1.xlsx,1399.0,1399.0,1399.0,1399.0,1399.0,1399.0,1399.0,1399.0,1399.0,1399.0,1399.0,1399.0,1399.0,1399.0,1399.0,1399.0,1399.0
2025-11,2025-11-01,41,Electricity Charges upto 50 Units,Electricity Charges upto 50 Units,,Energy & Utilities,Per Unit,5.24,2025-11_Annexure1.xlsx,5.24,5.24,5.24,5.24,5.24,5.24,5.24,5.24,5.24,5.24,5.24,5.24,5.24,5.24,5.24,5.24,5.24
2025-11,2025-11-01,42,Gas Charges upto 3.3719 MMBTU,Gas Charges upto 3.3719 MMBTU,,Energy & Utilities,MMBTU,2566.5,2025-11_Annexure1.xlsx,2566.5,2566.5,2566.5,2566.5,2566.5,2566.5,2566.5,2566.5,2566.5,2566.5,2566.5,2566.5,2566.5,2566.5,2566.5,2566.5,2566.5
2025-11,2025-11-01,43,Firewood Whole,Firewood Whole,,Energy & Utilities,40 Kg,1426.04,2025-11_Annexure1.xlsx,2139.27,1706.93,1500.0,1500.0,1782.93,1800.0,1250.0,1541.02,1600.0,1321.74,1422.33,1100.0,1329.88,1227.66,1000.0,1449.43,1048.81
2025-11,2025-11-01,44,Energy Saver Philips 14 Watt,Energy Saver Philips 14 Watt,,Household Goods,Each,397.24,2025-11_Annexure1.xlsx,276.63,260.4,550.0,575.0,550.0,400.0,550.0,575.0,272.7,350.0,450.0,300.0,370.0,350.0,300.0,350.0,550.0
2025-11,2025-11-01,45,Sufi Washing Soap 250 gm Cake,Sufi Washing Soap 250 gm Cake,,Personal & Household Care,Each,133.24,2025-11_Annexure1.xlsx,143.26,142.6,130.0,130.0,130.0,130.0,130.0,133.0,140.0,130.0,130.0,138.0,130.0,135.0,130.0,140.0,125.0
2025-11,2025-11-01,46,Match Box,Match Box,,Household Goods,Each,6.24,2025-11_Annexure1.xlsx,6.0,6.0,7.0,5.0,6.32,7.0,6.0,7.0,7.0,7.0,6.56,6.0,7.0,7.0,5.0,5.97,5.0
2025-11,2025-11-01,47,Petrol Super,Petrol Super,,Fuel & Transport,Per Litre,267.15,2025-11_Annexure1.xlsx,266.7,266.62,267.4,267.54,267.14,266.6,268.27,266.84,268.08,266.62,268.67,266.6,267.73,266.6,266.9,266.63,266.6
2025-11,2025-11-01,48,Hi-Speed Diesel,Hi-Speed Diesel,,Fuel & Transport,Per Litre,283.14,2025-11_Annexure1.xlsx,282.68,282.6,283.28,283.54,283.12,282.58,284.25,282.98,284.05,282.6,284.63,282.57,283.7,282.58,283.13,282.6,282.58
2025-11,2025-11-01,49,LPG 11.67 kg Cylinder,LPG 11.67 kg Cylinder,,Energy & Utilities,Each,3173.95,2025-11_Annexure1.xlsx,3337.76,3405.61,3384.88,3316.78,3245.27,3205.99,3133.57,3230.55,3300.0,3008.79,3043.0,3095.94,3069.02,3232.8,3020.89,3062.15,2917.5
2025-11,2025-11-01,50,Telephone Call Charges,Telephone Call Charges,,Communication,Per Minute,1.79,2025-11_Annexure1.xlsx,1.79,1.79,1.79,1.79,1.79,1.79,1.79,1.79,1.79,1.79,1.79,1.79,1.79,1.79,1.79,1.79,1.79
2025-11,2025-11-01,51,Toilet Soap LIFEBUOY 115 gm,Toilet Soap LIFEBUOY 115 gm,,Personal & Household Care,Each,115.66,2025-11_Annexure1.xlsx,116.17,116.17,116.17,114.0,116.17,116.17,112.3,116.17,116.17,116.18,116.17,116.17,118.6,116.87,116.87,116.17,110.0
2025-12,2025-12-01,1,Wheat Flour Bag,Wheat Flour Bag,,Cereals & Grains,20 Kg,2186.16,2025-12_Annexure1.xlsx,2577.12,2334.27,1960.2,1986.34,1810.0,1810.0,1810.0,1908.39,2169.37,2389.85,2403.26,2229.35,2209.32,2581.05,2549.18,2441.81,2277.28
2025-12,2025-12-01,2,Rice Basmati Broken (Average Quality),Rice Basmati Broken (Average Quality),,Cereals & Grains,1 Kg,214.72,2025-12_Annexure1.xlsx,274.83,264.52,180.0,180.0,210.37,241.53,160.0,193.1,186.43,274.73,213.12,200.0,233.29,222.13,146.59,289.93,246.62
2025-12,2025-12-01,3,Rice IRRI-6/9 (Sindh/Punjab),Rice IRRI-6/9 (Sindh/Punjab),,Cereals & Grains,1 Kg,156.63,2025-12_Annexure1.xlsx,178.64,164.27,,,,160.0,186.61,140.92,176.6,171.34,144.81,140.0,116.57,131.07,166.6,169.88,163.27
2025-12,2025-12-01,4,Bread plain (Small Size),Bread plain (Small Size),,Bakery & Confectionery,Each,111.36,2025-12_Annexure1.xlsx,110.0,110.0,110.0,110.0,110.0,110.0,100.0,110.0,110.0,110.0,120.0,130.0,116.57,110.0,100.0,120.0,110.0
2025-12,2025-12-01,5,Beef with Bone (Average Quality),Beef with Bone (Average Quality),,Meat & Poultry,1 Kg,1159.01,2025-12_Annexure1.xlsx,1403.8,1391.05,1100.0,1100.0,1156.28,1200.0,1133.09,1271.98,1000.0,1332.78,1174.55,1016.01,1165.7,1123.21,932.17,1149.27,1165.7
2025-12,2025-12-01,6,Mutton (Average Quality),Mutton (Average Quality),,Meat & Poultry,1 Kg,2104.03,2025-12_Annexure1.xlsx,2491.43,2434.48,2200.0,2100.0,2428.16,2200.0,2133.2,2355.15,1866.06,2277.87,2140.29,1732.7,2000.0,2062.84,1700.0,2073.86,1800.0
2025-12,2025-12-01,7,Chicken Farm Broiler (Live),Chicken Farm Broiler (Live),,Meat & Poultry,1 Kg,382.03,2025-12_Annexure1.xlsx,378.04,372.64,352.79,348.25,348.25,355.77,366.72,371.39,367.69,426.96,410.74,402.36,397.88,375.33,387.73,401.54,446.49
2025-12,2025-12-01,8,Milk fresh (Un-boiled),Milk fresh (Un-boiled),,Dairy & Eggs,1 Ltr,203.13,2025-12_Annexure1.xlsx,235.71,216.86,200.0,170.0,194.15,200.0,173.27,197.73,180.0,220.0,218.32,200.0,243.29,241.59,181.59,200.0,200.0
2025-12,2025-12-01,9,Curd (Dahi) Loose,Curd (Dahi) Loose,,Dairy & Eggs,1 Kg,238.88,2025-12_Annexure1.xlsx,254.09,241.06,220.0,180.0,234.11,240.0,220.0,235.5,220.0,333.63,314.88,226.47,286.51,262.06,200.0,220.0,220.0
2025-12,2025-12-01,10,Powdered Milk NIDO 390 gm Polybag,Powdered Milk NIDO 390 gm Polybag,,Dairy & Eggs,Each,1131.95,2025-12_Annexure1.xlsx,1148.29,1146.65,1140.0,1169.87,1170.0,1100.0,1142.43,1100.0,1130.0,1139.92,1164.15,1080.0,1100.0,1148.04,1100.0,1100.0,1170.0
2025-12,2025-12-01,11,Eggs Hen (Farm),Eggs Hen (Farm),,Dairy & Eggs,1 Dozen,362.32,2025-12_Annexure1.xlsx,363.35,362.86,367.41,362.4,357.47,357.72,357.47,345.47,357.72,366.69,356.61,369.86,360.71,363.69,361.51,379.85,369.78
2025-12,2025-12-01,12,Mustard Oil (Average Quality),Mustard Oil (Average Quality),,Oils & Fats,1 Kg,540.76,2025-12_Annexure1.xlsx,652.26,645.93,500.0,500.0,523.23,560.0,500.0,597.67,500.0,563.39,483.28,449.48,481.64,638.65,470.0,597.23,593.26
2025-12,2025-12-01,13,"Cooking Oil DALDA or Other Similar Brand (SN), 5 Litre Tin","Cooking Oil DALDA or Other Similar Brand (SN), 5 Litre Tin",,Oils & Fats,Each,3017.25,2025-12_Annexure1.xlsx,3109.37,3109.37,3067.44,2945.0,3067.71,2945.0,2974.95,3067.44,3109.0,2945.0,3026.07,2891.42,3110.0,3020.53,2850.0,3109.0,2965.0
2025-12,2025-12-01,14,Vegetable Ghee DALDA/HABIB 2.5 kg Tin,Vegetable Ghee DALDA/HABIB 2.5 kg Tin,,Oils & Fats,Each,1523.81,2025-12_Annexure1.xlsx,1588.54,1588.54,1572.41,1525.0,1562.5,1521.66,1506.21,1565.93,1575.59,1500.0,1500.0,1480.0,1500.0,1500.0,1400.0,1530.69,1500.0
2025-12,2025-12-01,15,Vegetable Ghee DALDA/HABIB or Other superior Quality 1 kg Pouch,Vegetable Ghee DALDA/HABIB or Other superior Quality 1 kg Pouch,,Oils & Fats,Each,588.96,2025-12_Annexure1.xlsx,592.0,592.0,592.0,592.0,592.0,592.0,592.0,592.0,592.0,588.97,590.24,585.0,592.0,584.98,560.0,592.0,592.0
2025-12,2025-12-01,16,Bananas (Kela) Local,Bananas (Kela) Local,,Fruits,1 Dozen,130.72,2025-12_Annexure1.xlsx,216.0,205.09,150.0,150.0,141.79,119.11,126.88,156.97,147.44,117.36,107.05,100.0,89.44,131.59,130.0,96.65,103.44
2025-12,2025-12-01,17,Pulse Masoor (Washed),Pulse Masoor (Washed),Pulse Masoor (Washed),Pulses & Legumes,1 Kg,283.53,2025-12_Annexure1.xlsx,316.07,313.96,240.0,249.8,275.19,316.58,267.37,322.16,264.08,289.47,271.93,280.0,284.87,283.29,260.0,302.4,300.0
2025-12,2025-12-01,18,Pulse Moong (Washed),Pulse Moong (Washed),Pulse Moong (Washed),Pulses & Legumes,1 Kg,381.49,2025-12_Annexure1.xlsx,413.61,397.07,357.47,344.61,357.57,340.0,399.16,379.94,353.3,381.7,384.49,409.88,381.29,364.41,369.86,459.95,409.76
2025-12,2025-12-01,19,Pulse Mash (Washed),Pulse Mash (Washed),Pulse Mash (Washed),Pulses & Legumes,1 Kg,437.48,2025-12_Annexure1.xlsx,497.11,479.22,380.0,384.97,438.39,480.0,458.23,471.03,380.0,396.97,381.71,429.88,463.74,424.36,440.0,487.44,476.22
2025-12,2025-12-01,20,Pulse Gram,Pulse Gram,Pulse Gram,Pulses & Legumes,1 Kg,268.04,2025-12_Annexure1.xlsx,308.1,299.46,230.0,237.14,247.32,260.78,243.29,276.59,237.46,271.59,254.51,280.0,283.24,294.32,240.0,299.93,315.82
2025-12,2025-12-01,21,Potatoes,Potatoes,Potatoes,Vegetables,1 Kg,64.68,2025-12_Annexure1.xlsx,89.21,82.22,64.76,73.15,66.6,56.46,42.34,77.93,88.64,73.34,52.56,58.68,55.85,66.4,44.72,47.3,89.44
2025-12,2025-12-01,22,Onions,Onions,Onions,Vegetables,1 Kg,99.62,2025-12_Annexure1.xlsx,139.12,140.21,111.3,104.66,104.26,95.46,94.57,98.45,96.64,94.74,78.15,80.63,75.67,127.3,100.0,87.85,91.12
2025-12,2025-12-01,23,Tomatoes,Tomatoes,Tomatoes,Vegetables,1 Kg,76.69,2025-12_Annexure1.xlsx,124.48,100.97,97.49,104.66,85.53,84.59,82.73,76.61,77.88,62.08,43.58,46.81,59.66,88.11,61.17,69.18,85.06
2025-12,2025-12-01,24,Sugar Refined,Sugar Refined,,Sugar & Sweeteners,1 Kg,170.99,2025-12_Annexure1.xlsx,170.77,169.36,164.39,163.43,170.22,169.9,162.28,169.03,163.59,175.1,166.57,162.14,175.34,171.46,163.62,199.74,194.96
2025-12,2025-12-01,25,Gur (Average Quality),Gur (Average Quality),,Sugar & Sweeteners,1 Kg,236.25,2025-12_Annexure1.xlsx,271.28,261.21,220.0,201.3,241.79,245.69,202.45,244.39,198.25,262.58,260.66,200.0,220.0,263.84,240.0,258.67,246.62
2025-12,2025-12-01,26,Salt Powdered (NATIONAL/SHAN) 800 gm Packet,Salt Powdered (NATIONAL/SHAN) 800 gm Packet,,Condiments & Spices,Each,67.45,2025-12_Annexure1.xlsx,70.0,70.0,60.0,70.0,60.0,70.0,80.0,70.0,60.0,76.52,69.52,64.81,70.0,60.0,70.0,60.0,70.0
2025-12,2025-12-01,27,Chilies Powder NATIONAL 200 gm Packet,Chilies Powder NATIONAL 200 gm Packet,,Condiments & Spices,Each,332.21,2025-12_Annexure1.xlsx,334.05,334.05,334.05,334.05,348.71,320.0,340.0,334.05,320.0,348.71,334.05,340.0,320.0,320.0,320.0,348.71,320.0
2025-12,2025-12-01,28,Garlic (Lehsun),Garlic (Lehsun),,Vegetables,1 Kg,423.64,2025-12_Annexure1.xlsx,473.09,426.84,450.0,411.95,343.72,342.25,488.24,455.76,493.24,447.78,347.71,422.95,384.57,435.63,407.65,394.88,531.33
2025-12,2025-12-01,29,Tea Lipton Yellow Label 190 gm Packet,Tea Lipton Yellow Label 190 gm Packet,,Beverages,Each,447.06,2025-12_Annexure1.xlsx,447.06,447.05,447.05,447.05,447.06,447.5,447.0,447.05,447.0,447.06,447.06,447.05,447.05,447.0,447.0,447.0,447.05
2025-12,2025-12-01,30,Cooked Beef at Average Hotel,Cooked Beef at Average Hotel,,Food Away from Home,Per Plate,315.49,2025-12_Annexure1.xlsx,354.07,334.26,450.0,350.0,291.76,315.82,300.0,325.91,309.68,371.61,301.62,200.0,240.0,293.18,300.0,359.91,343.2
2025-12,2025-12-01,31,Cooked Daal at Average Hotel,Cooked Daal at Average Hotel,,Food Away from Home,Per Plate,167.79,2025-12_Annexure1.xlsx,241.4,220.86,150.0,170.0,194.15,176.14,150.0,141.08,173.27,184.29,172.25,160.0,120.0,133.72,130.0,189.82,193.1
2025-12,2025-12-01,32,Tea Prepared Ordinary,Tea Prepared Ordinary,,Food Away from Home,Per Cup,62.92,2025-12_Annexure1.xlsx,70.0,68.58,66.49,50.0,60.0,63.16,63.16,76.52,50.0,70.0,71.45,70.0,70.0,52.95,50.0,80.0,50.0
2025-12,2025-12-01,33,Cigarettes Capstan 20'S Packet,Cigarettes Capstan 20'S Packet,,Tobacco,Each,244.43,2025-12_Annexure1.xlsx,250.0,244.5,240.0,240.0,240.0,250.0,240.0,240.0,240.0,250.0,250.0,240.0,240.0,250.0,253.29,244.95,243.29
2025-12,2025-12-01,34,"Long Cloth 57"" Gul Ahmed/Al Karam","Long Cloth 57"" Gul Ahmed/Al Karam",,Textiles & Apparel,1 mtr,660.47,2025-12_Annexure1.xlsx,738.24,721.62,667.0,660.0,790.0,566.19,700.0,800.0,793.28,732.95,582.85,500.0,646.33,642.0,700.0,748.89,400.0
2025-12,2025-12-01,35,Shirting (Average Quality),Shirting (Average Quality),,Textiles & Apparel,1 mtr,510.73,2025-12_Annexure1.xlsx,701.62,654.44,600.0,450.0,428.7,866.35,600.0,520.7,586.59,637.35,572.13,275.07,482.74,656.62,476.22,229.85,372.77
2025-12,2025-12-01,36,Lawn Printed Gul Ahmed/Al Karam,Lawn Printed Gul Ahmed/Al Karam,,Textiles & Apparel,1 mtr,662.54,2025-12_Annexure1.xlsx,662.12,628.7,748.0,650.0,784.81,666.26,714.0,738.46,818.89,720.79,582.85,550.0,632.89,702.0,650.0,748.89,400.0
2025-12,2025-12-01,37,Georgette (Average Quality),Georgette (Average Quality),,Textiles & Apparel,1 mtr,306.83,2025-12_Annexure1.xlsx,394.66,378.24,250.0,300.0,349.32,350.0,400.0,327.54,300.0,384.78,311.51,206.46,382.59,239.86,250.0,219.62,282.31
2025-12,2025-12-01,38,Gents Sandal Bata,Gents Sandal Bata,,Footwear,Pair,2499.0,2025-12_Annexure1.xlsx,2499.0,2499.0,2499.0,2499.0,2499.0,2499.0,2499.0,2499.0,2499.0,2499.0,2499.0,2499.0,2499.0,2499.0,2499.0,2499.0,2499.0
2025-12,2025-12-01,39,Gents Sponge Chappal Bata,Gents Sponge Chappal Bata,,Footwear,Pair,599.0,2025-12_Annexure1.xlsx,599.0,599.0,599.0,599.0,599.0,599.0,599.0,599.0,599.0,599.0,599.0,599.0,599.0,599.0,599.0,599.0,599.0
2025-12,2025-12-01,40,Ladies Sandal Bata,Ladies Sandal Bata,,Footwear,Pair,1399.0,2025-12_Annexure1.xlsx,1399.0,1399.0,1399.0,1399.0,1399.0,1399.0,1399.0,1399.0,1399.0,1399.0,1399.0,1399.0,1399.0,1399.0,1399.0,1399.0,1399.0
2025-12,2025-12-01,41,Electricity Charges upto 50 Units,Electricity Charges upto 50 Units,,Energy & Utilities,Per Unit,6.02,2025-12_Annexure1.xlsx,6.02,6.02,6.02,6.02,6.02,6.02,6.02,6.02,6.02,6.02,6.02,6.02,6.02,6.02,6.02,6.02,6.02
2025-12,2025-12-01,42,Gas Charges upto 3.3719 MMBTU,Gas Charges upto 3.3719 MMBTU,,Energy & Utilities,MMBTU,2566.5,2025-12_Annexure1.xlsx,2566.5,2566.5,2566.5,2566.5,2566.5,2566.5,2566.5,2566.5,2566.5,2566.5,2566.5,2566.5,2566.5,2566.5,2566.5,2566.5,2566.5
2025-12,2025-12-01,43,Firewood Whole,Firewood Whole,,Energy & Utilities,40 Kg,1438.04,2025-12_Annexure1.xlsx,2139.27,1735.27,1500.0,1500.0,1785.36,1800.0,1250.0,1541.02,1616.25,1361.73,1465.41,1100.0,1347.74,1259.56,1000.0,1449.43,1065.6
2025-12,2025-12-01,44,Energy Saver Philips 14 Watt,Energy Saver Philips 14 Watt,,Household Goods,Each,397.86,2025-12_Annexure1.xlsx,276.63,260.4,550.0,575.0,550.0,400.0,550.0,575.0,272.7,350.0,450.0,300.0,370.0,350.0,300.0,350.0,564.8
2025-12,2025-12-01,45,Sufi Washing Soap 250 gm Cake,Sufi Washing Soap 250 gm Cake,,Personal & Household Care,Each,133.45,2025-12_Annexure1.xlsx,144.5,145.08,130.0,130.0,130.0,130.0,130.0,133.0,140.0,130.0,130.0,138.0,130.0,135.0,130.0,140.0,125.0
2025-12,2025-12-01,46,Match Box,Match Box,,Household Goods,Each,6.24,2025-12_Annexure1.xlsx,6.0,6.0,7.0,5.0,6.32,7.0,6.0,7.0,7.0,7.0,6.56,6.0,7.0,7.0,5.0,5.97,5.0
2025-12,2025-12-01,47,Petrol Super,Petrol Super,,Fuel & Transport,Per Litre,265.19,2025-12_Annexure1.xlsx,264.72,264.61,265.4,265.57,265.17,264.6,266.32,264.74,266.1,264.64,266.69,264.62,265.76,264.57,265.5,264.63,264.62
2025-12,2025-12-01,48,Hi-Speed Diesel,Hi-Speed Diesel,,Fuel & Transport,Per Litre,274.29,2025-12_Annexure1.xlsx,273.83,273.73,274.49,274.67,274.37,273.71,275.42,273.94,275.0,273.75,275.77,273.61,274.86,273.73,274.61,273.72,273.73
2025-12,2025-12-01,49,LPG 11.67 kg Cylinder,LPG 11.67 kg Cylinder,,Energy & Utilities,Each,3462.81,2025-12_Annexure1.xlsx,3695.46,3756.54,3734.0,3682.28,3544.71,3643.75,3449.64,3556.14,3482.94,3311.72,3072.61,3385.0,3457.07,3539.88,3349.81,3174.93,3134.3
2025-12,2025-12-01,50,Telephone Call Charges,Telephone Call Charges,,Communication,Per Minute,1.79,2025-12_Annexure1.xlsx,1.79,1.79,1.79,1.79,1.79,1.79,1.79,1.79,1.79,1.79,1.79,1.79,1.79,1.79,1.79,1.79,1.79
2025-12,2025-12-01,51,Toilet Soap LIFEBUOY 115 gm,Toilet Soap LIFEBUOY 115 gm,,Personal & Household Care,Each,115.73,2025-12_Annexure1.xlsx,116.17,116.17,116.17,115.08,116.17,116.17,112.3,116.17,116.17,116.18,116.17,116.17,118.6,116.87,116.87,116.17,110.0
2026-01,2026-01-01,1,Wheat Flour Bag,Wheat Flour Bag,,Cereals & Grains,20 Kg,2392.8,2026-01_Annexure1.xlsx,2901.41,2544.68,1999.36,2025.25,1825.9,2061.72,2315.26,1999.19,2469.77,2498.1,2589.4,2490.26,2446.88,2835.3,2847.9,2692.96,2505.88
2026-01,2026-01-01,2,Rice Basmati Broken (Average Quality),Rice Basmati Broken (Average Quality),,Cereals & Grains,1 Kg,216.6,2026-01_Annexure1.xlsx,274.83,264.52,180.0,187.96,213.36,235.69,160.0,193.1,200.87,273.45,213.12,200.0,235.95,222.13,146.59,299.93,246.62
2026-01,2026-01-01,3,Rice IRRI-6/9 (Sindh/Punjab),Rice IRRI-6/9 (Sindh/Punjab),,Cereals & Grains,1 Kg,157.69,2026-01_Annexure1.xlsx,178.64,164.27,,,,160.0,186.61,140.92,196.61,171.06,143.26,140.0,116.57,131.07,166.6,169.88,163.27
2026-01,2026-01-01,4,Bread plain (Small Size),Bread plain (Small Size),,Bakery & Confectionery,Each,111.81,2026-01_Annexure1.xlsx,110.0,110.0,110.0,117.93,110.0,110.0,100.0,110.0,110.0,110.0,120.0,130.0,116.57,110.0,100.0,120.0,110.0
2026-01,2026-01-01,5,Beef with Bone (Average Quality),Beef with Bone (Average Quality),,Meat & Poultry,1 Kg,1162.68,2026-01_Annexure1.xlsx,1415.47,1423.57,1100.0,1100.0,1156.28,1200.0,1133.09,1271.98,1000.0,1338.03,1174.55,1032.28,1165.7,1125.99,932.17,1149.27,1165.7
2026-01,2026-01-01,6,Mutton (Average Quality),Mutton (Average Quality),,Meat & Poultry,1 Kg,2113.67,2026-01_Annexure1.xlsx,2522.16,2496.23,2200.0,2100.0,2428.16,2200.0,2133.2,2355.15,1866.06,2279.48,2143.69,1800.0,2000.0,2062.84,1700.0,2073.86,1800.0
2026-01,2026-01-01,7,Chicken Farm Broiler (Live),Chicken Farm Broiler (Live),,Meat & Poultry,1 Kg,412.07,2026-01_Annexure1.xlsx,422.42,421.95,406.69,407.15,392.67,417.96,406.52,390.52,372.06,420.35,409.59,411.9,405.68,420.82,418.85,427.41,459.34
2026-01,2026-01-01,8,Milk fresh (Un-boiled),Milk fresh (Un-boiled),,Dairy & Eggs,1 Ltr,203.51,2026-01_Annexure1.xlsx,235.71,216.86,200.0,170.0,195.15,200.0,173.27,197.73,180.0,220.0,218.32,200.0,243.29,241.59,186.43,200.0,200.0
2026-01,2026-01-01,9,Curd (Dahi) Loose,Curd (Dahi) Loose,,Dairy & Eggs,1 Kg,239.21,2026-01_Annexure1.xlsx,254.09,241.06,220.0,180.0,234.11,240.0,220.0,235.5,220.0,331.8,314.88,233.14,286.51,262.06,200.0,220.0,220.0
2026-01,2026-01-01,10,Powdered Milk NIDO 390 gm Polybag,Powdered Milk NIDO 390 gm Polybag,,Dairy & Eggs,Each,1136.82,2026-01_Annexure1.xlsx,1148.29,1146.65,1140.0,1180.0,1170.0,1141.48,1150.0,1100.0,1130.0,1144.18,1164.99,1095.97,1100.0,1150.0,1100.0,1100.0,1170.0
2026-01,2026-01-01,11,Eggs Hen (Farm),Eggs Hen (Farm),,Dairy & Eggs,1 Dozen,348.53,2026-01_Annexure1.xlsx,347.08,346.9,339.14,343.91,330.94,337.18,336.98,334.24,324.42,348.39,355.8,365.97,365.23,361.94,354.58,362.32,374.56
2026-01,2026-01-01,12,Mustard Oil (Average Quality),Mustard Oil (Average Quality),,Oils & Fats,1 Kg,547.02,2026-01_Annexure1.xlsx,679.48,656.6,500.0,500.0,525.88,560.0,500.0,597.67,549.45,563.7,486.42,451.98,494.59,638.65,470.0,597.23,593.26
2026-01,2026-01-01,13,"Cooking Oil DALDA or Other Similar Brand (SN), 5 Litre Tin","Cooking Oil DALDA or Other Similar Brand (SN), 5 Litre Tin",,Oils & Fats,Each,3028.06,2026-01_Annexure1.xlsx,3049.78,3049.78,3109.37,3009.47,3101.0,2968.94,2975.99,3109.37,3109.0,2968.94,3109.38,2891.42,3110.0,3020.53,2850.0,3102.89,2959.64
2026-01,2026-01-01,14,Vegetable Ghee DALDA/HABIB 2.5 kg Tin,Vegetable Ghee DALDA/HABIB 2.5 kg Tin,,Oils & Fats,Each,1537.34,2026-01_Annexure1.xlsx,1556.65,1556.65,1588.54,1537.51,1583.3,1588.54,1520.99,1588.54,1558.71,1516.92,1558.71,1483.98,1500.0,1524.69,1400.0,1584.21,1500.0
2026-01,2026-01-01,15,Vegetable Ghee DALDA/HABIB or Other superior Quality 1 kg Pouch,Vegetable Ghee DALDA/HABIB or Other superior Quality 1 kg Pouch,,Oils & Fats,Each,589.19,2026-01_Annexure1.xlsx,593.37,593.37,590.4,591.6,590.4,591.6,590.4,590.4,590.8,592.0,591.2,586.39,592.0,590.0,560.0,591.2,592.0
2026-01,2026-01-01,16,Bananas (Kela) Local,Bananas (Kela) Local,,Fruits,1 Dozen,137.83,2026-01_Annexure1.xlsx,233.51,225.47,155.57,157.95,143.64,121.41,137.19,165.33,150.0,122.82,102.95,100.0,95.04,131.59,146.8,114.6,114.47
2026-01,2026-01-01,17,Pulse Masoor (Washed),Pulse Masoor (Washed),Pulse Masoor (Washed),Pulses & Legumes,1 Kg,273.43,2026-01_Annexure1.xlsx,306.26,303.36,230.0,240.0,275.19,289.5,253.29,310.66,247.96,273.83,251.5,280.0,286.51,282.63,251.81,287.83,295.89
2026-01,2026-01-01,18,Pulse Moong (Washed),Pulse Moong (Washed),Pulse Moong (Washed),Pulses & Legumes,1 Kg,386.05,2026-01_Annexure1.xlsx,413.61,397.07,360.0,371.98,367.46,340.33,400.0,379.94,358.77,373.74,386.54,409.88,402.09,364.41,380.0,463.84,409.76
2026-01,2026-01-01,19,Pulse Mash (Washed),Pulse Mash (Washed),Pulse Mash (Washed),Pulses & Legumes,1 Kg,429.76,2026-01_Annexure1.xlsx,498.93,480.29,408.84,387.88,438.39,420.8,443.31,458.96,377.53,385.05,373.97,429.88,433.74,424.36,423.93,469.87,476.22
2026-01,2026-01-01,20,Pulse Gram,Pulse Gram,Pulse Gram,Pulses & Legumes,1 Kg,253.66,2026-01_Annexure1.xlsx,296.75,283.56,219.23,220.0,247.32,215.21,243.29,247.1,242.53,254.57,244.52,280.0,247.89,292.1,220.0,281.56,302.59
2026-01,2026-01-01,21,Potatoes,Potatoes,Potatoes,Vegetables,1 Kg,45.03,2026-01_Annexure1.xlsx,66.94,60.57,46.53,40.51,44.21,38.9,34.4,45.89,38.74,55.82,37.86,36.34,38.97,52.89,38.49,45.3,58.06
2026-01,2026-01-01,22,Onions,Onions,Onions,Vegetables,1 Kg,74.0,2026-01_Annexure1.xlsx,104.76,101.62,78.51,83.23,75.78,70.14,70.44,70.3,62.75,68.42,58.96,52.06,74.22,93.45,76.99,64.84,71.54
2026-01,2026-01-01,23,Tomatoes,Tomatoes,Tomatoes,Vegetables,1 Kg,79.38,2026-01_Annexure1.xlsx,120.65,108.31,105.35,101.41,94.7,84.96,91.54,73.92,71.7,56.96,52.53,48.91,68.64,97.56,72.54,64.3,79.28
2026-01,2026-01-01,24,Sugar Refined,Sugar Refined,,Sugar & Sweeteners,1 Kg,155.97,2026-01_Annexure1.xlsx,156.92,156.84,155.0,153.57,158.78,153.92,150.66,152.3,153.27,152.9,149.39,143.98,151.28,162.49,150.0,179.27,174.8
2026-01,2026-01-01,25,Gur (Average Quality),Gur (Average Quality),,Sugar & Sweeteners,1 Kg,230.23,2026-01_Annexure1.xlsx,267.97,255.93,220.0,190.0,233.76,219.76,200.0,242.14,186.61,262.82,254.63,187.75,215.85,263.29,240.0,254.97,246.62
2026-01,2026-01-01,26,Salt Powdered (NATIONAL/SHAN) 800 gm Packet,Salt Powdered (NATIONAL/SHAN) 800 gm Packet,,Condiments & Spices,Each,65.95,2026-01_Annexure1.xlsx,66.32,66.49,60.0,70.0,60.0,70.0,80.0,65.81,61.88,69.07,63.16,63.82,70.0,60.0,67.87,60.0,70.0
2026-01,2026-01-01,27,Chilies Powder NATIONAL 200 gm Packet,Chilies Powder NATIONAL 200 gm Packet,,Condiments & Spices,Each,358.49,2026-01_Annexure1.xlsx,380.0,380.0,380.0,380.0,380.0,367.16,340.0,380.0,354.76,380.0,380.0,347.65,320.0,320.0,320.0,380.0,320.0
2026-01,2026-01-01,28,Garlic (Lehsun),Garlic (Lehsun),,Vegetables,1 Kg,438.36,2026-01_Annexure1.xlsx,492.97,452.76,489.57,463.24,354.21,339.37,497.28,494.87,497.13,434.17,323.8,450.0,402.5,416.85,391.4,495.94,531.33
2026-01,2026-01-01,29,Tea Lipton Yellow Label 190 gm Packet,Tea Lipton Yellow Label 190 gm Packet,,Beverages,Each,447.06,2026-01_Annexure1.xlsx,447.06,447.05,447.05,447.05,447.06,447.5,447.0,447.05,447.0,447.06,447.06,447.05,447.05,447.0,447.0,447.0,447.05
2026-01,2026-01-01,30,Cooked Beef at Average Hotel,Cooked Beef at Average Hotel,,Food Away from Home,Per Plate,315.49,2026-01_Annexure1.xlsx,354.07,334.26,450.0,350.0,291.76,315.82,300.0,325.91,309.68,371.61,301.62,200.0,240.0,293.18,300.0,359.91,343.2
2026-01,2026-01-01,31,Cooked Daal at Average Hotel,Cooked Daal at Average Hotel,,Food Away from Home,Per Plate,167.79,2026-01_Annexure1.xlsx,241.4,220.86,150.0,170.0,194.15,176.14,150.0,141.08,173.27,184.29,172.25,160.0,120.0,133.72,130.0,189.82,193.1
2026-01,2026-01-01,32,Tea Prepared Ordinary,Tea Prepared Ordinary,,Food Away from Home,Per Cup,63.37,2026-01_Annexure1.xlsx,70.0,68.58,66.49,50.0,60.0,63.16,63.16,76.52,50.0,70.0,71.45,70.0,70.0,54.22,55.1,80.0,50.0
2026-01,2026-01-01,33,Cigarettes Capstan 20'S Packet,Cigarettes Capstan 20'S Packet,,Tobacco,Each,244.44,2026-01_Annexure1.xlsx,250.0,246.69,240.0,241.97,240.0,245.95,240.0,240.0,240.0,250.0,250.0,240.0,240.0,250.0,253.29,244.95,243.29
2026-01,2026-01-01,34,"Long Cloth 57"" Gul Ahmed/Al Karam","Long Cloth 57"" Gul Ahmed/Al Karam",,Textiles & Apparel,1 mtr,660.47,2026-01_Annexure1.xlsx,738.24,721.62,667.0,660.0,790.0,566.19,700.0,800.0,793.28,732.95,582.85,500.0,646.33,642.0,700.0,748.89,400.0
2026-01,2026-01-01,35,Shirting (Average Quality),Shirting (Average Quality),,Textiles & Apparel,1 mtr,518.21,2026-01_Annexure1.xlsx,701.62,654.44,600.0,450.0,428.7,866.35,607.92,520.7,586.59,637.35,575.09,342.88,482.74,656.62,476.22,231.82,372.77
2026-01,2026-01-01,36,Lawn Printed Gul Ahmed/Al Karam,Lawn Printed Gul Ahmed/Al Karam,,Textiles & Apparel,1 mtr,662.54,2026-01_Annexure1.xlsx,662.12,628.7,748.0,650.0,784.81,666.26,714.0,738.46,818.89,720.79,582.85,550.0,632.89,702.0,650.0,748.89,400.0
2026-01,2026-01-01,37,Georgette (Average Quality),Georgette (Average Quality),,Textiles & Apparel,1 mtr,308.09,2026-01_Annexure1.xlsx,394.66,378.24,250.0,300.0,374.54,350.0,400.0,327.54,300.0,384.78,311.51,206.46,382.59,239.86,250.0,219.62,282.31
2026-01,2026-01-01,38,Gents Sandal Bata,Gents Sandal Bata,,Footwear,Pair,2499.0,2026-01_Annexure1.xlsx,2499.0,2499.0,2499.0,2499.0,2499.0,2499.0,2499.0,2499.0,2499.0,2499.0,2499.0,2499.0,2499.0,2499.0,2499.0,2499.0,2499.0
2026-01,2026-01-01,39,Gents Sponge Chappal Bata,Gents Sponge Chappal Bata,,Footwear,Pair,599.0,2026-01_Annexure1.xlsx,599.0,599.0,599.0,599.0,599.0,599.0,599.0,599.0,599.0,599.0,599.0,599.0,599.0,599.0,599.0,599.0,599.0
2026-01,2026-01-01,40,Ladies Sandal Bata,Ladies Sandal Bata,,Footwear,Pair,1399.0,2026-01_Annexure1.xlsx,1399.0,1399.0,1399.0,1399.0,1399.0,1399.0,1399.0,1399.0,1399.0,1399.0,1399.0,1399.0,1399.0,1399.0,1399.0,1399.0,1399.0
2026-01,2026-01-01,41,Electricity Charges upto 50 Units,Electricity Charges upto 50 Units,,Energy & Utilities,Per Unit,6.1,2026-01_Annexure1.xlsx,6.1,6.1,6.1,6.1,6.1,6.1,6.1,6.1,6.1,6.1,6.1,6.1,6.1,6.1,6.1,6.1,6.1
2026-01,2026-01-01,42,Gas Charges upto 3.3719 MMBTU,Gas Charges upto 3.3719 MMBTU,,Energy & Utilities,MMBTU,2566.5,2026-01_Annexure1.xlsx,2566.5,2566.5,2566.5,2566.5,2566.5,2566.5,2566.5,2566.5,2566.5,2566.5,2566.5,2566.5,2566.5,2566.5,2566.5,2566.5,2566.5
2026-01,2026-01-01,43,Firewood Whole,Firewood Whole,,Energy & Utilities,40 Kg,1458.84,2026-01_Annexure1.xlsx,2139.27,1764.09,1500.0,1559.22,1807.61,1800.0,1250.0,1595.51,1632.66,1384.95,1476.45,1125.82,1379.65,1288.39,1038.86,1449.43,1065.6
2026-01,2026-01-01,44,Energy Saver Philips 14 Watt,Energy Saver Philips 14 Watt,,Household Goods,Each,398.48,2026-01_Annexure1.xlsx,276.63,260.4,550.0,575.0,550.0,400.0,550.0,575.0,272.7,350.0,450.0,300.0,370.0,350.0,300.0,350.0,580.0
2026-01,2026-01-01,45,Sufi Washing Soap 250 gm Cake,Sufi Washing Soap 250 gm Cake,,Personal & Household Care,Each,133.51,2026-01_Annexure1.xlsx,144.91,145.92,130.0,130.0,130.0,130.0,130.0,133.0,140.0,130.0,130.0,138.0,130.0,135.0,130.0,140.0,125.0
2026-01,2026-01-01,46,Match Box,Match Box,,Household Goods,Each,6.24,2026-01_Annexure1.xlsx,6.0,6.0,7.0,5.0,6.32,7.0,6.0,7.0,7.0,7.0,6.56,6.0,7.0,7.0,5.0,5.97,5.0
2026-01,2026-01-01,47,Petrol Super,Petrol Super,,Fuel & Transport,Per Litre,254.87,2026-01_Annexure1.xlsx,254.4,254.31,255.0,255.27,254.83,254.3,255.95,254.63,255.67,254.32,256.33,254.3,255.41,254.2,255.2,254.35,254.34
2026-01,2026-01-01,48,Hi-Speed Diesel,Hi-Speed Diesel,,Fuel & Transport,Per Litre,258.79,2026-01_Annexure1.xlsx,258.31,258.22,258.94,259.18,258.74,258.2,259.86,258.62,259.58,258.23,260.19,258.21,259.32,258.2,259.1,258.24,258.25
2026-01,2026-01-01,49,LPG 11.67 kg Cylinder,LPG 11.67 kg Cylinder,,Energy & Utilities,Each,3520.58,2026-01_Annexure1.xlsx,3728.42,3768.55,3780.39,3755.14,3544.86,3688.04,3416.88,3511.13,3601.04,3313.29,3416.25,3475.42,3531.71,3435.4,3357.86,3269.27,3321.96
2026-01,2026-01-01,50,Telephone Call Charges,Telephone Call Charges,,Communication,Per Minute,1.79,2026-01_Annexure1.xlsx,1.79,1.79,1.79,1.79,1.79,1.79,1.79,1.79,1.79,1.79,1.79,1.79,1.79,1.79,1.79,1.79,1.79
2026-01,2026-01-01,51,Toilet Soap LIFEBUOY 115 gm,Toilet Soap LIFEBUOY 115 gm,,Personal & Household Care,Each,115.79,2026-01_Annexure1.xlsx,116.17,116.17,116.17,116.17,116.17,116.17,112.3,116.17,116.17,116.18,116.17,116.17,118.6,116.87,116.87,116.17,110.0
2026-02,2026-02-01,1,Wheat Flour Bag,Wheat Flour Bag,,Cereals & Grains,20 Kg,2331.17,2026-02_Annexure1.xlsx,2840.14,2378.66,1993.06,2029.39,1810.0,1951.86,1835.27,1972.2,2568.62,2507.65,2633.2,2388.76,2262.2,2619.58,2845.36,2768.4,2683.23
2026-02,2026-02-01,2,Rice Basmati Broken (Average Quality),Rice Basmati Broken (Average Quality),,Cereals & Grains,1 Kg,216.25,2026-02_Annexure1.xlsx,274.83,264.52,180.0,190.0,215.37,233.14,160.0,193.1,193.1,273.45,213.12,200.0,236.62,222.17,146.59,299.85,246.62
2026-02,2026-02-01,3,Rice IRRI-6/9 (Sindh/Punjab),Rice IRRI-6/9 (Sindh/Punjab),,Cereals & Grains,1 Kg,155.84,2026-02_Annexure1.xlsx,178.64,164.27,,,,160.0,186.61,140.92,196.61,171.0,134.2,140.0,116.57,125.15,166.6,169.88,154.74
2026-02,2026-02-01,4,Bread plain (Small Size),Bread plain (Small Size),,Bakery & Confectionery,Each,111.62,2026-02_Annexure1.xlsx,110.0,110.0,107.41,120.0,110.0,110.0,100.0,107.41,110.0,110.0,120.0,130.0,116.57,110.0,100.0,120.0,110.0
2026-02,2026-02-01,5,Beef with Bone (Average Quality),Beef with Bone (Average Quality),,Meat & Poultry,1 Kg,1174.75,2026-02_Annexure1.xlsx,1443.37,1452.93,1100.0,1100.0,1156.28,1200.0,1133.09,1285.81,1000.0,1363.6,1174.55,1069.84,1165.7,1157.78,965.49,1149.27,1174.18
2026-02,2026-02-01,6,Mutton (Average Quality),Mutton (Average Quality),,Meat & Poultry,1 Kg,2145.53,2026-02_Annexure1.xlsx,2572.39,2566.73,2200.0,2124.57,2528.17,2200.0,2133.2,2379.9,1866.06,2326.49,2157.36,1800.0,2000.0,2110.29,1749.29,2073.86,1923.19
2026-02,2026-02-01,7,Chicken Farm Broiler (Live),Chicken Farm Broiler (Live),,Meat & Poultry,1 Kg,360.38,2026-02_Annexure1.xlsx,370.1,363.24,341.99,341.99,338.67,367.32,357.43,341.44,329.35,361.94,352.89,359.65,358.42,364.46,360.68,399.23,429.49
2026-02,2026-02-01,8,Milk fresh (Un-boiled),Milk fresh (Un-boiled),,Dairy & Eggs,1 Ltr,203.54,2026-02_Annexure1.xlsx,236.34,216.86,200.0,170.0,195.15,200.0,173.27,197.73,180.0,220.0,218.32,200.0,243.29,241.59,186.43,200.0,200.0
2026-02,2026-02-01,9,Curd (Dahi) Loose,Curd (Dahi) Loose,,Dairy & Eggs,1 Kg,239.42,2026-02_Annexure1.xlsx,254.92,242.11,220.0,180.0,234.11,240.0,220.0,235.5,220.0,331.8,314.88,234.84,286.51,262.06,200.0,220.0,220.0
2026-02,2026-02-01,10,Powdered Milk NIDO 390 gm Polybag,Powdered Milk NIDO 390 gm Polybag,,Dairy & Eggs,Each,1139.48,2026-02_Annexure1.xlsx,1148.29,1146.65,1140.0,1180.0,1170.0,1170.0,1150.0,1100.0,1130.0,1144.49,1164.99,1100.0,1100.0,1150.0,1100.0,1112.29,1170.0
2026-02,2026-02-01,11,Eggs Hen (Farm),Eggs Hen (Farm),,Dairy & Eggs,1 Dozen,275.21,2026-02_Annexure1.xlsx,275.02,276.8,253.06,250.65,258.97,267.55,267.55,247.99,241.78,279.23,285.88,268.2,287.22,296.03,290.36,317.99,330.47
2026-02,2026-02-01,12,Mustard Oil (Average Quality),Mustard Oil (Average Quality),,Oils & Fats,1 Kg,552.59,2026-02_Annexure1.xlsx,686.46,659.3,500.0,500.0,536.63,560.0,500.0,584.78,570.0,567.44,528.33,468.71,493.24,638.65,470.0,597.23,593.26
2026-02,2026-02-01,13,"Cooking Oil DALDA or Other Similar Brand (SN), 5 Litre Tin","Cooking Oil DALDA or Other Similar Brand (SN), 5 Litre Tin",,Oils & Fats,Each,3000.83,2026-02_Annexure1.xlsx,2970.0,2970.0,3004.25,3038.89,3109.38,2977.49,2970.0,3101.32,3109.0,2974.99,2970.0,2930.45,3110.0,3020.53,2850.0,2970.0,2951.61
2026-02,2026-02-01,14,Vegetable Ghee DALDA/HABIB 2.5 kg Tin,Vegetable Ghee DALDA/HABIB 2.5 kg Tin,,Oils & Fats,Each,1520.09,2026-02_Annexure1.xlsx,1515.0,1515.0,1533.06,1551.36,1533.06,1551.33,1515.0,1583.7,1515.0,1518.71,1515.0,1512.45,1500.0,1562.5,1412.34,1515.0,1500.0
2026-02,2026-02-01,15,Vegetable Ghee DALDA/HABIB or Other superior Quality 1 kg Pouch,Vegetable Ghee DALDA/HABIB or Other superior Quality 1 kg Pouch,,Oils & Fats,Each,588.64,2026-02_Annexure1.xlsx,590.0,590.0,590.0,590.0,590.0,590.0,590.0,590.0,590.0,590.51,590.0,590.5,592.0,590.0,562.48,590.0,592.0
2026-02,2026-02-01,16,Bananas (Kela) Local,Bananas (Kela) Local,,Fruits,1 Dozen,180.72,2026-02_Annexure1.xlsx,339.38,325.86,229.0,207.58,195.09,157.4,190.61,242.53,181.13,175.56,173.23,110.67,101.19,172.93,187.04,119.85,131.04
2026-02,2026-02-01,17,Pulse Masoor (Washed),Pulse Masoor (Washed),Pulse Masoor (Washed),Pulses & Legumes,1 Kg,264.58,2026-02_Annexure1.xlsx,293.87,293.87,227.46,242.49,260.05,259.4,253.29,303.22,263.29,260.5,248.74,264.58,261.32,256.09,249.43,279.84,293.18
2026-02,2026-02-01,18,Pulse Moong (Washed),Pulse Moong (Washed),Pulse Moong (Washed),Pulses & Legumes,1 Kg,391.61,2026-02_Annexure1.xlsx,413.61,397.07,360.0,404.66,377.57,341.65,400.0,379.94,389.75,382.02,391.54,414.91,405.91,368.59,372.48,462.43,409.76
2026-02,2026-02-01,19,Pulse Mash (Washed),Pulse Mash (Washed),Pulse Mash (Washed),Pulses & Legumes,1 Kg,455.64,2026-02_Annexure1.xlsx,511.31,490.88,472.32,467.21,469.5,422.95,446.64,451.08,423.31,438.98,428.05,437.45,439.62,453.27,464.7,462.43,476.22
2026-02,2026-02-01,20,Pulse Gram,Pulse Gram,Pulse Gram,Pulses & Legumes,1 Kg,252.58,2026-02_Annexure1.xlsx,308.38,290.28,229.89,224.94,247.32,213.21,243.29,235.36,256.62,256.14,245.92,264.58,228.9,263.04,240.0,267.38,300.0
2026-02,2026-02-01,21,Potatoes,Potatoes,Potatoes,Vegetables,1 Kg,36.33,2026-02_Annexure1.xlsx,60.77,51.75,35.48,27.11,35.97,29.42,28.23,33.16,28.04,48.26,34.63,30.0,30.25,50.0,37.22,35.12,40.15
2026-02,2026-02-01,22,Onions,Onions,Onions,Vegetables,1 Kg,68.89,2026-02_Annexure1.xlsx,93.52,89.25,80.79,68.87,74.57,60.98,64.81,65.44,69.76,63.39,55.26,60.0,55.61,89.14,72.0,53.25,70.99
2026-02,2026-02-01,23,Tomatoes,Tomatoes,Tomatoes,Vegetables,1 Kg,93.8,2026-02_Annexure1.xlsx,123.85,120.79,109.16,103.07,100.57,97.66,92.12,98.15,95.51,76.97,71.81,69.28,79.45,105.27,80.74,77.35,118.01
2026-02,2026-02-01,24,Sugar Refined,Sugar Refined,,Sugar & Sweeteners,1 Kg,153.92,2026-02_Annexure1.xlsx,156.82,155.28,155.0,152.97,157.95,154.09,150.0,150.96,149.53,150.76,147.87,144.5,149.16,162.98,150.0,170.42,160.4
2026-02,2026-02-01,25,Gur (Average Quality),Gur (Average Quality),,Sugar & Sweeteners,1 Kg,225.75,2026-02_Annexure1.xlsx,267.97,255.93,220.0,190.0,231.79,213.12,200.0,242.14,166.41,262.58,244.95,178.74,195.77,263.29,232.46,264.97,246.62
2026-02,2026-02-01,26,Salt Powdered (NATIONAL/SHAN) 800 gm Packet,Salt Powdered (NATIONAL/SHAN) 800 gm Packet,,Condiments & Spices,Each,63.27,2026-02_Annexure1.xlsx,60.0,60.0,60.0,70.0,60.0,70.0,64.47,60.0,63.16,67.01,63.16,60.0,70.0,60.0,60.0,60.0,70.0
2026-02,2026-02-01,27,Chilies Powder NATIONAL 200 gm Packet,Chilies Powder NATIONAL 200 gm Packet,,Condiments & Spices,Each,367.12,2026-02_Annexure1.xlsx,380.0,380.0,380.0,380.0,380.0,380.0,369.58,380.0,380.0,380.0,380.0,380.0,320.0,364.02,320.0,380.0,320.0
2026-02,2026-02-01,28,Garlic (Lehsun),Garlic (Lehsun),,Vegetables,1 Kg,494.71,2026-02_Annexure1.xlsx,533.08,512.87,587.09,498.55,378.73,398.95,537.05,595.29,536.66,469.95,391.95,500.0,516.61,481.41,439.06,574.53,531.33
2026-02,2026-02-01,29,Tea Lipton Yellow Label 190 gm Packet,Tea Lipton Yellow Label 190 gm Packet,,Beverages,Each,447.06,2026-02_Annexure1.xlsx,447.06,447.05,447.05,447.05,447.06,447.5,447.0,447.05,447.0,447.06,447.06,447.05,447.05,447.0,447.0,447.0,447.05
2026-02,2026-02-01,30,Cooked Beef at Average Hotel,Cooked Beef at Average Hotel,,Food Away from Home,Per Plate,316.08,2026-02_Annexure1.xlsx,354.07,334.26,450.0,350.0,300.29,315.82,300.0,325.91,309.68,371.61,302.43,200.0,240.0,293.18,300.0,359.91,343.2
2026-02,2026-02-01,31,Cooked Daal at Average Hotel,Cooked Daal at Average Hotel,,Food Away from Home,Per Plate,167.93,2026-02_Annexure1.xlsx,241.4,220.86,150.0,170.0,194.15,176.14,150.0,141.08,173.27,184.29,174.83,160.0,120.0,133.72,130.0,189.82,193.1
2026-02,2026-02-01,32,Tea Prepared Ordinary,Tea Prepared Ordinary,,Food Away from Home,Per Cup,63.46,2026-02_Annexure1.xlsx,70.0,68.58,66.49,50.0,60.0,63.16,63.16,76.52,50.0,70.0,71.45,70.0,70.0,54.22,56.46,80.0,50.0
2026-02,2026-02-01,33,Cigarettes Capstan 20'S Packet,Cigarettes Capstan 20'S Packet,,Tobacco,Each,245.19,2026-02_Annexure1.xlsx,250.0,250.0,240.0,250.0,247.46,240.0,240.0,240.0,240.0,250.0,250.0,240.0,240.0,250.0,253.29,244.95,243.29
2026-02,2026-02-01,34,"Long Cloth 57"" Gul Ahmed/Al Karam","Long Cloth 57"" Gul Ahmed/Al Karam",,Textiles & Apparel,1 mtr,662.57,2026-02_Annexure1.xlsx,742.57,728.24,683.3,669.78,790.0,566.19,700.0,800.0,793.28,732.95,582.85,500.0,646.33,642.0,700.0,748.89,400.0
2026-02,2026-02-01,35,Shirting (Average Quality),Shirting (Average Quality),,Textiles & Apparel,1 mtr,524.38,2026-02_Annexure1.xlsx,701.62,654.44,600.0,473.15,428.7,866.35,661.8,520.7,586.59,639.77,579.56,350.0,482.74,656.62,476.22,239.86,372.77
2026-02,2026-02-01,36,Lawn Printed Gul Ahmed/Al Karam,Lawn Printed Gul Ahmed/Al Karam,,Textiles & Apparel,1 mtr,663.33,2026-02_Annexure1.xlsx,662.12,628.7,748.0,662.15,784.81,666.26,714.0,738.46,818.89,721.92,582.85,550.0,632.89,702.0,650.0,748.89,400.0
2026-02,2026-02-01,37,Georgette (Average Quality),Georgette (Average Quality),,Textiles & Apparel,1 mtr,308.99,2026-02_Annexure1.xlsx,394.66,378.24,250.0,300.0,392.36,350.0,400.0,327.54,300.0,385.95,311.51,206.46,382.59,239.86,250.0,219.62,282.31
2026-02,2026-02-01,38,Gents Sandal Bata,Gents Sandal Bata,,Footwear,Pair,2499.0,2026-02_Annexure1.xlsx,2499.0,2499.0,2499.0,2499.0,2499.0,2499.0,2499.0,2499.0,2499.0,2499.0,2499.0,2499.0,2499.0,2499.0,2499.0,2499.0,2499.0
2026-02,2026-02-01,39,Gents Sponge Chappal Bata,Gents Sponge Chappal Bata,,Footwear,Pair,599.0,2026-02_Annexure1.xlsx,599.0,599.0,599.0,599.0,599.0,599.0,599.0,599.0,599.0,599.0,599.0,599.0,599.0,599.0,599.0,599.0,599.0
2026-02,2026-02-01,40,Ladies Sandal Bata,Ladies Sandal Bata,,Footwear,Pair,1399.0,2026-02_Annexure1.xlsx,1399.0,1399.0,1399.0,1399.0,1399.0,1399.0,1399.0,1399.0,1399.0,1399.0,1399.0,1399.0,1399.0,1399.0,1399.0,1399.0,1399.0
2026-02,2026-02-01,41,Electricity Charges upto 50 Units,Electricity Charges upto 50 Units,,Energy & Utilities,Per Unit,6.55,2026-02_Annexure1.xlsx,6.55,6.55,6.55,6.55,6.55,6.55,6.55,6.55,6.55,6.55,6.55,6.55,6.55,6.55,6.55,6.55,6.55
2026-02,2026-02-01,42,Gas Charges upto 3.3719 MMBTU,Gas Charges upto 3.3719 MMBTU,,Energy & Utilities,MMBTU,2566.5,2026-02_Annexure1.xlsx,2566.5,2566.5,2566.5,2566.5,2566.5,2566.5,2566.5,2566.5,2566.5,2566.5,2566.5,2566.5,2566.5,2566.5,2566.5,2566.5,2566.5
2026-02,2026-02-01,43,Firewood Whole,Firewood Whole,,Energy & Utilities,40 Kg,1473.46,2026-02_Annexure1.xlsx,2139.27,1764.09,1500.0,1600.0,1899.43,1800.0,1250.0,1632.91,1632.66,1386.19,1483.14,1132.37,1383.13,1288.39,1100.0,1449.43,1065.6
2026-02,2026-02-01,44,Energy Saver Philips 14 Watt,Energy Saver Philips 14 Watt,,Household Goods,Each,398.48,2026-02_Annexure1.xlsx,276.63,260.4,550.0,575.0,550.0,400.0,550.0,575.0,272.7,350.0,450.0,300.0,370.0,350.0,300.0,350.0,580.0
2026-02,2026-02-01,45,Sufi Washing Soap 250 gm Cake,Sufi Washing Soap 250 gm Cake,,Personal & Household Care,Each,133.51,2026-02_Annexure1.xlsx,144.91,145.92,130.0,130.0,130.0,130.0,130.0,133.0,140.0,130.0,130.0,138.0,130.0,135.0,130.0,140.0,125.0
2026-02,2026-02-01,46,Match Box,Match Box,,Household Goods,Each,6.24,2026-02_Annexure1.xlsx,6.0,6.0,7.0,5.0,6.32,7.0,6.0,7.0,7.0,7.0,6.56,6.0,7.0,7.0,5.0,5.97,5.0
2026-02,2026-02-01,47,Petrol Super,Petrol Super,,Fuel & Transport,Per Litre,257.31,2026-02_Annexure1.xlsx,256.89,256.8,257.49,257.74,256.49,256.79,258.44,257.09,258.14,256.81,258.8,256.87,257.9,256.74,257.69,256.84,256.83
2026-02,2026-02-01,48,Hi-Speed Diesel,Hi-Speed Diesel,,Fuel & Transport,Per Litre,273.66,2026-02_Annexure1.xlsx,273.24,273.15,273.87,274.1,272.85,273.13,274.78,273.39,274.54,273.0,275.13,273.22,274.25,273.13,274.03,273.18,273.19
2026-02,2026-02-01,49,LPG 11.67 kg Cylinder,LPG 11.67 kg Cylinder,,Energy & Utilities,Each,3537.68,2026-02_Annexure1.xlsx,3798.0,3813.18,3772.72,3790.5,3481.86,3731.61,3500.0,3579.47,3375.52,3400.61,3432.1,3524.74,3415.08,3610.49,3449.64,3312.37,3228.23
2026-02,2026-02-01,50,Telephone Call Charges,Telephone Call Charges,,Communication,Per Minute,1.79,2026-02_Annexure1.xlsx,1.79,1.79,1.79,1.79,1.79,1.79,1.79,1.79,1.79,1.79,1.79,1.79,1.79,1.79,1.79,1.79,1.79
2026-02,2026-02-01,51,Toilet Soap LIFEBUOY 115 gm,Toilet Soap LIFEBUOY 115 gm,,Personal & Household Care,Each,115.79,2026-02_Annexure1.xlsx,116.17,116.17,116.17,116.17,116.17,116.17,112.3,116.17,116.17,116.18,116.17,116.17,118.6,116.87,116.87,116.17,110.0
2026-03,2026-03-01,1,Wheat Flour Bag,Wheat Flour Bag,,Cereals & Grains,20 Kg,2225.35,2026-03_Annexure1.xlsx,2681.79,2176.23,1955.75,1960.14,1810.0,1810.0,1810.0,1846.64,2430.98,2356.06,2447.15,2212.88,2220.76,2648.04,2641.36,2706.22,2520.05
2026-03,2026-03-01,2,Rice Basmati Broken (Average Quality),Rice Basmati Broken (Average Quality),,Cereals & Grains,1 Kg,215.83,2026-03_Annexure1.xlsx,274.83,264.52,180.0,190.0,215.37,233.14,160.0,193.1,193.1,273.45,213.12,200.0,236.62,222.18,146.59,289.93,246.62
2026-03,2026-03-01,3,Rice IRRI-6/9 (Sindh/Punjab),Rice IRRI-6/9 (Sindh/Punjab),,Cereals & Grains,1 Kg,154.88,2026-03_Annexure1.xlsx,178.64,164.27,,,,160.0,186.61,140.92,196.61,171.0,126.39,140.0,116.57,123.24,166.6,169.88,153.03
2026-03,2026-03-01,4,Bread plain (Small Size),Bread plain (Small Size),,Bakery & Confectionery,Each,111.28,2026-03_Annexure1.xlsx,110.0,110.0,104.88,120.0,110.0,110.0,100.0,100.0,110.0,110.0,120.0,130.0,116.57,114.89,100.0,120.0,110.0
2026-03,2026-03-01,5,Beef with Bone (Average Quality),Beef with Bone (Average Quality),,Meat & Poultry,1 Kg,1198.57,2026-03_Annexure1.xlsx,1458.86,1466.25,1100.0,1124.19,1156.28,1200.0,1133.09,1299.79,1000.0,1411.45,1174.55,1174.18,1182.04,1168.58,1007.97,1236.63,1200.0
2026-03,2026-03-01,6,Mutton (Average Quality),Mutton (Average Quality),,Meat & Poultry,1 Kg,2199.45,2026-03_Annexure1.xlsx,2638.06,2647.75,2200.0,2248.38,2528.17,2200.0,2133.2,2404.92,1929.08,2373.83,2163.74,1848.04,2032.02,2128.98,1800.0,2273.11,2064.56
2026-03,2026-03-01,7,Chicken Farm Broiler (Live),Chicken Farm Broiler (Live),,Meat & Poultry,1 Kg,398.29,2026-03_Annexure1.xlsx,391.14,385.3,368.91,368.91,359.57,389.06,378.44,395.25,370.22,438.46,415.78,418.72,407.15,385.29,394.03,445.0,478.88
2026-03,2026-03-01,8,Milk fresh (Un-boiled),Milk fresh (Un-boiled),,Dairy & Eggs,1 Ltr,203.75,2026-03_Annexure1.xlsx,238.23,218.94,200.0,170.0,195.15,200.0,173.27,197.73,180.0,220.0,218.32,200.0,243.29,241.59,186.43,200.0,200.0
2026-03,2026-03-01,9,Curd (Dahi) Loose,Curd (Dahi) Loose,,Dairy & Eggs,1 Kg,239.91,2026-03_Annexure1.xlsx,257.43,242.46,220.0,180.0,234.11,240.0,220.0,235.5,220.0,332.4,314.88,240.0,286.51,262.06,200.0,220.0,220.0
2026-03,2026-03-01,10,Powdered Milk NIDO 390 gm Polybag,Powdered Milk NIDO 390 gm Polybag,,Dairy & Eggs,Each,1141.72,2026-03_Annexure1.xlsx,1148.29,1146.65,1140.0,1180.0,1170.0,1170.0,1150.0,1100.0,1130.0,1144.49,1164.99,1100.0,1100.0,1150.0,1100.0,1150.0,1170.0
2026-03,2026-03-01,11,Eggs Hen (Farm),Eggs Hen (Farm),,Dairy & Eggs,1 Dozen,222.63,2026-03_Annexure1.xlsx,231.75,231.21,204.78,220.0,205.15,225.46,225.46,211.41,196.94,224.94,214.97,214.82,221.6,240.55,232.46,255.95,234.86
2026-03,2026-03-01,12,Mustard Oil (Average Quality),Mustard Oil (Average Quality),,Oils & Fats,1 Kg,555.17,2026-03_Annexure1.xlsx,686.46,659.3,500.0,550.0,547.1,560.0,500.0,572.17,570.0,575.81,500.61,442.48,535.94,638.65,470.0,597.23,593.26
2026-03,2026-03-01,13,"Cooking Oil DALDA or Other Similar Brand (SN), 5 Litre Tin","Cooking Oil DALDA or Other Similar Brand (SN), 5 Litre Tin",,Oils & Fats,Each,2985.11,2026-03_Annexure1.xlsx,2970.0,2970.0,2970.0,2973.74,2970.0,2970.0,2970.0,3093.3,3109.0,2970.0,2970.0,2970.0,3110.0,2970.0,2850.0,2970.0,2951.61
2026-03,2026-03-01,14,Vegetable Ghee DALDA/HABIB 2.5 kg Tin,Vegetable Ghee DALDA/HABIB 2.5 kg Tin,,Oils & Fats,Each,1512.18,2026-03_Annexure1.xlsx,1515.0,1515.0,1515.0,1517.49,1515.0,1515.0,1515.0,1578.88,1515.0,1515.6,1515.0,1525.0,1500.0,1515.0,1424.36,1515.0,1500.0
2026-03,2026-03-01,15,Vegetable Ghee DALDA/HABIB or Other superior Quality 1 kg Pouch,Vegetable Ghee DALDA/HABIB or Other superior Quality 1 kg Pouch,,Oils & Fats,Each,588.91,2026-03_Annexure1.xlsx,590.0,590.0,590.0,590.5,590.0,590.0,590.0,590.0,590.0,590.03,590.0,590.0,592.0,590.0,567.35,590.0,592.0
2026-03,2026-03-01,16,Bananas (Kela) Local,Bananas (Kela) Local,,Fruits,1 Dozen,212.21,2026-03_Annexure1.xlsx,350.41,335.18,250.0,252.1,225.78,200.0,214.82,297.56,204.65,175.16,157.41,150.0,129.71,240.64,224.89,159.39,177.41
2026-03,2026-03-01,17,Pulse Masoor (Washed),Pulse Masoor (Washed),Pulse Masoor (Washed),Pulses & Legumes,1 Kg,260.97,2026-03_Annexure1.xlsx,293.87,293.87,221.64,240.0,255.19,247.26,253.29,303.22,263.29,260.02,248.95,242.14,256.3,250.1,267.18,269.92,284.4
2026-03,2026-03-01,18,Pulse Moong (Washed),Pulse Moong (Washed),Pulse Moong (Washed),Pulses & Legumes,1 Kg,388.49,2026-03_Annexure1.xlsx,413.61,397.07,360.0,354.96,377.57,341.65,400.0,379.94,382.02,388.04,391.54,420.0,405.91,370.0,372.48,454.92,409.76
2026-03,2026-03-01,19,Pulse Mash (Washed),Pulse Mash (Washed),Pulse Mash (Washed),Pulses & Legumes,1 Kg,465.34,2026-03_Annexure1.xlsx,512.99,493.88,487.33,480.0,497.02,422.95,453.29,465.14,426.56,452.85,436.64,450.0,480.0,456.64,460.0,469.9,476.22
2026-03,2026-03-01,20,Pulse Gram,Pulse Gram,Pulse Gram,Pulses & Legumes,1 Kg,249.55,2026-03_Annexure1.xlsx,297.14,286.99,222.46,214.94,247.32,216.47,243.29,235.36,256.62,254.92,246.56,250.0,229.78,256.82,236.58,267.38,300.0
2026-03,2026-03-01,21,Potatoes,Potatoes,Potatoes,Vegetables,1 Kg,31.12,2026-03_Annexure1.xlsx,52.37,43.75,30.73,21.15,32.25,22.13,21.8,24.4,20.0,47.13,33.41,30.0,22.36,48.75,26.2,38.31,41.21
2026-03,2026-03-01,22,Onions,Onions,Onions,Vegetables,1 Kg,68.13,2026-03_Annexure1.xlsx,103.03,96.99,86.59,67.01,78.54,60.49,61.48,68.3,63.31,64.65,55.17,52.22,46.26,89.37,74.01,54.56,64.43
2026-03,2026-03-01,23,Tomatoes,Tomatoes,Tomatoes,Vegetables,1 Kg,71.38,2026-03_Annexure1.xlsx,108.74,102.87,98.63,91.6,78.64,79.47,76.58,79.94,74.5,53.35,46.95,48.01,48.3,89.98,60.74,55.04,64.43
2026-03,2026-03-01,24,Sugar Refined,Sugar Refined,,Sugar & Sweeteners,1 Kg,150.59,2026-03_Annexure1.xlsx,153.63,152.82,152.48,150.0,153.49,150.0,150.0,150.0,148.31,150.42,142.79,142.98,147.48,157.06,148.31,156.49,154.57
2026-03,2026-03-01,25,Gur (Average Quality),Gur (Average Quality),,Sugar & Sweeteners,1 Kg,225.14,2026-03_Annexure1.xlsx,267.97,255.93,220.0,190.0,231.79,213.12,200.0,242.14,166.41,262.58,244.95,180.0,194.8,263.29,221.48,264.97,246.62
2026-03,2026-03-01,26,Salt Powdered (NATIONAL/SHAN) 800 gm Packet,Salt Powdered (NATIONAL/SHAN) 800 gm Packet,,Condiments & Spices,Each,63.0,2026-03_Annexure1.xlsx,60.0,60.0,60.0,70.0,60.0,70.0,60.0,60.0,63.16,67.01,63.16,60.0,70.0,60.0,60.0,60.0,70.0
2026-03,2026-03-01,27,Chilies Powder NATIONAL 200 gm Packet,Chilies Powder NATIONAL 200 gm Packet,,Condiments & Spices,Each,368.65,2026-03_Annexure1.xlsx,380.0,380.0,380.0,380.0,380.0,380.0,380.0,380.0,380.0,380.0,380.0,380.0,320.0,380.0,320.0,380.0,320.0
2026-03,2026-03-01,28,Garlic (Lehsun),Garlic (Lehsun),,Vegetables,1 Kg,513.8,2026-03_Annexure1.xlsx,591.04,576.82,637.12,518.8,410.04,416.02,550.0,526.09,533.68,431.78,357.0,574.46,480.53,552.77,566.19,559.81,547.72
2026-03,2026-03-01,29,Tea Lipton Yellow Label 190 gm Packet,Tea Lipton Yellow Label 190 gm Packet,,Beverages,Each,447.06,2026-03_Annexure1.xlsx,447.06,447.05,447.05,447.05,447.06,447.5,447.0,447.05,447.0,447.06,447.06,447.05,447.05,447.0,447.0,447.0,447.05
2026-03,2026-03-01,30,Cooked Beef at Average Hotel,Cooked Beef at Average Hotel,,Food Away from Home,Per Plate,316.54,2026-03_Annexure1.xlsx,354.07,334.26,450.0,350.0,300.29,315.82,300.0,325.91,309.68,372.74,309.01,200.0,240.0,293.18,300.0,359.91,343.2
2026-03,2026-03-01,31,Cooked Daal at Average Hotel,Cooked Daal at Average Hotel,,Food Away from Home,Per Plate,168.63,2026-03_Annexure1.xlsx,241.4,220.86,150.0,179.72,194.15,176.14,150.0,141.08,173.27,184.29,177.45,160.0,120.0,133.72,130.0,189.82,193.1
2026-03,2026-03-01,32,Tea Prepared Ordinary,Tea Prepared Ordinary,,Food Away from Home,Per Cup,63.46,2026-03_Annexure1.xlsx,70.0,68.58,66.49,50.0,60.0,63.16,63.16,76.52,50.0,70.0,71.45,70.0,70.0,54.22,56.46,80.0,50.0
2026-03,2026-03-01,33,Cigarettes Capstan 20'S Packet,Cigarettes Capstan 20'S Packet,,Tobacco,Each,246.57,2026-03_Annexure1.xlsx,250.0,250.0,244.95,250.0,250.0,242.46,240.0,240.0,240.0,250.07,250.0,250.0,240.0,250.0,253.29,244.95,246.62
2026-03,2026-03-01,34,"Long Cloth 57"" Gul Ahmed/Al Karam","Long Cloth 57"" Gul Ahmed/Al Karam",,Textiles & Apparel,1 mtr,668.22,2026-03_Annexure1.xlsx,755.7,748.48,700.0,700.0,790.0,566.19,700.0,800.0,793.28,732.95,582.85,500.0,646.33,662.33,700.0,748.89,400.0
2026-03,2026-03-01,35,Shirting (Average Quality),Shirting (Average Quality),,Textiles & Apparel,1 mtr,531.46,2026-03_Annexure1.xlsx,701.62,655.48,600.0,550.0,428.7,866.35,700.0,520.7,586.59,640.58,579.56,350.0,482.74,668.9,476.22,239.86,372.77
2026-03,2026-03-01,36,Lawn Printed Gul Ahmed/Al Karam,Lawn Printed Gul Ahmed/Al Karam,,Textiles & Apparel,1 mtr,668.72,2026-03_Annexure1.xlsx,662.12,628.7,748.0,700.0,784.81,666.26,714.0,793.93,818.89,722.3,582.85,550.0,632.89,708.43,650.0,748.89,400.0
2026-03,2026-03-01,37,Georgette (Average Quality),Georgette (Average Quality),,Textiles & Apparel,1 mtr,309.91,2026-03_Annexure1.xlsx,397.28,380.16,250.0,300.0,392.36,350.0,400.0,327.54,300.0,386.34,311.51,206.46,382.59,249.13,250.0,219.62,282.31
2026-03,2026-03-01,38,Gents Sandal Bata,Gents Sandal Bata,,Footwear,Pair,2499.0,2026-03_Annexure1.xlsx,2499.0,2499.0,2499.0,2499.0,2499.0,2499.0,2499.0,2499.0,2499.0,2499.0,2499.0,2499.0,2499.0,2499.0,2499.0,2499.0,2499.0
2026-03,2026-03-01,39,Gents Sponge Chappal Bata,Gents Sponge Chappal Bata,,Footwear,Pair,599.0,2026-03_Annexure1.xlsx,599.0,599.0,599.0,599.0,599.0,599.0,599.0,599.0,599.0,599.0,599.0,599.0,599.0,599.0,599.0,599.0,599.0
2026-03,2026-03-01,40,Ladies Sandal Bata,Ladies Sandal Bata,,Footwear,Pair,1399.0,2026-03_Annexure1.xlsx,1399.0,1399.0,1399.0,1399.0,1399.0,1399.0,1399.0,1399.0,1399.0,1399.0,1399.0,1399.0,1399.0,1399.0,1399.0,1399.0,1399.0
2026-03,2026-03-01,41,Electricity Charges upto 50 Units,Electricity Charges upto 50 Units,,Energy & Utilities,Per Unit,7.15,2026-03_Annexure1.xlsx,7.15,7.15,7.15,7.15,7.15,7.15,7.15,7.15,7.15,7.15,7.15,7.15,7.15,7.15,7.15,7.15,7.15
2026-03,2026-03-01,42,Gas Charges upto 3.3719 MMBTU,Gas Charges upto 3.3719 MMBTU,,Energy & Utilities,MMBTU,2566.5,2026-03_Annexure1.xlsx,2566.5,2566.5,2566.5,2566.5,2566.5,2566.5,2566.5,2566.5,2566.5,2566.5,2566.5,2566.5,2566.5,2566.5,2566.5,2566.5,2566.5
2026-03,2026-03-01,43,Firewood Whole,Firewood Whole,,Energy & Utilities,40 Kg,1481.54,2026-03_Annexure1.xlsx,2139.27,1764.09,1646.2,1600.0,1899.43,1800.0,1250.0,1632.91,1632.66,1386.19,1483.14,1132.37,1383.13,1288.39,1100.0,1449.43,1065.6
2026-03,2026-03-01,44,Energy Saver Philips 14 Watt,Energy Saver Philips 14 Watt,,Household Goods,Each,400.3,2026-03_Annexure1.xlsx,276.63,260.4,550.0,575.0,550.0,400.0,550.0,575.0,272.7,350.0,450.0,324.04,370.0,350.0,300.0,350.0,580.0
2026-03,2026-03-01,45,Sufi Washing Soap 250 gm Cake,Sufi Washing Soap 250 gm Cake,,Personal & Household Care,Each,133.51,2026-03_Annexure1.xlsx,144.91,145.92,130.0,130.0,130.0,130.0,130.0,133.0,140.0,130.0,130.0,138.0,130.0,135.0,130.0,140.0,125.0
2026-03,2026-03-01,46,Match Box,Match Box,,Household Goods,Each,6.24,2026-03_Annexure1.xlsx,6.0,6.0,7.0,5.0,6.32,7.0,6.0,7.0,7.0,7.0,6.56,6.0,7.0,7.0,5.0,5.97,5.0
2026-03,2026-03-01,47,Petrol Super,Petrol Super,,Fuel & Transport,Per Litre,308.13,2026-03_Annexure1.xlsx,307.7,307.6,308.37,308.49,306.44,307.57,309.29,307.87,308.78,307.59,309.67,307.59,308.76,307.57,309.69,307.62,307.61
2026-03,2026-03-01,48,Hi-Speed Diesel,Hi-Speed Diesel,,Fuel & Transport,Per Litre,322.87,2026-03_Annexure1.xlsx,322.44,322.34,323.08,323.22,321.17,322.32,324.02,322.62,323.47,322.34,324.38,322.33,323.48,322.32,324.51,322.34,322.35
2026-03,2026-03-01,49,LPG 11.67 kg Cylinder,LPG 11.67 kg Cylinder,,Energy & Utilities,Each,4139.32,2026-03_Annexure1.xlsx,4293.55,4282.9,4419.25,4470.94,4306.62,4315.16,3995.71,4344.19,4030.66,4061.62,4131.51,4130.46,3926.01,4049.59,3971.27,3794.66,3919.29
2026-03,2026-03-01,50,Telephone Call Charges,Telephone Call Charges,,Communication,Per Minute,1.79,2026-03_Annexure1.xlsx,1.79,1.79,1.79,1.79,1.79,1.79,1.79,1.79,1.79,1.79,1.79,1.79,1.79,1.79,1.79,1.79,1.79
2026-03,2026-03-01,51,Toilet Soap LIFEBUOY 115 gm,Toilet Soap LIFEBUOY 115 gm,,Personal & Household Care,Each,115.79,2026-03_Annexure1.xlsx,116.17,116.17,116.17,116.17,116.17,116.17,112.3,116.17,116.17,116.18,116.17,116.17,118.6,116.87,116.87,116.17,110.0
2026-04,2026-04-01,1,Wheat Flour Bag,Wheat Flour Bag,,Cereals & Grains,20 Kg,2151.7,2026-04_Annexure1.xlsx,2430.69,2143.46,2025.05,1940.6,1810.0,2131.52,1840.36,1999.69,2171.9,2234.26,2245.71,2021.39,2065.77,2466.29,2440.65,2487.18,2293.71
2026-04,2026-04-01,2,Rice Basmati Broken (Average Quality),Rice Basmati Broken (Average Quality),,Cereals & Grains,1 Kg,215.74,2026-04_Annexure1.xlsx,274.83,266.52,180.0,190.0,215.37,233.14,160.0,193.1,193.1,274.24,213.12,200.0,236.62,222.18,146.59,284.89,246.62
2026-04,2026-04-01,3,Rice IRRI-6/9 (Sindh/Punjab),Rice IRRI-6/9 (Sindh/Punjab),,Cereals & Grains,1 Kg,154.49,2026-04_Annexure1.xlsx,178.64,164.27,,,,160.0,186.61,140.92,196.61,171.0,123.24,140.0,116.57,123.24,166.6,168.17,153.03
2026-04,2026-04-01,4,Bread plain (Small Size),Bread plain (Small Size),,Bakery & Confectionery,Each,114.54,2026-04_Annexure1.xlsx,114.89,113.9,111.61,120.0,113.24,113.79,100.0,109.54,110.0,116.75,124.9,130.0,116.57,120.0,100.0,126.58,110.0
2026-04,2026-04-01,5,Beef with Bone (Average Quality),Beef with Bone (Average Quality),,Meat & Poultry,1 Kg,1227.7,2026-04_Annexure1.xlsx,1487.07,1486.28,1100.0,1200.0,1235.24,1210.32,1135.89,1299.79,1076.18,1426.07,1185.87,1200.0,1232.45,1219.04,1032.28,1249.33,1200.0
2026-04,2026-04-01,6,Mutton (Average Quality),Mutton (Average Quality),,Meat & Poultry,1 Kg,2301.02,2026-04_Annexure1.xlsx,2791.64,2743.6,2282.3,2400.0,2661.11,2210.66,2133.2,2404.92,2220.26,2385.9,2228.71,2000.0,2131.2,2226.4,1800.0,2323.17,2395.71
2026-04,2026-04-01,7,Chicken Farm Broiler (Live),Chicken Farm Broiler (Live),,Meat & Poultry,1 Kg,420.97,2026-04_Annexure1.xlsx,424.12,422.42,407.64,407.64,391.49,409.3,412.53,408.0,388.28,432.9,418.78,428.52,414.56,429.32,437.76,458.33,473.57
2026-04,2026-04-01,8,Milk fresh (Un-boiled),Milk fresh (Un-boiled),,Dairy & Eggs,1 Ltr,206.52,2026-04_Annexure1.xlsx,238.23,219.64,200.0,176.1,200.43,200.0,173.27,197.73,180.0,240.0,220.22,200.0,243.29,243.24,186.43,200.0,212.82
2026-04,2026-04-01,9,Curd (Dahi) Loose,Curd (Dahi) Loose,,Dairy & Eggs,1 Kg,242.71,2026-04_Annexure1.xlsx,258.0,242.46,220.0,191.22,240.31,240.0,220.0,235.5,220.0,362.76,315.44,240.0,286.51,262.06,200.0,220.0,224.29
2026-04,2026-04-01,10,Powdered Milk NIDO 390 gm Polybag,Powdered Milk NIDO 390 gm Polybag,,Dairy & Eggs,Each,1143.47,2026-04_Annexure1.xlsx,1158.25,1152.63,1140.0,1193.3,1170.0,1170.0,1150.0,1100.0,1130.0,1145.7,1164.99,1100.0,1100.0,1150.0,1100.0,1150.0,1170.0
2026-04,2026-04-01,11,Eggs Hen (Farm),Eggs Hen (Farm),,Dairy & Eggs,1 Dozen,242.98,2026-04_Annexure1.xlsx,245.11,246.43,236.97,234.73,237.89,240.27,236.81,234.72,234.96,252.2,237.3,244.95,250.96,256.03,232.74,245.59,265.71
2026-04,2026-04-01,12,Mustard Oil (Average Quality),Mustard Oil (Average Quality),,Oils & Fats,1 Kg,554.84,2026-04_Annexure1.xlsx,686.46,659.3,500.0,550.0,547.1,560.0,489.9,572.17,570.0,575.88,499.18,440.0,546.09,638.65,470.0,597.23,593.26
2026-04,2026-04-01,13,"Cooking Oil DALDA or Other Similar Brand (SN), 5 Litre Tin","Cooking Oil DALDA or Other Similar Brand (SN), 5 Litre Tin",,Oils & Fats,Each,2992.3,2026-04_Annexure1.xlsx,2986.64,2986.64,2982.47,3014.14,2986.57,2970.0,2986.57,3010.54,3109.0,2970.0,2970.0,2970.0,3110.0,2970.0,2931.01,2970.0,2951.61
2026-04,2026-04-01,14,Vegetable Ghee DALDA/HABIB 2.5 kg Tin,Vegetable Ghee DALDA/HABIB 2.5 kg Tin,,Oils & Fats,Each,1516.17,2026-04_Annexure1.xlsx,1519.99,1518.99,1518.33,1525.0,1523.29,1515.0,1515.0,1536.0,1515.0,1515.35,1518.33,1525.0,1500.0,1515.0,1500.0,1515.0,1500.0
2026-04,2026-04-01,15,Vegetable Ghee DALDA/HABIB or Other superior Quality 1 kg Pouch,Vegetable Ghee DALDA/HABIB or Other superior Quality 1 kg Pouch,,Oils & Fats,Each,592.36,2026-04_Annexure1.xlsx,594.99,594.99,591.66,598.66,591.66,590.28,593.31,594.16,592.76,591.21,591.66,590.0,592.0,590.0,590.0,590.83,592.0
2026-04,2026-04-01,16,Bananas (Kela) Local,Bananas (Kela) Local,,Fruits,1 Dozen,196.93,2026-04_Annexure1.xlsx,324.54,302.24,223.61,239.24,200.58,200.0,200.0,277.43,213.12,151.14,140.77,125.26,135.84,223.74,198.61,140.75,178.83
2026-04,2026-04-01,17,Pulse Masoor (Washed),Pulse Masoor (Washed),Pulse Masoor (Washed),Pulses & Legumes,1 Kg,260.69,2026-04_Annexure1.xlsx,293.87,293.87,222.18,240.0,250.14,247.57,253.29,314.37,263.29,261.96,248.41,220.0,280.0,246.53,260.0,279.87,275.89
2026-04,2026-04-01,18,Pulse Moong (Washed),Pulse Moong (Washed),Pulse Moong (Washed),Pulses & Legumes,1 Kg,389.88,2026-04_Annexure1.xlsx,413.61,397.07,360.0,364.83,377.57,342.46,400.0,391.01,365.34,390.05,392.94,420.0,405.91,370.0,380.0,463.26,409.76
2026-04,2026-04-01,19,Pulse Mash (Washed),Pulse Mash (Washed),Pulse Mash (Washed),Pulses & Legumes,1 Kg,473.46,2026-04_Annexure1.xlsx,512.99,493.88,469.72,464.76,532.48,422.4,470.25,483.26,416.56,457.56,439.1,470.0,499.6,470.49,500.0,484.93,476.22
2026-04,2026-04-01,20,Pulse Gram,Pulse Gram,Pulse Gram,Pulses & Legumes,1 Kg,250.12,2026-04_Annexure1.xlsx,284.8,281.11,220.0,216.61,245.33,216.47,243.29,249.17,256.62,253.24,246.56,250.0,246.06,257.47,240.0,261.56,300.0
2026-04,2026-04-01,21,Potatoes,Potatoes,Potatoes,Vegetables,1 Kg,33.9,2026-04_Annexure1.xlsx,56.68,48.53,30.0,36.34,33.47,23.41,24.47,28.07,22.71,49.73,33.16,27.39,23.21,49.65,30.0,43.72,41.21
2026-04,2026-04-01,22,Onions,Onions,Onions,Vegetables,1 Kg,74.43,2026-04_Annexure1.xlsx,122.48,110.82,88.46,83.2,82.55,70.12,69.13,70.96,69.06,68.43,55.93,56.46,44.2,98.49,76.52,73.49,63.74
2026-04,2026-04-01,23,Tomatoes,Tomatoes,Tomatoes,Vegetables,1 Kg,78.51,2026-04_Annexure1.xlsx,124.34,115.4,97.92,106.39,88.07,89.39,86.54,69.5,66.26,79.44,58.35,44.24,50.84,105.37,77.08,59.88,68.74
2026-04,2026-04-01,24,Sugar Refined,Sugar Refined,,Sugar & Sweeteners,1 Kg,149.04,2026-04_Annexure1.xlsx,150.94,150.47,150.0,150.0,151.73,150.0,150.0,146.81,143.02,151.22,147.75,140.0,145.27,154.97,145.82,152.32,154.16
2026-04,2026-04-01,25,Gur (Average Quality),Gur (Average Quality),,Sugar & Sweeteners,1 Kg,223.95,2026-04_Annexure1.xlsx,267.97,255.93,220.0,190.0,232.34,215.39,180.0,241.41,166.41,262.58,244.95,180.0,181.63,258.74,243.15,264.97,246.62
2026-04,2026-04-01,26,Salt Powdered (NATIONAL/SHAN) 800 gm Packet,Salt Powdered (NATIONAL/SHAN) 800 gm Packet,,Condiments & Spices,Each,63.0,2026-04_Annexure1.xlsx,60.0,60.0,60.0,70.0,60.0,70.0,60.0,60.0,63.16,67.01,63.16,60.0,70.0,60.0,60.0,60.0,70.0
2026-04,2026-04-01,27,Chilies Powder NATIONAL 200 gm Packet,Chilies Powder NATIONAL 200 gm Packet,,Condiments & Spices,Each,368.65,2026-04_Annexure1.xlsx,380.0,380.0,380.0,380.0,380.0,380.0,380.0,380.0,380.0,380.0,380.0,380.0,320.0,380.0,320.0,380.0,320.0
2026-04,2026-04-01,28,Garlic (Lehsun),Garlic (Lehsun),,Vegetables,1 Kg,471.72,2026-04_Annexure1.xlsx,588.16,566.51,600.0,508.01,375.52,416.02,501.25,381.59,479.68,401.62,348.69,443.48,388.52,472.11,566.19,503.38,600.0
2026-04,2026-04-01,29,Tea Lipton Yellow Label 190 gm Packet,Tea Lipton Yellow Label 190 gm Packet,,Beverages,Each,447.06,2026-04_Annexure1.xlsx,447.06,447.05,447.05,447.05,447.06,447.5,447.0,447.05,447.0,447.06,447.06,447.05,447.05,447.0,447.0,447.0,447.05
2026-04,2026-04-01,30,Cooked Beef at Average Hotel,Cooked Beef at Average Hotel,,Food Away from Home,Per Plate,318.08,2026-04_Annexure1.xlsx,354.07,334.26,450.0,350.0,314.93,315.82,300.0,325.91,309.68,373.12,314.88,200.0,240.0,297.71,300.0,359.91,343.2
2026-04,2026-04-01,31,Cooked Daal at Average Hotel,Cooked Daal at Average Hotel,,Food Away from Home,Per Plate,170.17,2026-04_Annexure1.xlsx,241.4,220.86,150.0,190.0,194.15,176.14,150.0,141.08,173.27,184.29,177.45,160.0,132.51,133.72,130.0,189.82,193.1
2026-04,2026-04-01,32,Tea Prepared Ordinary,Tea Prepared Ordinary,,Food Away from Home,Per Cup,63.69,2026-04_Annexure1.xlsx,70.39,68.58,66.49,50.0,61.19,63.16,63.16,79.41,50.0,70.0,71.45,70.0,70.0,54.22,56.46,80.0,50.0
2026-04,2026-04-01,33,Cigarettes Capstan 20'S Packet,Cigarettes Capstan 20'S Packet,,Tobacco,Each,247.62,2026-04_Annexure1.xlsx,250.0,250.0,250.0,250.0,250.0,250.0,240.0,241.64,240.0,250.3,250.0,250.0,240.0,250.0,253.29,244.95,250.0
2026-04,2026-04-01,34,"Long Cloth 57"" Gul Ahmed/Al Karam","Long Cloth 57"" Gul Ahmed/Al Karam",,Textiles & Apparel,1 mtr,674.06,2026-04_Annexure1.xlsx,764.78,757.38,700.0,700.0,790.0,566.19,700.0,800.0,793.28,732.95,594.6,500.0,646.33,735.13,700.0,748.89,400.0
2026-04,2026-04-01,35,Shirting (Average Quality),Shirting (Average Quality),,Textiles & Apparel,1 mtr,535.5,2026-04_Annexure1.xlsx,701.62,656.52,600.0,550.0,459.15,866.35,700.0,520.7,586.59,640.58,589.97,350.0,482.74,696.62,476.22,239.86,372.77
2026-04,2026-04-01,36,Lawn Printed Gul Ahmed/Al Karam,Lawn Printed Gul Ahmed/Al Karam,,Textiles & Apparel,1 mtr,674.11,2026-04_Annexure1.xlsx,662.12,628.7,748.0,700.0,784.81,666.26,714.0,793.93,818.89,722.3,585.77,550.0,632.89,808.08,650.0,748.89,400.0
2026-04,2026-04-01,37,Georgette (Average Quality),Georgette (Average Quality),,Textiles & Apparel,1 mtr,314.13,2026-04_Annexure1.xlsx,399.91,382.08,250.0,300.0,421.04,350.0,400.0,327.54,300.0,387.38,311.51,206.46,382.59,287.94,250.0,219.62,282.31
2026-04,2026-04-01,38,Gents Sandal Bata,Gents Sandal Bata,,Footwear,Pair,2499.0,2026-04_Annexure1.xlsx,2499.0,2499.0,2499.0,2499.0,2499.0,2499.0,2499.0,2499.0,2499.0,2499.0,2499.0,2499.0,2499.0,2499.0,2499.0,2499.0,2499.0
2026-04,2026-04-01,39,Gents Sponge Chappal Bata,Gents Sponge Chappal Bata,,Footwear,Pair,599.0,2026-04_Annexure1.xlsx,599.0,599.0,599.0,599.0,599.0,599.0,599.0,599.0,599.0,599.0,599.0,599.0,599.0,599.0,599.0,599.0,599.0
2026-04,2026-04-01,40,Ladies Sandal Bata,Ladies Sandal Bata,,Footwear,Pair,1399.0,2026-04_Annexure1.xlsx,1399.0,1399.0,1399.0,1399.0,1399.0,1399.0,1399.0,1399.0,1399.0,1399.0,1399.0,1399.0,1399.0,1399.0,1399.0,1399.0,1399.0
2026-04,2026-04-01,41,Electricity Charges upto 50 Units,Electricity Charges upto 50 Units,,Energy & Utilities,Per Unit,7.46,2026-04_Annexure1.xlsx,7.46,7.46,7.46,7.46,7.46,7.46,7.46,7.46,7.46,7.46,7.46,7.46,7.46,7.46,7.46,7.46,7.46
2026-04,2026-04-01,42,Gas Charges upto 3.3719 MMBTU,Gas Charges upto 3.3719 MMBTU,,Energy & Utilities,MMBTU,2566.5,2026-04_Annexure1.xlsx,2566.5,2566.5,2566.5,2566.5,2566.5,2566.5,2566.5,2566.5,2566.5,2566.5,2566.5,2566.5,2566.5,2566.5,2566.5,2566.5,2566.5
2026-04,2026-04-01,43,Firewood Whole,Firewood Whole,,Energy & Utilities,40 Kg,1485.01,2026-04_Annexure1.xlsx,2139.27,1764.09,1800.0,1600.0,1899.43,1800.0,1250.0,1682.75,1632.66,1388.27,1483.14,1132.37,1383.13,1288.39,1014.31,1449.43,1065.6
2026-04,2026-04-01,44,Energy Saver Philips 14 Watt,Energy Saver Philips 14 Watt,,Household Goods,Each,402.11,2026-04_Annexure1.xlsx,276.63,260.4,550.0,575.0,550.0,400.0,550.0,575.0,272.7,350.0,450.0,350.0,370.0,350.0,300.0,350.0,580.0
2026-04,2026-04-01,45,Sufi Washing Soap 250 gm Cake,Sufi Washing Soap 250 gm Cake,,Personal & Household Care,Each,134.85,2026-04_Annexure1.xlsx,146.85,147.27,130.0,130.0,134.91,132.48,132.39,133.0,140.0,130.34,130.0,138.0,136.15,138.25,130.0,140.0,125.0
2026-04,2026-04-01,46,Match Box,Match Box,,Household Goods,Each,6.24,2026-04_Annexure1.xlsx,6.0,6.0,7.0,5.0,6.32,7.0,6.0,7.0,7.0,7.0,6.56,6.0,7.0,7.0,5.0,5.97,5.0
2026-04,2026-04-01,47,Petrol Super,Petrol Super,,Fuel & Transport,Per Litre,368.39,2026-04_Annexure1.xlsx,368.02,367.94,368.69,368.89,366.69,367.91,369.72,368.11,369.45,367.92,370.07,367.91,368.59,367.91,369.1,367.75,367.97
2026-04,2026-04-01,48,Hi-Speed Diesel,Hi-Speed Diesel,,Fuel & Transport,Per Litre,411.13,2026-04_Annexure1.xlsx,410.77,410.66,411.46,411.31,409.44,410.74,412.47,410.88,412.21,410.62,412.62,410.62,411.59,410.63,412.09,410.47,410.62
2026-04,2026-04-01,49,LPG 11.67 kg Cylinder,LPG 11.67 kg Cylinder,,Energy & Utilities,Each,5215.43,2026-04_Annexure1.xlsx,5601.93,5557.1,5415.38,5557.8,5371.35,5248.11,5008.46,5414.98,5104.88,5024.69,5089.0,5090.08,4914.33,5249.39,4990.52,5080.41,5020.62
2026-04,2026-04-01,50,Telephone Call Charges,Telephone Call Charges,,Communication,Per Minute,1.79,2026-04_Annexure1.xlsx,1.79,1.79,1.79,1.79,1.79,1.79,1.79,1.79,1.79,1.79,1.79,1.79,1.79,1.79,1.79,1.79,1.79
2026-04,2026-04-01,51,Toilet Soap LIFEBUOY 115 gm,Toilet Soap LIFEBUOY 115 gm,,Personal & Household Care,Each,115.79,2026-04_Annexure1.xlsx,116.17,116.17,116.17,116.17,116.17,116.17,112.3,116.17,116.17,116.18,116.17,116.17,118.6,116.87,116.87,116.17,110.0
2026-05,2026-05-01,1,Wheat Flour Bag,Wheat Flour Bag,,Cereals & Grains,20 Kg,2349.48,2026-05_Annexure1.xlsx,2545.32,2514.59,2167.5,2154.74,2123.14,2316.18,2098.41,2189.37,2203.43,2513.64,2465.07,2298.55,2366.19,2573.38,2533.63,2570.38,2409.98
2026-05,2026-05-01,2,Rice Basmati Broken (Average Quality),Rice Basmati Broken (Average Quality),,Cereals & Grains,1 Kg,215.93,2026-05_Annexure1.xlsx,274.83,270.58,180.0,190.0,215.37,233.14,156.59,193.1,199.72,275.87,213.12,200.0,236.62,222.18,146.59,279.93,246.62
2026-05,2026-05-01,3,Rice IRRI-6/9 (Sindh/Punjab),Rice IRRI-6/9 (Sindh/Punjab),,Cereals & Grains,1 Kg,153.48,2026-05_Annexure1.xlsx,178.64,164.27,,,,160.0,186.61,140.92,196.61,171.11,123.24,140.0,116.57,123.24,166.6,149.86,156.59
2026-05,2026-05-01,4,Bread plain (Small Size),Bread plain (Small Size),,Bakery & Confectionery,Each,118.07,2026-05_Annexure1.xlsx,120.0,117.93,120.0,120.0,120.0,120.0,100.0,120.0,110.0,128.61,130.0,130.0,116.57,120.0,100.0,130.0,110.0
2026-05,2026-05-01,5,Beef with Bone (Average Quality),Beef with Bone (Average Quality),,Meat & Poultry,1 Kg,1247.54,2026-05_Annexure1.xlsx,1487.07,1486.28,1200.0,1200.0,1236.02,1307.3,1166.43,1299.79,1116.42,1433.57,1195.58,1200.0,1232.45,1257.63,1032.28,1249.33,1200.0
2026-05,2026-05-01,6,Mutton (Average Quality),Mutton (Average Quality),,Meat & Poultry,1 Kg,2346.54,2026-05_Annexure1.xlsx,2837.27,2786.4,2500.0,2400.0,2761.14,2308.96,2171.95,2404.92,2266.17,2440.74,2302.89,2000.0,2131.2,2283.33,1800.0,2348.05,2395.71
2026-05,2026-05-01,7,Chicken Farm Broiler (Live),Chicken Farm Broiler (Live),,Meat & Poultry,1 Kg,395.77,2026-05_Annexure1.xlsx,385.67,383.53,371.37,367.91,355.62,377.37,371.48,381.29,363.96,447.27,429.73,412.83,407.7,391.92,404.1,435.44,459.79
2026-05,2026-05-01,8,Milk fresh (Un-boiled),Milk fresh (Un-boiled),,Dairy & Eggs,1 Ltr,212.01,2026-05_Annexure1.xlsx,247.67,232.99,206.61,182.41,204.05,200.0,173.27,200.69,180.0,240.0,230.0,200.0,243.29,246.01,193.1,220.0,226.47
2026-05,2026-05-01,9,Curd (Dahi) Loose,Curd (Dahi) Loose,,Dairy & Eggs,1 Kg,249.29,2026-05_Annexure1.xlsx,268.74,259.2,226.62,199.52,243.27,240.0,220.0,240.67,220.0,364.25,318.85,240.0,286.51,271.93,213.12,240.0,233.14
2026-05,2026-05-01,10,Powdered Milk NIDO 390 gm Polybag,Powdered Milk NIDO 390 gm Polybag,,Dairy & Eggs,Each,1147.3,2026-05_Annexure1.xlsx,1168.29,1158.64,1140.0,1200.0,1170.0,1170.0,1150.0,1100.0,1130.0,1146.4,1164.99,1116.42,1100.0,1155.45,1100.0,1170.0,1170.0
2026-05,2026-05-01,11,Eggs Hen (Farm),Eggs Hen (Farm),,Dairy & Eggs,1 Dozen,239.01,2026-05_Annexure1.xlsx,243.59,242.19,232.14,246.62,237.24,236.91,236.91,215.84,217.72,247.8,220.22,233.14,255.51,248.46,250.0,245.69,258.58
2026-05,2026-05-01,12,Mustard Oil (Average Quality),Mustard Oil (Average Quality),,Oils & Fats,1 Kg,551.7,2026-05_Annexure1.xlsx,686.46,659.3,500.0,550.0,550.25,560.0,480.0,572.17,570.0,566.34,494.86,440.0,516.14,638.65,470.0,597.23,593.26
2026-05,2026-05-01,13,"Cooking Oil DALDA or Other Similar Brand (SN), 5 Litre Tin","Cooking Oil DALDA or Other Similar Brand (SN), 5 Litre Tin",,Oils & Fats,Each,3016.11,2026-05_Annexure1.xlsx,3020.0,3020.0,3020.0,3020.0,3020.0,2986.57,3034.93,2970.0,3109.0,2979.74,2995.0,2986.64,3110.0,2970.0,3100.0,2986.57,2951.61
2026-05,2026-05-01,14,Vegetable Ghee DALDA/HABIB 2.5 kg Tin,Vegetable Ghee DALDA/HABIB 2.5 kg Tin,,Oils & Fats,Each,1520.95,2026-05_Annexure1.xlsx,1540.0,1540.0,1534.98,1529.98,1540.0,1515.0,1523.29,1515.0,1515.0,1523.92,1525.0,1525.0,1500.0,1515.0,1500.0,1515.0,1500.0
2026-05,2026-05-01,15,Vegetable Ghee DALDA/HABIB or Other superior Quality 1 kg Pouch,Vegetable Ghee DALDA/HABIB or Other superior Quality 1 kg Pouch,,Oils & Fats,Each,596.07,2026-05_Annexure1.xlsx,600.0,600.0,600.0,600.0,600.0,594.43,600.0,600.0,593.31,595.05,595.0,590.0,592.0,593.31,590.0,598.33,592.0
2026-05,2026-05-01,16,Bananas (Kela) Local,Bananas (Kela) Local,,Fruits,1 Dozen,194.74,2026-05_Annexure1.xlsx,323.19,295.93,200.0,215.44,198.57,200.0,192.06,229.1,222.4,165.9,142.55,143.39,123.57,222.68,247.7,136.34,165.1
2026-05,2026-05-01,17,Pulse Masoor (Washed),Pulse Masoor (Washed),Pulse Masoor (Washed),Pulses & Legumes,1 Kg,258.88,2026-05_Annexure1.xlsx,293.87,293.87,220.0,240.0,245.19,249.1,253.29,314.37,254.27,265.99,248.14,220.0,260.0,246.53,260.0,279.93,275.89
2026-05,2026-05-01,18,Pulse Moong (Washed),Pulse Moong (Washed),Pulse Moong (Washed),Pulses & Legumes,1 Kg,389.73,2026-05_Annexure1.xlsx,413.61,397.07,355.36,390.0,370.87,346.54,400.0,391.01,364.1,391.82,396.59,420.0,405.91,370.0,373.21,459.95,393.84
2026-05,2026-05-01,19,Pulse Mash (Washed),Pulse Mash (Washed),Pulse Mash (Washed),Pulses & Legumes,1 Kg,466.54,2026-05_Annexure1.xlsx,512.99,493.88,420.0,450.0,512.8,419.68,473.31,488.7,400.85,464.09,441.58,470.0,480.0,472.16,500.0,473.27,476.22
2026-05,2026-05-01,20,Pulse Gram,Pulse Gram,Pulse Gram,Pulses & Legumes,1 Kg,247.57,2026-05_Annexure1.xlsx,282.78,279.81,220.0,220.0,236.13,216.47,243.29,245.51,231.59,255.5,246.56,250.0,244.39,256.12,240.0,256.54,300.0
2026-05,2026-05-01,21,Potatoes,Potatoes,Potatoes,Vegetables,1 Kg,35.54,2026-05_Annexure1.xlsx,53.02,46.99,30.0,40.0,38.44,30.0,26.04,32.32,27.11,48.36,34.07,30.0,24.28,48.78,30.0,40.37,41.21
2026-05,2026-05-01,22,Onions,Onions,Onions,Vegetables,1 Kg,70.08,2026-05_Annexure1.xlsx,101.58,90.52,80.0,100.0,80.97,62.09,64.25,71.08,55.33,73.41,58.52,55.93,43.86,83.05,76.52,57.92,65.42
2026-05,2026-05-01,23,Tomatoes,Tomatoes,Tomatoes,Vegetables,1 Kg,60.91,2026-05_Annexure1.xlsx,98.22,87.83,61.04,71.23,48.78,51.02,62.25,48.83,41.25,79.03,63.19,35.57,54.37,75.87,59.44,55.43,77.29
2026-05,2026-05-01,24,Sugar Refined,Sugar Refined,,Sugar & Sweeteners,1 Kg,148.65,2026-05_Annexure1.xlsx,150.0,150.0,150.0,150.0,150.0,150.0,150.0,145.9,141.65,150.97,148.31,141.33,146.1,153.26,145.0,152.48,152.72
2026-05,2026-05-01,25,Gur (Average Quality),Gur (Average Quality),,Sugar & Sweeteners,1 Kg,223.57,2026-05_Annexure1.xlsx,267.97,255.93,220.0,190.0,228.5,213.12,180.0,241.04,168.66,262.58,244.95,186.43,180.0,256.5,238.69,261.59,246.62
2026-05,2026-05-01,26,Salt Powdered (NATIONAL/SHAN) 800 gm Packet,Salt Powdered (NATIONAL/SHAN) 800 gm Packet,,Condiments & Spices,Each,62.97,2026-05_Annexure1.xlsx,60.0,60.0,60.0,70.0,60.0,70.0,60.0,60.0,63.16,66.43,63.16,60.0,70.0,60.0,60.0,60.0,70.0
2026-05,2026-05-01,27,Chilies Powder NATIONAL 200 gm Packet,Chilies Powder NATIONAL 200 gm Packet,,Condiments & Spices,Each,368.65,2026-05_Annexure1.xlsx,380.0,380.0,380.0,380.0,380.0,380.0,380.0,380.0,380.0,380.0,380.0,380.0,320.0,380.0,320.0,380.0,320.0
2026-05,2026-05-01,28,Garlic (Lehsun),Garlic (Lehsun),,Vegetables,1 Kg,420.11,2026-05_Annexure1.xlsx,515.79,492.49,470.03,449.58,340.06,397.03,385.89,342.0,473.24,389.4,353.3,330.19,330.76,451.5,543.71,394.88,600.0
2026-05,2026-05-01,29,Tea Lipton Yellow Label 190 gm Packet,Tea Lipton Yellow Label 190 gm Packet,,Beverages,Each,447.06,2026-05_Annexure1.xlsx,447.06,447.05,447.05,447.05,447.06,447.5,447.0,447.05,447.0,447.06,447.06,447.05,447.05,447.0,447.0,447.0,447.05
2026-05,2026-05-01,30,Cooked Beef at Average Hotel,Cooked Beef at Average Hotel,,Food Away from Home,Per Plate,320.15,2026-05_Annexure1.xlsx,354.07,334.26,450.0,350.0,317.94,315.82,300.0,325.91,309.68,373.12,318.6,200.0,260.33,300.0,300.0,359.91,343.2
2026-05,2026-05-01,31,Cooked Daal at Average Hotel,Cooked Daal at Average Hotel,,Food Away from Home,Per Plate,171.83,2026-05_Annexure1.xlsx,241.4,220.86,150.0,190.0,194.15,176.14,150.0,141.08,173.27,184.29,177.45,160.0,150.0,139.27,130.0,189.82,193.1
2026-05,2026-05-01,32,Tea Prepared Ordinary,Tea Prepared Ordinary,,Food Away from Home,Per Cup,64.31,2026-05_Annexure1.xlsx,71.84,69.46,66.49,50.0,63.32,63.16,63.16,80.0,50.0,70.0,71.45,70.0,76.52,54.22,56.46,80.0,50.0
2026-05,2026-05-01,33,Cigarettes Capstan 20'S Packet,Cigarettes Capstan 20'S Packet,,Tobacco,Each,248.31,2026-05_Annexure1.xlsx,250.0,250.0,250.0,250.0,250.0,250.0,240.0,250.0,240.0,250.3,253.29,250.0,240.0,250.0,253.29,244.95,250.0
2026-05,2026-05-01,34,"Long Cloth 57"" Gul Ahmed/Al Karam","Long Cloth 57"" Gul Ahmed/Al Karam",,Textiles & Apparel,1 mtr,681.35,2026-05_Annexure1.xlsx,773.97,769.03,700.0,700.0,790.0,595.83,700.0,800.0,793.28,732.95,606.59,500.0,646.33,800.0,700.0,748.89,400.0
2026-05,2026-05-01,35,Shirting (Average Quality),Shirting (Average Quality),,Textiles & Apparel,1 mtr,536.47,2026-05_Annexure1.xlsx,701.62,660.89,600.0,550.0,459.15,866.35,700.0,520.7,586.59,640.58,601.46,350.0,482.74,700.0,476.22,239.86,372.77
2026-05,2026-05-01,36,Lawn Printed Gul Ahmed/Al Karam,Lawn Printed Gul Ahmed/Al Karam,,Textiles & Apparel,1 mtr,678.22,2026-05_Annexure1.xlsx,662.12,630.72,748.0,700.0,784.81,666.26,714.0,793.93,818.89,722.3,588.7,550.0,632.89,888.64,650.0,748.89,400.0
2026-05,2026-05-01,37,Georgette (Average Quality),Georgette (Average Quality),,Textiles & Apparel,1 mtr,315.9,2026-05_Annexure1.xlsx,407.95,395.03,250.0,300.0,421.04,350.0,400.0,327.54,300.0,387.9,311.51,206.46,382.59,300.0,250.0,219.62,282.31
2026-05,2026-05-01,38,Gents Sandal Bata,Gents Sandal Bata,,Footwear,Pair,2499.0,2026-05_Annexure1.xlsx,2499.0,2499.0,2499.0,2499.0,2499.0,2499.0,2499.0,2499.0,2499.0,2499.0,2499.0,2499.0,2499.0,2499.0,2499.0,2499.0,2499.0
2026-05,2026-05-01,39,Gents Sponge Chappal Bata,Gents Sponge Chappal Bata,,Footwear,Pair,663.94,2026-05_Annexure1.xlsx,663.94,663.94,663.94,663.94,663.94,663.94,663.94,663.94,663.94,663.94,663.94,663.94,663.94,663.94,663.94,663.94,663.94
2026-05,2026-05-01,40,Ladies Sandal Bata,Ladies Sandal Bata,,Footwear,Pair,1464.9,2026-05_Annexure1.xlsx,1464.9,1464.9,1464.9,1464.9,1464.9,1464.9,1464.9,1464.9,1464.9,1464.9,1464.9,1464.9,1464.9,1464.9,1464.9,1464.9,1464.9
2026-05,2026-05-01,41,Electricity Charges upto 50 Units,Electricity Charges upto 50 Units,,Energy & Utilities,Per Unit,7.25,2026-05_Annexure1.xlsx,7.25,7.25,7.25,7.25,7.25,7.25,7.25,7.25,7.25,7.25,7.25,7.25,7.25,7.25,7.25,7.25,7.25
2026-05,2026-05-01,42,Gas Charges upto 3.3719 MMBTU,Gas Charges upto 3.3719 MMBTU,,Energy & Utilities,MMBTU,2566.5,2026-05_Annexure1.xlsx,2566.5,2566.5,2566.5,2566.5,2566.5,2566.5,2566.5,2566.5,2566.5,2566.5,2566.5,2566.5,2566.5,2566.5,2566.5,2566.5,2566.5
2026-05,2026-05-01,43,Firewood Whole,Firewood Whole,,Energy & Utilities,40 Kg,1487.66,2026-05_Annexure1.xlsx,2139.27,1764.09,1866.06,1600.0,1899.43,1800.0,1250.0,1708.23,1632.66,1389.31,1483.14,1132.37,1383.13,1324.73,965.49,1449.43,1065.6
2026-05,2026-05-01,44,Energy Saver Philips 14 Watt,Energy Saver Philips 14 Watt,,Household Goods,Each,402.11,2026-05_Annexure1.xlsx,276.63,260.4,550.0,575.0,550.0,400.0,550.0,575.0,272.7,350.0,450.0,350.0,370.0,350.0,300.0,350.0,580.0
2026-05,2026-05-01,45,Sufi Washing Soap 250 gm Cake,Sufi Washing Soap 250 gm Cake,,Personal & Household Care,Each,137.41,2026-05_Annexure1.xlsx,150.81,152.17,130.0,130.0,140.0,136.65,145.0,133.0,140.0,134.45,130.0,138.0,139.33,145.0,130.0,140.0,125.0
2026-05,2026-05-01,46,Match Box,Match Box,,Household Goods,Each,6.24,2026-05_Annexure1.xlsx,6.0,6.0,7.0,5.0,6.32,7.0,6.0,7.0,7.0,7.0,6.56,6.0,7.0,7.0,5.0,5.97,5.0
2026-05,2026-05-01,47,Petrol Super,Petrol Super,,Fuel & Transport,Per Litre,410.07,2026-05_Annexure1.xlsx,409.6,409.52,410.36,410.59,408.09,409.48,411.5,409.79,411.6,409.48,411.93,409.54,410.38,409.49,410.99,409.41,409.51
2026-05,2026-05-01,48,Hi-Speed Diesel,Hi-Speed Diesel,,Fuel & Transport,Per Litre,409.87,2026-05_Annexure1.xlsx,409.48,409.26,410.12,410.36,407.87,409.26,411.27,409.58,411.61,409.26,411.69,409.31,410.19,409.25,410.79,409.18,409.27
2026-05,2026-05-01,49,LPG 11.67 kg Cylinder,LPG 11.67 kg Cylinder,,Energy & Utilities,Each,4801.11,2026-05_Annexure1.xlsx,5343.43,5261.56,5004.16,5055.08,4679.52,4866.44,4533.09,4686.75,4819.96,4461.94,5095.6,4670.0,4609.16,4680.84,4600.0,4798.61,4562.79
2026-05,2026-05-01,50,Telephone Call Charges,Telephone Call Charges,,Communication,Per Minute,1.79,2026-05_Annexure1.xlsx,1.79,1.79,1.79,1.79,1.79,1.79,1.79,1.79,1.79,1.79,1.79,1.79,1.79,1.79,1.79,1.79,1.79
2026-05,2026-05-01,51,Toilet Soap LIFEBUOY 115 gm,Toilet Soap LIFEBUOY 115 gm,,Personal & Household Care,Each,116.28,2026-05_Annexure1.xlsx,117.34,117.34,116.17,117.0,116.17,116.17,117.34,116.17,116.17,116.18,116.17,116.17,118.6,116.87,116.87,116.17,110.0
2026-06,2026-06-01,1,Wheat Flour Bag,Wheat Flour Bag,,Cereals & Grains,20 Kg,2423.3,2026-06_Annexure1.xlsx,2659.25,2642.69,2310.79,2200.0,2207.07,2304.77,2200.0,2232.35,2233.25,2588.97,2596.64,2333.2,2379.89,2639.87,2649.79,2706.55,2432.88
2026-06,2026-06-01,2,Rice Basmati Broken (Average Quality),Rice Basmati Broken (Average Quality),,Cereals & Grains,1 Kg,216.26,2026-06_Annexure1.xlsx,274.83,270.58,180.0,190.0,216.4,233.14,156.59,193.1,203.11,276.9,213.12,200.0,236.62,222.18,146.59,279.93,246.62
2026-06,2026-06-01,3,Rice IRRI-6/9 (Sindh/Punjab),Rice IRRI-6/9 (Sindh/Punjab),,Cereals & Grains,1 Kg,153.99,2026-06_Annexure1.xlsx,178.64,164.27,,,,160.0,186.61,140.92,196.61,171.63,123.24,140.0,116.57,123.24,166.6,159.87,153.26
2026-06,2026-06-01,4,Bread plain (Small Size),Bread plain (Small Size),,Bakery & Confectionery,Each,118.21,2026-06_Annexure1.xlsx,120.0,119.31,120.0,120.0,120.0,120.0,100.0,120.0,110.0,129.79,130.0,130.0,116.57,120.0,100.0,130.0,110.0
2026-06,2026-06-01,5,Beef with Bone (Average Quality),Beef with Bone (Average Quality),,Meat & Poultry,1 Kg,1249.4,2026-06_Annexure1.xlsx,1487.07,1486.28,1200.0,1200.0,1231.32,1329.88,1166.43,1299.79,1116.42,1436.08,1208.02,1200.0,1232.45,1257.63,1032.28,1249.33,1200.0
2026-06,2026-06-01,6,Mutton (Average Quality),Mutton (Average Quality),,Meat & Poultry,1 Kg,2358.11,2026-06_Annexure1.xlsx,2837.27,2786.4,2532.9,2400.0,2861.16,2331.39,2183.21,2404.92,2266.17,2445.56,2345.1,2000.0,2131.2,2283.33,1800.0,2348.05,2395.71
2026-06,2026-06-01,7,Chicken Farm Broiler (Live),Chicken Farm Broiler (Live),,Meat & Poultry,1 Kg,323.29,2026-06_Annexure1.xlsx,310.7,307.91,283.06,287.39,284.54,306.2,299.82,321.29,298.8,344.0,336.58,339.9,324.3,316.44,333.17,389.57,450.0
2026-06,2026-06-01,8,Milk fresh (Un-boiled),Milk fresh (Un-boiled),,Dairy & Eggs,1 Ltr,214.57,2026-06_Annexure1.xlsx,249.87,237.09,220.0,182.41,209.75,204.28,174.37,202.18,180.0,240.0,230.0,200.0,243.29,259.42,193.1,220.0,226.47
2026-06,2026-06-01,9,Curd (Dahi) Loose,Curd (Dahi) Loose,,Dairy & Eggs,1 Kg,250.56,2026-06_Annexure1.xlsx,272.37,264.58,240.0,199.52,249.6,240.0,220.0,243.29,220.0,364.06,321.62,240.0,286.51,274.27,213.12,226.47,233.14
2026-06,2026-06-01,10,Powdered Milk NIDO 390 gm Polybag,Powdered Milk NIDO 390 gm Polybag,,Dairy & Eggs,Each,1151.97,2026-06_Annexure1.xlsx,1168.29,1158.64,1140.0,1200.0,1170.0,1170.0,1150.0,1144.0,1130.0,1146.6,1164.99,1150.0,1100.0,1155.45,1100.0,1170.0,1170.0
2026-06,2026-06-01,11,Eggs Hen (Farm),Eggs Hen (Farm),,Dairy & Eggs,1 Dozen,221.84,2026-06_Annexure1.xlsx,222.65,227.11,209.54,222.57,215.03,215.03,214.37,198.95,198.36,227.19,213.37,219.39,232.86,233.01,240.0,239.02,250.0
2026-06,2026-06-01,12,Mustard Oil (Average Quality),Mustard Oil (Average Quality),,Oils & Fats,1 Kg,551.09,2026-06_Annexure1.xlsx,686.46,659.3,500.0,550.0,556.61,560.0,480.0,572.17,570.0,563.81,486.0,433.31,516.14,638.65,470.0,597.23,597.74
2026-06,2026-06-01,13,"Cooking Oil DALDA or Other Similar Brand (SN), 5 Litre Tin","Cooking Oil DALDA or Other Similar Brand (SN), 5 Litre Tin",,Oils & Fats,Each,3048.74,2026-06_Annexure1.xlsx,3065.0,3065.0,3049.93,3049.93,3065.0,3020.0,3065.0,3065.0,3109.0,3025.12,3011.64,3020.0,3110.0,3020.0,3100.0,3020.0,2971.66
2026-06,2026-06-01,14,Vegetable Ghee DALDA/HABIB 2.5 kg Tin,Vegetable Ghee DALDA/HABIB 2.5 kg Tin,,Oils & Fats,Each,1541.82,2026-06_Annexure1.xlsx,1565.0,1565.0,1556.62,1540.0,1561.4,1540.0,1556.62,1565.0,1515.0,1552.81,1565.0,1534.98,1500.0,1531.62,1500.0,1565.0,1500.0
2026-06,2026-06-01,15,Vegetable Ghee DALDA/HABIB or Other superior Quality 1 kg Pouch,Vegetable Ghee DALDA/HABIB or Other superior Quality 1 kg Pouch,,Oils & Fats,Each,601.08,2026-06_Annexure1.xlsx,610.0,610.0,606.65,606.65,610.0,600.0,610.0,603.31,593.31,603.56,600.0,590.0,592.0,600.0,590.0,601.66,592.0
2026-06,2026-06-01,16,Bananas (Kela) Local,Bananas (Kela) Local,,Fruits,1 Dozen,197.0,2026-06_Annexure1.xlsx,322.17,294.24,200.0,232.08,212.88,200.0,195.37,269.24,222.4,168.72,123.04,131.04,118.13,224.77,265.66,146.05,165.1
2026-06,2026-06-01,17,Pulse Masoor (Washed),Pulse Masoor (Washed),Pulse Masoor (Washed),Pulses & Legumes,1 Kg,258.81,2026-06_Annexure1.xlsx,293.87,293.87,220.0,240.0,245.19,249.1,253.29,314.37,246.62,261.19,250.32,220.0,260.0,246.53,260.0,289.93,275.89
2026-06,2026-06-01,18,Pulse Moong (Washed),Pulse Moong (Washed),Pulse Moong (Washed),Pulses & Legumes,1 Kg,384.47,2026-06_Annexure1.xlsx,413.61,397.07,326.63,390.0,364.37,346.54,393.79,391.01,353.21,382.4,398.29,420.0,405.91,370.0,360.0,449.95,391.92
2026-06,2026-06-01,19,Pulse Mash (Washed),Pulse Mash (Washed),Pulse Mash (Washed),Pulses & Legumes,1 Kg,461.62,2026-06_Annexure1.xlsx,512.99,493.88,420.0,450.0,498.8,421.86,473.31,488.7,379.73,454.47,420.38,470.0,463.87,469.14,500.0,476.6,476.22
2026-06,2026-06-01,20,Pulse Gram,Pulse Gram,Pulse Gram,Pulses & Legumes,1 Kg,245.61,2026-06_Annexure1.xlsx,282.78,279.81,211.09,216.61,233.53,216.47,243.29,245.51,213.12,254.07,246.56,250.0,252.14,254.22,240.0,259.92,295.44
2026-06,2026-06-01,21,Potatoes,Potatoes,Potatoes,Vegetables,1 Kg,45.06,2026-06_Annexure1.xlsx,79.69,65.26,35.83,40.0,43.11,35.2,38.83,46.84,28.23,55.5,46.13,40.0,42.59,50.87,31.98,42.23,74.91
2026-06,2026-06-01,22,Onions,Onions,Onions,Vegetables,1 Kg,90.5,2026-06_Annexure1.xlsx,120.08,108.51,106.27,100.0,96.99,89.63,83.2,95.02,82.83,85.97,88.81,80.0,72.85,97.65,80.0,84.02,79.61
2026-06,2026-06-01,23,Tomatoes,Tomatoes,Tomatoes,Vegetables,1 Kg,96.24,2026-06_Annexure1.xlsx,121.03,116.19,96.55,83.2,89.12,87.83,112.12,107.27,98.08,109.0,104.28,86.18,85.37,83.11,72.68,120.62,82.01
2026-06,2026-06-01,24,Sugar Refined,Sugar Refined,,Sugar & Sweeteners,1 Kg,149.32,2026-06_Annexure1.xlsx,150.0,150.0,150.0,150.0,150.0,150.0,150.0,149.21,141.65,151.33,148.31,144.0,148.31,153.26,145.0,152.99,154.95
2026-06,2026-06-01,25,Gur (Average Quality),Gur (Average Quality),,Sugar & Sweeteners,1 Kg,225.56,2026-06_Annexure1.xlsx,267.97,255.93,220.0,190.0,231.63,213.12,199.94,241.04,169.8,262.58,244.95,200.0,183.27,256.5,230.0,254.97,246.62
2026-06,2026-06-01,26,Salt Powdered (NATIONAL/SHAN) 800 gm Packet,Salt Powdered (NATIONAL/SHAN) 800 gm Packet,,Condiments & Spices,Each,62.77,2026-06_Annexure1.xlsx,60.0,60.0,60.0,70.0,60.0,66.49,60.0,60.0,63.16,66.24,63.16,60.0,70.0,60.0,60.0,60.0,70.0
2026-06,2026-06-01,27,Chilies Powder NATIONAL 200 gm Packet,Chilies Powder NATIONAL 200 gm Packet,,Condiments & Spices,Each,368.65,2026-06_Annexure1.xlsx,380.0,380.0,380.0,380.0,380.0,380.0,380.0,380.0,380.0,380.0,380.0,380.0,320.0,380.0,320.0,380.0,320.0
2026-06,2026-06-01,28,Garlic (Lehsun),Garlic (Lehsun),,Vegetables,1 Kg,364.44,2026-06_Annexure1.xlsx,441.68,442.96,363.42,325.9,333.91,376.1,306.52,342.0,299.05,397.03,338.78,300.0,273.55,371.83,430.89,364.6,600.0
2026-06,2026-06-01,29,Tea Lipton Yellow Label 190 gm Packet,Tea Lipton Yellow Label 190 gm Packet,,Beverages,Each,447.06,2026-06_Annexure1.xlsx,447.06,447.05,447.05,447.05,447.06,447.5,447.0,447.05,447.0,447.06,447.06,447.05,447.05,447.0,447.0,447.0,447.05
2026-06,2026-06-01,30,Cooked Beef at Average Hotel,Cooked Beef at Average Hotel,,Food Away from Home,Per Plate,321.04,2026-06_Annexure1.xlsx,354.07,334.26,450.0,350.0,317.94,315.82,300.0,325.91,309.68,373.12,327.35,200.0,265.66,300.0,300.0,359.91,343.2
2026-06,2026-06-01,31,Cooked Daal at Average Hotel,Cooked Daal at Average Hotel,,Food Away from Home,Per Plate,173.23,2026-06_Annexure1.xlsx,241.4,220.86,150.0,190.0,194.15,186.43,150.0,141.08,173.27,184.29,177.45,160.0,150.0,151.08,130.0,189.82,193.1
2026-06,2026-06-01,32,Tea Prepared Ordinary,Tea Prepared Ordinary,,Food Away from Home,Per Cup,64.8,2026-06_Annexure1.xlsx,73.19,69.9,70.0,50.0,66.49,63.16,63.16,80.0,50.0,70.0,71.76,70.0,76.52,54.22,56.46,80.0,50.0
2026-06,2026-06-01,33,Cigarettes Capstan 20'S Packet,Cigarettes Capstan 20'S Packet,,Tobacco,Each,250.69,2026-06_Annexure1.xlsx,250.0,250.0,250.0,250.0,270.0,250.0,240.0,250.0,240.0,250.5,253.29,253.29,240.0,263.16,253.29,250.0,250.0
2026-06,2026-06-01,34,"Long Cloth 57"" Gul Ahmed/Al Karam","Long Cloth 57"" Gul Ahmed/Al Karam",,Textiles & Apparel,1 mtr,686.71,2026-06_Annexure1.xlsx,773.97,774.35,700.0,700.0,809.51,659.85,700.0,800.0,793.28,732.95,606.59,500.0,646.33,800.0,700.0,748.89,400.0
2026-06,2026-06-01,35,Shirting (Average Quality),Shirting (Average Quality),,Textiles & Apparel,1 mtr,537.84,2026-06_Annexure1.xlsx,709.08,676.95,600.0,550.0,460.76,866.35,701.1,520.7,586.59,641.1,603.23,350.0,482.74,700.0,476.22,239.86,372.77
2026-06,2026-06-01,36,Lawn Printed Gul Ahmed/Al Karam,Lawn Printed Gul Ahmed/Al Karam,,Textiles & Apparel,1 mtr,679.29,2026-06_Annexure1.xlsx,662.12,634.78,748.0,700.0,799.76,666.26,714.0,793.93,818.89,722.3,589.57,550.0,632.89,888.64,650.0,748.89,400.0
2026-06,2026-06-01,37,Georgette (Average Quality),Georgette (Average Quality),,Textiles & Apparel,1 mtr,317.94,2026-06_Annexure1.xlsx,424.51,422.27,250.0,300.0,422.35,350.0,400.0,327.54,300.0,387.9,311.51,206.46,382.59,300.0,250.0,219.62,282.31
2026-06,2026-06-01,38,Gents Sandal Bata,Gents Sandal Bata,,Footwear,Pair,2499.0,2026-06_Annexure1.xlsx,2499.0,2499.0,2499.0,2499.0,2499.0,2499.0,2499.0,2499.0,2499.0,2499.0,2499.0,2499.0,2499.0,2499.0,2499.0,2499.0,2499.0
2026-06,2026-06-01,39,Gents Sponge Chappal Bata,Gents Sponge Chappal Bata,,Footwear,Pair,699.0,2026-06_Annexure1.xlsx,699.0,699.0,699.0,699.0,699.0,699.0,699.0,699.0,699.0,699.0,699.0,699.0,699.0,699.0,699.0,699.0,699.0
2026-06,2026-06-01,40,Ladies Sandal Bata,Ladies Sandal Bata,,Footwear,Pair,1499.0,2026-06_Annexure1.xlsx,1499.0,1499.0,1499.0,1499.0,1499.0,1499.0,1499.0,1499.0,1499.0,1499.0,1499.0,1499.0,1499.0,1499.0,1499.0,1499.0,1499.0
2026-06,2026-06-01,41,Electricity Charges upto 50 Units,Electricity Charges upto 50 Units,,Energy & Utilities,Per Unit,6.95,2026-06_Annexure1.xlsx,6.95,6.95,6.95,6.95,6.95,6.95,6.95,6.95,6.95,6.95,6.95,6.95,6.95,6.95,6.95,6.95,6.95
2026-06,2026-06-01,42,Gas Charges upto 3.3719 MMBTU,Gas Charges upto 3.3719 MMBTU,,Energy & Utilities,MMBTU,2566.5,2026-06_Annexure1.xlsx,2566.5,2566.5,2566.5,2566.5,2566.5,2566.5,2566.5,2566.5,2566.5,2566.5,2566.5,2566.5,2566.5,2566.5,2566.5,2566.5,2566.5
2026-06,2026-06-01,43,Firewood Whole,Firewood Whole,,Energy & Utilities,40 Kg,1490.36,2026-06_Annexure1.xlsx,2139.27,1762.08,1900.0,1600.0,1899.43,1800.0,1250.0,1708.23,1632.66,1389.31,1483.14,1132.37,1383.13,1343.28,965.49,1449.43,1065.6
2026-06,2026-06-01,44,Energy Saver Philips 14 Watt,Energy Saver Philips 14 Watt,,Household Goods,Each,402.11,2026-06_Annexure1.xlsx,276.63,260.4,550.0,575.0,550.0,400.0,550.0,575.0,272.7,350.0,450.0,350.0,370.0,350.0,300.0,350.0,580.0
2026-06,2026-06-01,45,Sufi Washing Soap 250 gm Cake,Sufi Washing Soap 250 gm Cake,,Personal & Household Care,Each,139.03,2026-06_Annexure1.xlsx,150.81,153.26,133.25,130.0,150.0,140.0,146.65,133.0,140.0,136.79,130.0,138.0,139.33,148.31,130.0,143.26,125.0
2026-06,2026-06-01,46,Match Box,Match Box,,Household Goods,Each,6.24,2026-06_Annexure1.xlsx,6.0,6.0,7.0,5.0,6.32,7.0,6.0,7.0,7.0,7.0,6.59,6.0,7.0,7.0,5.0,5.97,5.0
2026-06,2026-06-01,47,Petrol Super,Petrol Super,,Fuel & Transport,Per Litre,379.74,2026-06_Annexure1.xlsx,379.27,379.17,380.01,379.85,377.77,379.14,381.12,379.46,381.37,379.14,381.54,379.17,380.47,379.12,380.69,379.16,379.16
2026-06,2026-06-01,48,Hi-Speed Diesel,Hi-Speed Diesel,,Fuel & Transport,Per Litre,382.1,2026-06_Annexure1.xlsx,381.62,381.52,382.37,381.85,380.11,381.51,383.5,381.82,383.73,381.5,383.92,381.93,382.85,381.5,383.03,381.5,381.51
2026-06,2026-06-01,49,LPG 11.67 kg Cylinder,LPG 11.67 kg Cylinder,,Energy & Utilities,Each,5139.05,2026-06_Annexure1.xlsx,5541.62,5379.78,5490.83,5498.94,5406.9,5394.45,4848.74,5275.44,4865.76,4962.03,5095.6,5011.94,4897.15,5277.19,5055.57,4898.64,4588.87
2026-06,2026-06-01,50,Telephone Call Charges,Telephone Call Charges,,Communication,Per Minute,1.79,2026-06_Annexure1.xlsx,1.79,1.79,1.79,1.79,1.79,1.79,1.79,1.79,1.79,1.79,1.79,1.79,1.79,1.79,1.79,1.79,1.79
2026-06,2026-06-01,51,Toilet Soap LIFEBUOY 115 gm,Toilet Soap LIFEBUOY 115 gm,,Personal & Household Care,Each,116.34,2026-06_Annexure1.xlsx,117.34,117.34,117.34,117.0,116.17,116.17,117.34,116.17,116.17,116.18,116.17,116.17,118.6,116.87,116.87,116.17,110.0
2026-07,2026-07-01,1,Wheat Flour Bag,Wheat Flour Bag,,Cereals & Grains,20 Kg,2581.31,2026-07_Annexure1.xlsx,2873.52,2763.66,2513.76,2473.51,2247.85,2327.95,2285.42,2396.43,2607.6,2766.6,2757.18,2507.66,2494.63,2830.08,2735.39,2773.92,2652.38
2026-07,2026-07-01,2,Rice Basmati Broken (Average Quality),Rice Basmati Broken (Average Quality),,Cereals & Grains,1 Kg,217.26,2026-07_Annexure1.xlsx,274.83,270.58,180.0,190.0,224.41,233.14,156.59,193.1,203.11,278.89,213.12,200.0,236.62,222.18,146.59,289.93,246.62
2026-07,2026-07-01,3,Rice IRRI-6/9 (Sindh/Punjab),Rice IRRI-6/9 (Sindh/Punjab),,Cereals & Grains,1 Kg,154.92,2026-07_Annexure1.xlsx,178.64,164.27,,,,160.0,186.61,140.92,196.61,173.5,123.24,135.91,116.57,128.62,166.6,169.88,153.26
2026-07,2026-07-01,4,Bread plain (Small Size),Bread plain (Small Size),,Bakery & Confectionery,Each,119.27,2026-07_Annexure1.xlsx,120.0,120.0,120.0,130.0,127.94,120.0,100.0,120.0,110.0,130.0,130.0,130.0,116.57,120.0,100.0,130.0,110.0
2026-07,2026-07-01,5,Beef with Bone (Average Quality),Beef with Bone (Average Quality),,Meat & Poultry,1 Kg,1256.97,2026-07_Annexure1.xlsx,1487.07,1492.17,1200.0,1279.35,1231.32,1343.62,1166.43,1299.79,1116.42,1437.1,1236.88,1200.0,1232.45,1257.63,1032.28,1249.33,1200.0
2026-07,2026-07-01,6,Mutton (Average Quality),Mutton (Average Quality),,Meat & Poultry,1 Kg,2373.21,2026-07_Annexure1.xlsx,2837.27,2786.4,2600.0,2479.67,2928.23,2344.95,2183.21,2404.92,2266.17,2447.57,2392.26,2000.0,2131.2,2283.33,1800.0,2348.05,2395.71
2026-07,2026-07-01,7,Chicken Farm Broiler (Live),Chicken Farm Broiler (Live),,Meat & Poultry,1 Kg,344.99,2026-07_Annexure1.xlsx,362.84,363.85,331.62,331.74,319.92,360.94,352.36,335.02,305.88,329.8,312.9,334.71,315.85,360.32,372.13,367.56,426.71
2026-07,2026-07-01,8,Milk fresh (Un-boiled),Milk fresh (Un-boiled),,Dairy & Eggs,1 Ltr,217.29,2026-07_Annexure1.xlsx,250.03,241.25,220.0,207.34,212.32,206.46,176.6,205.05,181.27,240.0,230.0,200.0,243.29,262.24,193.1,220.0,226.47
2026-07,2026-07-01,9,Curd (Dahi) Loose,Curd (Dahi) Loose,,Dairy & Eggs,1 Kg,253.06,2026-07_Annexure1.xlsx,272.37,266.4,240.0,216.28,252.8,240.0,222.62,251.95,220.0,364.06,324.89,240.0,286.51,277.44,213.12,226.47,233.14
2026-07,2026-07-01,10,Powdered Milk NIDO 390 gm Polybag,Powdered Milk NIDO 390 gm Polybag,,Dairy & Eggs,Each,1154.86,2026-07_Annexure1.xlsx,1180.77,1176.63,1153.28,1200.0,1170.0,1170.0,1153.32,1144.0,1130.0,1145.7,1168.31,1150.0,1100.0,1155.45,1100.0,1170.0,1170.0
2026-07,2026-07-01,11,Eggs Hen (Farm),Eggs Hen (Farm),,Dairy & Eggs,1 Dozen,245.71,2026-07_Annexure1.xlsx,251.19,251.45,242.64,253.64,244.37,244.37,244.18,236.21,230.07,250.62,235.0,247.81,248.4,258.23,237.5,245.96,257.42
2026-07,2026-07-01,12,Mustard Oil (Average Quality),Mustard Oil (Average Quality),,Oils & Fats,1 Kg,550.43,2026-07_Annexure1.xlsx,686.46,659.3,500.0,550.0,556.61,560.0,489.23,572.17,570.0,565.33,484.76,443.79,482.62,638.65,470.0,597.23,600.0
2026-07,2026-07-01,13,"Cooking Oil DALDA or Other Similar Brand (SN), 5 Litre Tin","Cooking Oil DALDA or Other Similar Brand (SN), 5 Litre Tin",,Oils & Fats,Each,3066.53,2026-07_Annexure1.xlsx,3079.98,3079.98,3074.98,3069.98,3065.0,3065.0,3065.0,3065.0,3109.0,3054.56,3060.99,3020.0,3110.0,3055.95,3100.0,3065.0,2992.79
2026-07,2026-07-01,14,Vegetable Ghee DALDA/HABIB 2.5 kg Tin,Vegetable Ghee DALDA/HABIB 2.5 kg Tin,,Oils & Fats,Each,1550.55,2026-07_Annexure1.xlsx,1570.98,1570.98,1565.0,1547.92,1561.4,1565.0,1565.0,1565.0,1515.0,1565.0,1565.0,1540.0,1515.67,1559.97,1500.0,1567.99,1522.16
2026-07,2026-07-01,15,Vegetable Ghee DALDA/HABIB or Other superior Quality 1 kg Pouch,Vegetable Ghee DALDA/HABIB or Other superior Quality 1 kg Pouch,,Oils & Fats,Each,606.13,2026-07_Annexure1.xlsx,610.0,610.0,612.0,611.0,610.85,610.0,612.0,610.0,598.61,610.09,610.0,601.92,596.53,607.99,590.0,612.0,592.0
2026-07,2026-07-01,16,Bananas (Kela) Local,Bananas (Kela) Local,,Fruits,1 Dozen,190.11,2026-07_Annexure1.xlsx,291.47,263.87,200.0,228.65,209.49,200.0,186.43,233.54,222.4,161.7,128.87,146.0,131.21,220.46,202.56,145.07,150.0
2026-07,2026-07-01,17,Pulse Masoor (Washed),Pulse Masoor (Washed),Pulse Masoor (Washed),Pulses & Legumes,1 Kg,257.64,2026-07_Annexure1.xlsx,293.87,293.87,221.96,240.0,239.14,249.1,253.29,314.37,235.66,260.77,245.93,223.86,280.0,246.53,240.0,287.69,275.89
2026-07,2026-07-01,18,Pulse Moong (Washed),Pulse Moong (Washed),Pulse Moong (Washed),Pulses & Legumes,1 Kg,368.16,2026-07_Annexure1.xlsx,403.46,386.41,283.89,381.87,351.72,346.54,328.36,391.01,307.17,380.02,399.49,415.92,407.76,355.62,327.85,433.83,396.42
2026-07,2026-07-01,19,Pulse Mash (Washed),Pulse Mash (Washed),Pulse Mash (Washed),Pulses & Legumes,1 Kg,453.55,2026-07_Annexure1.xlsx,512.99,493.88,425.26,450.0,477.69,426.24,473.31,488.7,379.73,445.49,406.4,457.98,464.14,463.43,440.0,455.88,468.8
2026-07,2026-07-01,20,Pulse Gram,Pulse Gram,Pulse Gram,Pulses & Legumes,1 Kg,246.04,2026-07_Annexure1.xlsx,284.26,281.01,217.09,220.0,235.13,216.47,243.29,245.51,213.12,254.32,242.26,250.0,270.48,255.81,230.0,249.84,293.18
2026-07,2026-07-01,21,Potatoes,Potatoes,Potatoes,Vegetables,1 Kg,54.98,2026-07_Annexure1.xlsx,79.69,65.03,60.0,60.63,54.84,57.15,55.69,61.74,52.11,57.55,49.03,40.0,43.09,57.39,33.02,49.52,79.29
2026-07,2026-07-01,22,Onions,Onions,Onions,Vegetables,1 Kg,101.81,2026-07_Annexure1.xlsx,130.89,128.87,118.11,102.58,117.08,100.0,95.2,102.53,102.24,95.2,104.22,83.65,76.38,119.19,95.64,89.88,87.47
2026-07,2026-07-01,23,Tomatoes,Tomatoes,Tomatoes,Vegetables,1 Kg,264.13,2026-07_Annexure1.xlsx,319.17,313.36,299.73,299.26,281.86,278.85,277.0,266.58,278.42,265.84,266.74,230.31,218.75,287.03,249.28,201.6,198.45
2026-07,2026-07-01,24,Sugar Refined,Sugar Refined,,Sugar & Sweeteners,1 Kg,148.5,2026-07_Annexure1.xlsx,150.0,150.0,150.0,150.0,150.38,150.0,146.98,149.78,141.65,150.22,144.92,140.0,147.98,153.26,145.0,151.09,153.93
2026-07,2026-07-01,25,Gur (Average Quality),Gur (Average Quality),,Sugar & Sweeteners,1 Kg,227.9,2026-07_Annexure1.xlsx,267.97,255.93,220.0,210.0,238.02,215.73,214.81,241.04,169.8,263.64,244.95,200.0,183.27,256.5,230.0,244.97,246.62
2026-07,2026-07-01,26,Salt Powdered (NATIONAL/SHAN) 800 gm Packet,Salt Powdered (NATIONAL/SHAN) 800 gm Packet,,Condiments & Spices,Each,62.37,2026-07_Annexure1.xlsx,60.0,60.0,60.0,70.0,60.0,60.0,60.0,60.0,63.16,65.85,63.16,60.0,70.0,60.0,60.0,60.0,70.0
2026-07,2026-07-01,27,Chilies Powder NATIONAL 200 gm Packet,Chilies Powder NATIONAL 200 gm Packet,,Condiments & Spices,Each,368.65,2026-07_Annexure1.xlsx,380.0,380.0,380.0,380.0,380.0,380.0,380.0,380.0,380.0,380.0,380.0,380.0,320.0,380.0,320.0,380.0,320.0
2026-07,2026-07-01,28,Garlic (Lehsun),Garlic (Lehsun),,Vegetables,1 Kg,364.19,2026-07_Annexure1.xlsx,428.58,411.15,374.8,296.7,347.79,300.0,369.33,378.1,317.44,401.48,318.99,300.0,246.7,387.78,557.8,312.82,600.0
2026-07,2026-07-01,29,Tea Lipton Yellow Label 190 gm Packet,Tea Lipton Yellow Label 190 gm Packet,,Beverages,Each,452.59,2026-07_Annexure1.xlsx,460.34,460.33,455.86,447.05,460.34,447.5,447.0,460.33,447.0,453.32,447.06,460.33,447.05,455.83,447.0,451.32,447.05
2026-07,2026-07-01,30,Cooked Beef at Average Hotel,Cooked Beef at Average Hotel,,Food Away from Home,Per Plate,321.66,2026-07_Annexure1.xlsx,354.07,334.66,450.0,350.0,317.94,315.82,300.0,325.91,309.68,373.12,329.7,200.0,272.2,300.0,300.0,359.91,343.2
2026-07,2026-07-01,31,Cooked Daal at Average Hotel,Cooked Daal at Average Hotel,,Food Away from Home,Per Plate,174.52,2026-07_Annexure1.xlsx,241.4,220.86,150.0,190.0,194.15,186.43,150.0,152.49,173.27,184.29,177.45,160.0,157.47,151.08,130.0,189.82,193.1
2026-07,2026-07-01,32,Tea Prepared Ordinary,Tea Prepared Ordinary,,Food Away from Home,Per Cup,65.17,2026-07_Annexure1.xlsx,73.19,69.9,70.0,50.0,69.36,63.16,65.81,80.0,50.0,70.34,72.38,70.0,76.52,54.22,56.46,80.0,50.0
2026-07,2026-07-01,33,Cigarettes Capstan 20'S Packet,Cigarettes Capstan 20'S Packet,,Tobacco,Each,252.06,2026-07_Annexure1.xlsx,250.0,250.0,250.0,260.0,270.0,250.0,240.0,250.0,240.0,250.89,253.29,260.0,240.0,270.0,253.29,250.0,250.0
2026-07,2026-07-01,34,"Long Cloth 57"" Gul Ahmed/Al Karam","Long Cloth 57"" Gul Ahmed/Al Karam",,Textiles & Apparel,1 mtr,688.69,2026-07_Annexure1.xlsx,773.97,774.35,700.0,700.0,850.0,659.85,700.0,800.0,793.28,732.95,606.59,500.0,646.33,800.0,700.0,748.89,400.0
2026-07,2026-07-01,35,Shirting (Average Quality),Shirting (Average Quality),,Textiles & Apparel,1 mtr,544.51,2026-07_Annexure1.xlsx,724.24,691.63,600.0,550.0,464.01,866.35,750.0,520.7,586.59,646.99,603.23,350.0,482.74,760.83,476.22,239.86,372.77
2026-07,2026-07-01,36,Lawn Printed Gul Ahmed/Al Karam,Lawn Printed Gul Ahmed/Al Karam,,Textiles & Apparel,1 mtr,680.92,2026-07_Annexure1.xlsx,662.12,634.78,748.0,700.0,830.51,666.26,714.0,793.93,818.89,722.3,591.31,550.0,632.89,888.64,650.0,748.89,400.0
2026-07,2026-07-01,37,Georgette (Average Quality),Georgette (Average Quality),,Textiles & Apparel,1 mtr,318.06,2026-07_Annexure1.xlsx,424.51,422.27,250.0,300.0,424.98,350.0,400.0,327.54,300.0,387.9,311.51,206.46,382.59,300.0,250.0,219.62,282.31
2026-07,2026-07-01,38,Gents Sandal Bata,Gents Sandal Bata,,Footwear,Pair,2499.0,2026-07_Annexure1.xlsx,2499.0,2499.0,2499.0,2499.0,2499.0,2499.0,2499.0,2499.0,2499.0,2499.0,2499.0,2499.0,2499.0,2499.0,2499.0,2499.0,2499.0
2026-07,2026-07-01,39,Gents Sponge Chappal Bata,Gents Sponge Chappal Bata,,Footwear,Pair,699.0,2026-07_Annexure1.xlsx,699.0,699.0,699.0,699.0,699.0,699.0,699.0,699.0,699.0,699.0,699.0,699.0,699.0,699.0,699.0,699.0,699.0
2026-07,2026-07-01,40,Ladies Sandal Bata,Ladies Sandal Bata,,Footwear,Pair,1499.0,2026-07_Annexure1.xlsx,1499.0,1499.0,1499.0,1499.0,1499.0,1499.0,1499.0,1499.0,1499.0,1499.0,1499.0,1499.0,1499.0,1499.0,1499.0,1499.0,1499.0
2026-07,2026-07-01,41,Electricity Charges upto 50 Units,Electricity Charges upto 50 Units,,Energy & Utilities,Per Unit,6.82,2026-07_Annexure1.xlsx,6.82,6.82,6.82,6.82,6.82,6.82,6.82,6.82,6.82,6.82,6.82,6.82,6.82,6.82,6.82,6.82,6.82
2026-07,2026-07-01,42,Gas Charges upto 3.3719 MMBTU,Gas Charges upto 3.3719 MMBTU,,Energy & Utilities,MMBTU,2566.5,2026-07_Annexure1.xlsx,2566.5,2566.5,2566.5,2566.5,2566.5,2566.5,2566.5,2566.5,2566.5,2566.5,2566.5,2566.5,2566.5,2566.5,2566.5,2566.5,2566.5
2026-07,2026-07-01,43,Firewood Whole,Firewood Whole,,Energy & Utilities,40 Kg,1493.55,2026-07_Annexure1.xlsx,2139.27,1762.08,1919.59,1600.0,1899.43,1800.0,1282.99,1708.23,1632.66,1389.31,1483.14,1132.37,1383.13,1343.28,965.49,1449.43,1065.6
2026-07,2026-07-01,44,Energy Saver Philips 14 Watt,Energy Saver Philips 14 Watt,,Household Goods,Each,402.11,2026-07_Annexure1.xlsx,276.63,260.4,550.0,575.0,550.0,400.0,550.0,575.0,272.7,350.0,450.0,350.0,370.0,350.0,300.0,350.0,580.0
2026-07,2026-07-01,45,Sufi Washing Soap 250 gm Cake,Sufi Washing Soap 250 gm Cake,,Personal & Household Care,Each,141.62,2026-07_Annexure1.xlsx,150.81,153.26,141.3,130.0,150.0,140.0,150.0,133.0,140.0,141.12,137.94,138.0,139.33,148.31,130.0,150.0,137.5
2026-07,2026-07-01,46,Match Box,Match Box,,Household Goods,Each,6.31,2026-07_Annexure1.xlsx,6.0,6.0,7.0,6.0,6.32,7.0,6.0,7.0,7.0,7.0,6.65,6.0,7.0,7.0,5.0,5.97,5.0
2026-07,2026-07-01,47,Petrol Super,Petrol Super,,Fuel & Transport,Per Litre,315.49,2026-07_Annexure1.xlsx,314.99,314.92,315.7,316.06,313.69,314.88,316.68,315.27,316.72,314.88,317.06,315.04,316.01,314.87,316.28,315.28,315.1
2026-07,2026-07-01,48,Hi-Speed Diesel,Hi-Speed Diesel,,Fuel & Transport,Per Litre,342.1,2026-07_Annexure1.xlsx,341.68,341.62,342.42,341.88,340.4,341.58,343.38,341.87,343.25,341.58,343.75,341.71,342.66,341.57,343.02,341.65,341.63
2026-07,2026-07-01,49,LPG 11.67 kg Cylinder,LPG 11.67 kg Cylinder,,Energy & Utilities,Each,4424.5,2026-07_Annexure1.xlsx,4772.89,4704.65,4698.93,4751.5,4497.13,4612.55,4206.23,4356.23,4094.8,4114.11,4407.7,4216.03,4129.86,4430.17,4240.79,4833.19,4265.84
2026-07,2026-07-01,50,Telephone Call Charges,Telephone Call Charges,,Communication,Per Minute,1.79,2026-07_Annexure1.xlsx,1.79,1.79,1.79,1.79,1.79,1.79,1.79,1.79,1.79,1.79,1.79,1.79,1.79,1.79,1.79,1.79,1.79
2026-07,2026-07-01,51,Toilet Soap LIFEBUOY 115 gm,Toilet Soap LIFEBUOY 115 gm,,Personal & Household Care,Each,117.15,2026-07_Annexure1.xlsx,120.86,120.86,117.34,117.0,116.17,116.17,118.11,116.17,116.17,119.9,116.17,116.17,118.6,119.22,116.87,116.17,110.0
